targetname,datetime_str,datetime_jd,M1,solar_presence,k1,lunar_presence,RA,DEC,RA_app,DEC_app,RA_rate,DEC_rate,AZ,EL,AZ_rate,EL_rate,sat_X,sat_Y,sat_PANG,siderealtime,airmass,magextinct,Tmag,Nmag,illumination,illum_defect,sat_sep,sat_vis,ang_width,PDObsLon,PDObsLat,PDSunLon,PDSunLat,SubSol_ang,SubSol_dist,NPole_ang,NPole_dist,EclLon,EclLat,r,r_rate,delta,delta_rate,lighttime,vel_sun,vel_obs,elong,elongFlag,alpha,lunar_elong,lunar_illum,sat_alpha,sunTargetPA,velocityPA,OrbPlaneAng,constellation,TDB-UT,ObsEclLon,ObsEclLat,NPole_RA,NPole_DEC,GlxLon,GlxLat,solartime,earth_lighttime,RA_3sigma,DEC_3sigma,SMAA_3sigma,SMIA_3sigma,Theta_3sigma,Area_3sigma,RSS_3sigma,r_3sigma,r_rate_3sigma,SBand_3sigma,XBand_3sigma,DoppDelay_3sigma,true_anom,hour_angle,alpha_true,PABLon,PABLat
ATLAS (C/2025 N1),2025-Jul-01 00:00,2460857.5,12.5,,4.5,,271.97745,-18.69705,272.35887,-18.69391,-72.4868,1.454139,,,,,569849.37,-150467.74,60.63,,999,,18.17,,99.97148,,617040.9,*,,,,,,302.19,0.0,,,273.501,3.6727,4.514548234928,-57.7309792,3.50681228703009,-53.4606233,29.16526845,61.2730046,74.0423215,171.4003,/T,1.9305,103.1,32.7636,6.9746,122.308,94.813,-0.97139,Sgr,69.184127,272.2419891,4.7260919,,,11.412002,0.738903,,0.0,0.052,0.033,0.052,0.033,2.486,0.0053971,0.062,1131.3478,0.0001536,2.3,8.36,0.007548,280.7491,,1.9351,272.6927,4.2014
ATLAS (C/2025 N1),2025-Jul-02 00:00,2460858.5,12.5,,4.5,,271.46309,-18.68546,271.84449,-18.68361,-73.6637,1.635953,,,,,565021.481,-150175.07,65.543,,999,,18.137,,99.96218,,612562.9,*,,,,,,297.83,0.0,,,273.3493,3.6813,4.481208306636,-57.7017583,3.47619039215582,-52.5589244,28.91059392,61.2968482,73.6591619,170.1564,/T,2.2237,90.4,42.2997,7.939,117.954,94.903,-0.96254,Sgr,69.1841,271.7532646,4.7435275,,,11.184757,1.170089,,0.0,0.05,0.033,0.05,0.033,2.382,0.0051437,0.06,1119.5914,0.0001532,2.3,8.36,0.007469,280.9008,,2.2285,272.3727,4.2145
ATLAS (C/2025 N1),2025-Jul-03 00:00,2460859.5,12.5,,4.5,,270.94053,-18.67261,271.32189,-18.67206,-74.8313,1.82695,,,,,560191.972,-149853.77,69.44,,999,,18.103,,99.95098,,607889.0,*,,,,,,294.48,0.0,,,273.1953,3.6899,4.447885602921,-57.6716864,3.44609154544836,-51.6498142,28.66026945,61.3210273,73.2728493,168.858,/T,2.5325,78.1,51.929,8.9379,114.613,94.998,-0.95311,Sgr,69.184072,271.2566367,4.7605337,,,10.953465,1.60803,,0.0,0.048,0.032,0.048,0.032,2.272,0.0048963,0.058,1107.8527,0.0001528,2.3,8.37,0.007391,281.0547,,2.5374,272.0475,4.2276
ATLAS (C/2025 N1),2025-Jul-04 00:00,2460860.5,12.5,,4.5,,270.40982,-18.65843,270.79115,-18.6592,-75.9885,2.02714,,,,,555360.177,-149503.76,72.609,,999,,18.07,,99.93778,,603070.8,*,,,,,,291.86,0.0,,,273.039,3.6986,4.414580624178,-57.6407352,3.41651992613645,-50.7336475,28.41432979,61.3455486,72.8834746,167.5197,/T,2.8537,65.8,61.3532,9.9617,111.999,95.096,-0.9431,Sgr,69.184045,270.7521722,4.7770857,,,10.718121,2.05266,,0.0,0.046,0.032,0.046,0.032,2.154,0.0046557,0.056,1096.1321,0.0001524,2.3,8.37,0.007313,281.2109,,2.8587,271.7173,4.2405
ATLAS (C/2025 N1),2025-Jul-05 00:00,2460861.5,12.5,,4.5,,269.87107,-18.64287,270.25235,-18.64498,-77.1339,2.236506,,,,,550525.428,-149124.97,75.244,,999,,18.037,,99.92251,,598141.6,*,,,,,,289.78,0.0,,,272.8803,3.7074,4.381293887382,-57.6088754,3.38747950582956,-49.8107887,28.17280798,61.3704191,72.4911183,166.1504,/T,3.1852,53.7,70.3056,11.0043,109.918,95.198,-0.93251,Sgr,69.184017,270.2399451,4.7931582,,,10.478719,2.503905,,0.0,0.044,0.032,0.044,0.032,2.024,0.0044229,0.055,1084.4298,0.000152,2.31,8.38,0.007235,281.3695,,3.1903,271.3819,4.2533
ATLAS (C/2025 N1),2025-Jul-06 00:00,2460862.5,12.5,,4.5,,269.32436,-18.62586,269.7056,-18.62932,-78.2661,2.455004,,,,,545687.058,-148717.33,77.48,,999,,18.003,,99.90509,,593123.7,*,,,,,,288.1,0.0,,,272.7192,3.7164,4.348025926739,-57.5760766,3.35897404226567,-48.8816137,27.93573526,61.3956458,72.0958532,164.7566,/T,3.5256,41.7,78.5329,12.0614,108.237,95.303,-0.92133,Sgr,69.183989,269.7200369,4.8087258,,,10.235255,2.961684,,0.0,0.043,0.031,0.043,0.031,1.88,0.0041991,0.053,1072.7462,0.0001515,2.31,8.39,0.007157,281.5306,,3.5308,271.0416,4.2659
ATLAS (C/2025 N1),2025-Jul-07 00:00,2460863.5,12.5,,4.5,,268.7698,-18.60734,269.15099,-18.61218,-79.3837,2.68256,,,,,540844.405,-148280.79,79.408,,999,,17.97,,99.88545,,588032.3,*,,,,,,286.72,0.0,,,272.5556,3.7254,4.314777294361,-57.5423069,3.33100707316793,-47.9465078,27.70314108,61.4212361,71.6977447,163.3423,/T,3.8739,29.8,85.7813,13.1303,106.861,95.412,-0.90956,Sgr,69.183962,269.1925369,4.8237628,,,9.987727,3.425907,,0.0,0.041,0.031,0.041,0.031,1.714,0.0039852,0.051,1061.082,0.0001511,2.31,8.4,0.007079,281.6941,,3.879,270.6962,4.2783
ATLAS (C/2025 N1),2025-Jul-08 00:00,2460864.5,12.5,,4.5,,268.2075,-18.58726,268.58865,-18.5935,-80.4852,2.919071,,,,,535996.815,-147815.29,81.098,,999,,17.937,,99.86352,,582878.3,*,,,,,,285.58,0.0,,,272.3894,3.7346,4.281548560976,-57.5075336,3.30358191133282,-47.0058639,27.47505296,61.4471974,71.2968487,161.9106,/T,4.2293,18.4,91.7909,14.2089,105.723,95.525,-0.89719,Sgr,69.183934,268.6575416,4.8382435,,,9.736135,3.896473,,0.0,0.039,0.031,0.039,0.031,1.516,0.0037827,0.05,1049.4377,0.0001506,2.31,8.4,0.007001,281.8601,,4.2344,270.3457,4.2906
ATLAS (C/2025 N1),2025-Jul-09 00:00,2460865.5,12.5,,4.5,,267.63758,-18.56555,268.01868,-18.57321,-81.5692,3.164398,,,,,531143.649,-147320.81,82.598,,999,,17.904,,99.83921,,577669.7,*,,,,,,284.63,0.0,,,272.2207,3.7438,4.248340316668,-57.4717222,3.27670164136078,-46.0600787,27.25149657,61.4735374,70.8932079,160.4638,/T,4.591,10.3,96.2988,15.2957,104.775,95.641,-0.88422,Sgr,69.183906,268.1151556,4.8521418,,,9.480479,4.373274,,0.0,0.038,0.03,0.038,0.03,1.272,0.0035926,0.048,1037.8142,0.0001502,2.31,8.41,0.006924,282.0288,,4.5961,269.9903,4.3027
ATLAS (C/2025 N1),2025-Jul-10 00:00,2460866.5,12.5,,4.5,,267.0602,-18.54216,267.44123,-18.55127,-82.6342,3.418366,,,,,526284.287,-146797.29,83.945,,999,,17.871,,99.81248,,572412.6,*,,,,,,283.83,0.0,,,272.0493,3.7532,4.215153171653,-57.4348373,3.25036911764915,-45.1095522,27.03249565,61.5002638,70.4868466,159.0035,/T,4.9588,14.2,99.0529,16.3899,103.979,95.76,-0.87064,Sgr,69.183878,267.5654917,4.8654317,,,9.220762,4.856192,,0.0,0.036,0.03,0.036,0.03,0.957,0.0034164,0.047,1026.2124,0.0001497,2.32,8.42,0.006846,282.2001,,4.9638,269.6299,4.3146
ATLAS (C/2025 N1),2025-Jul-11 00:00,2460867.5,12.5,,4.5,,266.47548,-18.51703,266.85644,-18.5276,-83.6786,3.680764,,,,,521418.13,-146244.71,85.166,,999,,17.839,,99.78324,,567111.5,*,,,,,,283.16,0.0,,,271.8751,3.7627,4.181987757093,-57.3968417,3.22458696244635,-44.1546887,26.818072,61.5273847,70.0777658,157.531,/T,5.332,25.4,99.8349,17.4904,103.308,95.883,-0.85645,Sgr,69.18385,267.0086716,4.878087,,,8.956988,5.3451,,0.0,0.035,0.03,0.035,0.03,0.535,0.0032554,0.046,1014.6334,0.0001492,2.32,8.43,0.006769,282.3741,,5.337,269.2646,4.3263
ATLAS (C/2025 N1),2025-Jul-12 00:00,2460868.5,12.5,,4.5,,265.88359,-18.4901,266.26445,-18.50217,-84.7008,3.951341,,,,,516544.608,-145663.04,86.283,,999,,17.806,,99.75146,,561770.1,*,,,,,,282.59,0.0,,,271.6982,3.7723,4.14884472594,-57.3576968,3.19935756207099,-43.1959018,26.60824548,61.5549084,69.6659399,156.0472,/T,5.7102,38.1,98.4886,18.5969,102.74,96.009,-0.84165,Sgr,69.183822,266.4448273,4.8900817,,,8.689163,5.839861,,0.0,0.034,0.03,0.034,0.03,-0.047,0.003111,0.045,1003.0786,0.0001488,2.32,8.43,0.006692,282.551,,5.7152,268.8944,4.3378
ATLAS (C/2025 N1),2025-Jul-13 00:00,2460869.5,12.5,,4.5,,265.2847,-18.46133,265.66543,-18.47491,-85.6991,4.229808,,,,,511663.189,-145052.25,87.312,,999,,17.774,,99.71706,,556391.3,*,,,,,,282.11,0.0,,,271.5184,3.782,4.115724753825,-57.3173625,3.17468305904699,-42.2336235,26.40303389,61.5828432,69.2513171,154.5531,/T,6.0933,51.4,94.9488,19.7089,102.258,96.139,-0.82624,Oph,69.183795,265.8741028,4.9013896,,,8.417295,6.340326,,0.0,0.032,0.029,0.032,0.029,-0.859,0.0029846,0.044,991.5493,0.0001483,2.32,8.44,0.006615,282.7306,,6.0982,268.5193,4.3491
ATLAS (C/2025 N1),2025-Jul-14 00:00,2460870.5,12.5,,4.5,,264.67899,-18.43066,265.05956,-18.44577,-86.6717,4.515834,,,,,506773.379,-144412.32,88.268,,999,,17.741,,99.68002,,550977.8,*,,,,,,281.7,0.0,,,271.3357,3.7919,4.082628539985,-57.275797,3.15056533810009,-41.2683165,26.20245293,61.611198,68.8338218,153.0494,/T,6.4807,65.1,89.2646,20.826,101.848,96.271,-0.81021,Oph,69.183767,265.296656,4.9119849,,,8.141395,6.846337,,0.0,0.032,0.029,0.032,0.029,-1.97,0.0028773,0.043,980.047,0.0001478,2.32,8.45,0.006538,282.9132,,6.4856,268.1394,4.3602
ATLAS (C/2025 N1),2025-Jul-15 00:00,2460871.5,12.5,,4.5,,264.06667,-18.39805,264.44705,-18.41469,-87.617,4.80905,,,,,501874.728,-143743.23,89.159,,999,,17.709,,99.64028,,545531.4,*,,,,,,281.35,0.0,,,271.1501,3.8018,4.049556808235,-57.2329568,3.12700600472356,-40.300487,26.00651592,61.6399815,68.4133629,151.5365,/T,6.8721,79.1,81.6109,21.948,101.501,96.406,-0.79357,Oph,69.18374,264.7126599,4.9218419,,,7.861476,7.357725,,0.0,0.031,0.029,0.031,0.029,-3.368,0.0027902,0.042,968.5736,0.0001472,2.33,8.46,0.006462,283.0987,,6.8769,267.7548,4.371
ATLAS (C/2025 N1),2025-Jul-16 00:00,2460872.5,12.5,,4.5,,263.44793,-18.36344,263.82809,-18.38163,-88.5329,5.109052,,,,,496966.835,-143044.98,89.996,,999,,17.677,,99.59782,,540054.3,*,,,,,,281.06,0.0,,,270.9613,3.8119,4.016510307979,-57.1887965,3.10400635613197,-39.3306978,25.81523368,61.6692028,67.9898432,150.0151,/T,7.2673,93.2,72.2899,23.0749,101.206,96.544,-0.7763,Oph,69.183712,264.1223031,4.9309352,,,7.577554,7.874309,,0.0,0.03,0.029,0.03,0.028,-4.845,0.0027238,0.042,957.1309,0.0001467,2.33,8.46,0.006385,283.2873,,7.272,267.3654,4.3815
ATLAS (C/2025 N1),2025-Jul-17 00:00,2460873.5,12.5,,4.5,,262.823,-18.3268,263.20293,-18.34654,-89.4177,5.415401,,,,,492049.349,-142317.6,90.784,,999,,17.645,,99.5526,,534547.9,*,,,,,,280.81,0.0,,,270.7694,3.8221,3.983489815271,-57.143269,3.08156734551058,-38.3595787,25.62861412,61.6988714,67.5631713,148.4855,/T,7.6658,107.5,61.7206,24.2063,100.958,96.685,-0.75843,Oph,69.183685,263.5257892,4.9392402,,,7.289647,8.395897,,0.0,0.03,0.028,0.03,0.028,-5.987,0.0026785,0.041,945.7209,0.0001462,2.33,8.47,0.006309,283.4791,,7.6705,266.9714,4.3918
ATLAS (C/2025 N1),2025-Jul-18 00:00,2460874.5,12.5,,4.5,,262.19211,-18.28809,262.57181,-18.30937,-90.2694,5.727633,,,,,487121.972,-141561.15,91.53,,999,,17.613,,99.50462,,529014.0,*,,,,,,280.6,0.0,,,270.5744,3.8325,3.950496133932,-57.096325,3.05968954123849,-37.3878328,25.44666197,61.7289968,67.1332739,146.9483,/T,8.0674,121.9,50.4219,25.3424,100.75,96.829,-0.73994,Oph,69.183658,262.9233355,4.9467328,,,6.997778,8.922285,,0.0,0.03,0.028,0.03,0.028,-6.473,0.0026541,0.041,934.3461,0.0001456,2.33,8.47,0.006233,283.674,,8.072,266.5729,4.4018
ATLAS (C/2025 N1),2025-Jul-19 00:00,2460875.5,12.5,,4.5,,261.55552,-18.24726,261.93498,-18.27011,-91.0864,6.045255,,,,,482184.456,-140775.71,92.238,,999,,17.582,,99.45385,,523453.9,*,,,,,,280.43,0.0,,,270.376,3.843,3.917530096708,-57.0479132,3.03837308321627,-36.4162405,25.26937839,61.7595888,66.7001086,145.4039,/T,8.4717,136.3,38.9884,26.4829,100.577,96.975,-0.72083,Oph,69.183631,262.3151704,4.9533899,,,6.701974,9.453258,,0.0,0.03,0.028,0.03,0.028,-6.345,0.00265,0.041,923.0087,0.0001451,2.33,8.48,0.006158,283.8722,,8.4762,266.1698,4.4115
ATLAS (C/2025 N1),2025-Jul-20 00:00,2460876.5,12.5,,4.5,,260.91348,-18.20429,261.2927,-18.22871,-91.8667,6.367761,,,,,477236.614,-139961.42,92.912,,999,,17.55,,99.40031,,517869.0,*,,,,,,280.29,0.0,,,270.1742,3.8536,3.884592566494,-56.9979802,3.01761763883229,-35.4456564,25.09676063,61.7906575,66.2636755,143.8525,/T,8.8784,150.5,28.059,27.628,100.434,97.123,-0.70112,Oph,69.183604,261.7015309,4.9591895,,,6.402265,9.98859,,0.0,0.031,0.028,0.031,0.028,-5.884,0.0026651,0.041,911.7114,0.0001445,2.33,8.48,0.006082,284.0738,,8.8828,265.7623,4.4209
ATLAS (C/2025 N1),2025-Jul-21 00:00,2460877.5,12.5,,4.5,,260.26627,-18.15914,260.64526,-18.18514,-92.6089,6.694627,,,,,472278.312,-139118.42,93.557,,999,,17.519,,99.344,,512260.8,*,,,,,,280.17,0.0,,,269.969,3.8643,3.851684437617,-56.9464703,2.99742236174976,-34.4770024,24.92880163,61.8222132,65.8240279,142.2947,/T,9.287,163.7,18.273,28.7775,100.319,97.274,-0.68081,Oph,69.183578,261.0826607,4.9641111,,,6.098682,10.528045,,0.0,0.031,0.028,0.031,0.028,-5.335,0.0026982,0.042,900.4569,0.000144,2.33,8.49,0.006007,284.2788,,9.2914,265.3504,4.43
ATLAS (C/2025 N1),2025-Jul-22 00:00,2460878.5,12.5,,4.5,,259.61417,-18.1118,259.99292,-18.1394,-93.3114,7.025319,,,,,467309.478,-138246.88,94.173,,999,,17.488,,99.28493,,506630.6,*,,,,,,280.08,0.0,,,269.7603,3.8752,3.818806637178,-56.8933252,2.97778585754291,-33.511251,24.7654898,61.8542666,65.3812785,140.7307,/T,9.6973,169.7,10.2136,29.9315,100.228,97.426,-0.6599,Oph,69.183551,260.458809,4.9681355,,,5.791264,11.071377,,0.0,0.032,0.027,0.032,0.027,-4.83,0.0027477,0.042,889.2482,0.0001434,2.34,8.49,0.005932,284.4874,,9.7016,264.9343,4.4388
ATLAS (C/2025 N1),2025-Jul-23 00:00,2460879.5,12.5,,4.5,,258.95747,-18.06223,259.33597,-18.09144,-93.973,7.359291,,,,,462330.097,-137347.0,94.765,,999,,17.457,,99.22315,,500979.6,*,,,,,,280.01,0.0,,,269.5479,3.8862,3.785960126467,-56.8384843,2.95870616068425,-32.5494023,24.6068088,61.8868285,64.9355992,139.161,/T,10.1089,160.3,4.3456,31.0899,100.159,97.581,-0.63841,Oph,69.183525,259.8302308,4.9712453,,,5.48005,11.618334,,0.0,0.033,0.027,0.033,0.027,-4.413,0.0028118,0.043,878.0884,0.0001428,2.34,8.49,0.005858,284.6995,,10.1131,264.514,4.4472
ATLAS (C/2025 N1),2025-Jul-24 00:00,2460880.5,12.5,,4.5,,258.29648,-18.01041,258.6747,-18.04126,-94.5926,7.695982,,,,,457340.208,-136418.97,95.334,,999,,17.427,,99.15869,,495309.4,*,,,,,,279.96,0.0,,,269.3318,3.8973,3.75314590245,-56.7818844,2.94018072661659,-31.592456,24.45273747,61.9199101,64.4872119,137.5859,/T,10.5214,146.9,0.9608,32.2528,100.109,97.738,-0.61633,Oph,69.183499,259.197188,4.9734249,,,5.165083,12.168653,,0.0,0.034,0.027,0.034,0.027,-4.086,0.0028891,0.043,866.9808,0.0001422,2.34,8.49,0.005784,284.9154,,10.5255,264.0895,4.4554
ATLAS (C/2025 N1),2025-Jul-25 00:00,2460881.5,12.5,,4.5,,257.6315,-17.95634,258.00942,-17.98882,-95.1693,8.034811,,,,,452339.901,-135462.99,95.881,,999,,17.396,,99.09159,,489621.0,*,,,,,,279.93,0.0,,,269.1119,3.9086,3.720364999332,-56.7234593,2.92220644017168,-30.6413838,24.30324988,61.9535228,64.0363712,136.0058,/T,10.9344,132.9,0.1489,33.4202,100.076,97.896,-0.59369,Oph,69.183473,258.5599513,4.9746603,,,4.846407,12.72207,,0.0,0.035,0.027,0.035,0.027,-3.838,0.0029778,0.044,855.9289,0.0001416,2.34,8.49,0.00571,285.1351,,10.9384,263.6611,4.4631
ATLAS (C/2025 N1),2025-Jul-26 00:00,2460882.5,12.5,,4.5,,256.96285,-17.9,257.34043,-17.93413,-95.7026,8.375175,,,,,447329.306,-134479.29,96.409,,999,,17.366,,99.02193,,483915.9,*,,,,,,279.91,0.0,,,268.8881,3.92,3.687618490199,-56.6631401,2.90477963802501,-29.6971092,24.15831559,61.9876783,63.5833433,134.4211,/T,11.3475,119.0,1.8044,34.5921,100.059,98.056,-0.57048,Oph,69.183448,257.9188007,4.9749396,,,4.524069,13.278312,,0.0,0.036,0.027,0.036,0.027,-3.655,0.0030766,0.045,844.9361,0.000141,2.33,8.49,0.005637,285.3587,,11.3514,263.2288,4.4706
ATLAS (C/2025 N1),2025-Jul-27 00:00,2460883.5,12.5,,4.5,,256.29084,-17.84139,256.66804,-17.87716,-96.1918,8.716449,,,,,442308.582,-133468.1,96.919,,999,,17.336,,98.94977,,478195.3,*,,,,,,279.91,0.0,,,268.6603,3.9316,3.654907488744,-56.6008548,2.88789613977642,-28.7604982,24.01789982,62.0223887,63.1283855,132.832,/T,11.7603,105.4,5.6672,35.7685,100.056,98.217,-0.54674,Oph,69.183422,257.2740243,4.9742525,,,4.198118,13.837105,,0.0,0.037,0.027,0.037,0.027,-3.524,0.0031841,0.046,834.0063,0.0001404,2.33,8.48,0.005564,285.5863,,11.7641,262.7927,4.4777
ATLAS (C/2025 N1),2025-Jul-28 00:00,2460884.5,12.5,,4.5,,255.61579,-17.78049,255.99259,-17.8179,-96.6366,9.057987,,,,,437277.915,-132429.69,97.411,,999,,17.306,,98.8752,,472460.4,*,,,,,,279.92,0.0,,,268.4283,3.9433,3.622233151084,-56.5365281,2.87155128111488,-27.8323613,23.88196377,62.0576662,62.671733,131.239,/T,12.1725,92.1,11.3813,36.9496,100.065,98.379,-0.52246,Oph,69.183397,256.6259173,4.9725905,,,3.868602,14.398171,,0.0,0.038,0.027,0.038,0.027,-3.434,0.0032993,0.047,823.1433,0.0001398,2.33,8.48,0.005491,285.818,,12.1761,262.3528,4.4844
ATLAS (C/2025 N1),2025-Jul-29 00:00,2460885.5,12.5,,4.5,,254.93802,-17.71732,255.3144,-17.75636,-97.0366,9.399128,,,,,432237.512,-131364.33,97.887,,999,,17.276,,98.79831,,466712.5,*,,,,,,279.94,0.0,,,268.1922,3.9551,3.589596677656,-56.4700814,2.85573994370409,-26.9134617,23.75046489,62.0935236,62.2135924,129.6424,/T,12.5835,79.0,18.5533,38.1354,100.085,98.543,-0.49767,Oph,69.183371,255.9747791,4.9699467,,,3.535571,14.961231,,0.0,0.04,0.027,0.04,0.027,-3.375,0.0034213,0.048,812.351,0.0001392,2.33,8.47,0.005419,286.0539,,12.587,261.9093,4.4908
ATLAS (C/2025 N1),2025-Jul-30 00:00,2460886.5,12.5,,4.5,,254.25787,-17.65188,254.63381,-17.69255,-97.3917,9.739202,,,,,427187.6,-130272.34,98.348,,999,,17.247,,98.7192,,460952.8,*,,,,,,279.97,0.0,,,267.9516,3.9671,3.556999315224,-56.4014327,2.84045657899097,-26.0045275,23.62335702,62.1299737,61.7541431,128.0424,/T,12.9931,66.3,26.7972,39.3259,100.115,98.707,-0.47238,Oph,69.183346,255.3209114,4.9663159,,,3.199077,15.526001,,0.0,0.041,0.028,0.041,0.027,-3.342,0.0035491,0.049,801.6337,0.0001385,2.33,8.46,0.005348,286.2942,,12.9965,261.4623,4.4968
ATLAS (C/2025 N1),2025-Jul-31 00:00,2460887.5,12.5,,4.5,,253.57565,-17.58417,253.95114,-17.62647,-97.7017,10.07754,,,,,422128.424,-129154.06,98.794,,999,,17.218,,98.63799,,455182.4,*,,,,,,280.01,0.0,,,267.7067,3.9793,3.524442358969,-56.3304959,2.82569522574349,-25.1062607,23.50059059,62.1670298,61.2935422,126.4396,/T,13.4007,53.8,35.7584,40.5213,100.155,98.873,-0.4466,Oph,69.183321,254.6646168,4.9616945,,,2.859173,16.092199,,0.0,0.042,0.028,0.042,0.028,-3.328,0.0036821,0.051,790.9954,0.0001379,2.32,8.45,0.005277,286.5389,,13.404,261.0118,4.5025
ATLAS (C/2025 N1),2025-Aug-01 00:00,2460888.5,12.5,,4.5,,252.89168,-17.51423,253.26672,-17.55814,-97.9664,10.41346,,,,,417060.252,-128009.83,99.226,,999,,17.188,,98.55481,,449402.5,*,,,,,,280.06,0.0,,,267.4571,3.9916,3.491927154697,-56.2571815,2.8114495228777,-24.2193443,23.38211269,62.2047055,60.8319308,124.834,/T,13.806,41.6,45.1201,41.7217,100.203,99.039,-0.42036,Oph,69.183296,254.0061977,4.9560806,,,2.51591,16.659542,,0.0,0.044,0.028,0.044,0.028,-3.33,0.0038196,0.052,780.4404,0.0001373,2.32,8.44,0.005207,286.7881,,13.8091,260.558,4.5077
ATLAS (C/2025 N1),2025-Aug-02 00:00,2460889.5,12.5,,4.5,,252.2063,-17.44205,252.58088,-17.48757,-98.1861,10.74632,,,,,411983.373,-126840.03,99.645,,999,,17.16,,98.4698,,443614.2,*,,,,,,280.12,0.0,,,267.2029,4.0041,3.459455101157,-56.1813954,2.79771271984522,-23.3444439,23.26786718,62.2430148,60.3694402,123.2262,/T,14.2085,29.7,54.596,42.9272,100.258,99.206,-0.39366,Oph,69.183271,253.3459553,4.9494737,,,2.169343,17.227744,,0.0,0.045,0.028,0.045,0.028,-3.344,0.0039611,0.053,769.9732,0.0001366,2.32,8.42,0.005137,287.042,,14.2115,260.1008,4.5126
ATLAS (C/2025 N1),2025-Aug-03 00:00,2460890.5,12.5,,4.5,,251.51982,-17.36767,251.89394,-17.4148,-98.3607,11.07546,,,,,406898.094,-125645.06,100.052,,999,,17.131,,98.3831,,437818.8,*,,,,,,280.18,0.0,,,266.9439,4.0167,3.427027652472,-56.1030396,2.78447768678782,-22.4822065,23.15779477,62.2819719,59.9061955,121.6163,/T,14.6078,18.4,63.915,44.1378,100.32,99.373,-0.36653,Oph,69.183247,252.684189,4.9418752,,,1.819527,17.796521,,0.0,0.046,0.028,0.046,0.028,-3.367,0.0041062,0.054,759.5981,0.000136,2.31,8.41,0.005067,287.3008,,14.6107,259.6405,4.5172
ATLAS (C/2025 N1),2025-Aug-04 00:00,2460891.5,12.5,,4.5,,250.83256,-17.29112,251.20623,-17.33986,-98.4906,11.40024,,,,,401804.745,-124425.31,100.446,,999,,17.102,,98.29486,,432017.1,*,,,,,,280.25,0.0,,,266.6798,4.0294,3.394646320703,-56.0220113,2.77173692616683,-21.6332574,23.05183309,62.3215913,59.4423166,120.0048,/T,15.0036,10.5,72.8038,45.3538,100.387,99.54,-0.33898,Oph,69.183222,252.0211959,4.9332878,,,1.466516,18.365591,,0.0,0.047,0.029,0.047,0.029,-3.398,0.0042542,0.055,749.3196,0.0001353,2.31,8.39,0.004999,287.5645,,15.0063,259.1771,4.5213
ATLAS (C/2025 N1),2025-Aug-05 00:00,2460892.5,12.5,,4.5,,250.14486,-17.21243,250.51806,-17.26277,-98.5761,11.72007,,,,,396703.671,-123181.21,100.829,,999,,17.074,,98.20527,,426210.5,*,,,,,,280.32,0.0,,,266.4107,4.0424,3.362312678541,-55.938203,2.75948258687204,-20.7981948,22.94991686,62.3618882,58.977917,118.3918,/T,15.3952,14.1,80.9711,46.5753,100.46,99.708,-0.31103,Oph,69.183198,251.3572697,4.923716,,,1.110369,18.934673,,0.0,0.049,0.029,0.049,0.029,-3.434,0.0044049,0.057,739.1421,0.0001347,2.3,8.37,0.004931,287.8332,,15.3979,258.7107,4.5251
ATLAS (C/2025 N1),2025-Aug-06 00:00,2460893.5,12.5,,4.5,,249.45701,-17.13163,249.82974,-17.18357,-98.6177,12.03432,,,,,391595.234,-121913.2,101.2,,999,,17.046,,98.11448,,420399.9,*,,,,,,280.4,0.0,,,266.1364,4.0555,3.330028362146,-55.8515021,2.7477064809816,-19.977586,22.85197798,62.4028778,58.5130991,116.7777,/T,15.7824,25.0,88.0987,47.8023,100.538,99.875,-0.28271,Oph,69.183174,250.6927004,4.9131655,,,0.751141,19.503487,,0.0,0.05,0.029,0.05,0.029,-3.475,0.0045576,0.058,729.0702,0.0001341,2.3,8.35,0.004864,288.1072,,15.7849,258.2413,4.5284
ATLAS (C/2025 N1),2025-Aug-07 00:00,2460894.5,12.5,,4.5,,248.76933,-17.04876,249.14158,-17.1023,-98.6158,12.34243,,,,,386479.811,-120621.7,101.561,,999,,17.018,,98.0227,,414586.3,*,,,,,,280.48,0.0,,,265.8567,4.0687,3.297795074122,-55.7617909,2.7364001023778,-19.1719654,22.75794569,62.4445757,58.0479482,115.1629,/T,16.1647,37.5,93.8432,49.0351,100.619,100.043,-0.25403,Oph,69.18315,250.0277739,4.9016437,,,0.388889,20.071757,,0.0,0.051,0.03,0.051,0.029,-3.518,0.004712,0.059,719.1084,0.0001334,2.29,8.33,0.004797,288.3865,,16.167,257.769,4.5314
ATLAS (C/2025 N1),2025-Aug-08 00:00,2460895.5,12.5,,4.5,,248.08213,-16.96387,248.45388,-17.019,-98.5711,12.64383,,,,,381357.792,-119307.16,101.91,,999,,16.99,,97.93011,,408770.7,*,,,,,,280.57,0.0,,,265.5715,4.0821,3.265614586663,-55.6689459,2.72555464535589,-18.3818366,22.66774678,62.486998,57.5825254,113.5474,/T,16.5416,50.6,97.8527,50.2738,100.705,100.21,-0.225,Oph,69.183126,249.362772,4.8891592,,,0.023671,20.63921,,0.0,0.052,0.03,0.052,0.03,-3.563,0.0048675,0.06,709.2612,0.0001328,2.28,8.3,0.004732,288.6713,,16.5438,257.2939,4.5341
ATLAS (C/2025 N1),2025-Aug-09 00:00,2460896.5,12.5,,4.5,,247.39571,-16.877,247.76693,-16.93372,-98.4842,12.93796,,,,,376229.582,-117970.03,102.249,,999,,16.962,,97.83693,,402954.3,*,,,,,,280.66,0.0,,,265.2806,4.0957,3.233488744852,-55.5728378,2.71516102038189,-17.6076806,22.58130563,62.5301611,57.1168618,111.9317,/T,16.9127,64.3,99.8001,51.5185,100.793,100.376,-0.19565,Oph,69.183102,248.6979736,4.875722,,,359.655547,21.205576,,0.0,0.053,0.03,0.053,0.03,-3.608,0.0050237,0.061,699.5331,0.0001321,2.28,8.27,0.004667,288.9618,,16.9148,256.8161,4.5363
ATLAS (C/2025 N1),2025-Aug-10 00:00,2460897.5,12.5,,4.5,,246.71036,-16.78821,247.08104,-16.84651,-98.3557,13.22431,,,,,371095.6,-116610.75,102.579,,999,,16.935,,97.74335,,397137.8,*,,,,,,280.75,0.0,,,264.9838,4.1094,3.201419470134,-55.4733314,2.70520986366327,-16.8499687,22.49854439,62.5740817,56.6509579,110.3161,/T,17.2776,78.3,99.4299,52.7694,100.884,100.543,-0.166,Oph,69.183079,248.0336557,4.8613432,,,359.284575,21.770591,,0.0,0.054,0.031,0.054,0.031,-3.654,0.00518,0.062,689.9284,0.0001315,2.27,8.25,0.004603,289.2581,,17.2795,256.3356,4.5381
ATLAS (C/2025 N1),2025-Aug-11 00:00,2460898.5,12.5,,4.5,,246.02638,-16.69755,246.39649,-16.7574,-98.1863,13.50236,,,,,365956.279,-115229.78,102.898,,999,,16.908,,97.64961,,391322.3,*,,,,,,280.84,0.0,,,264.6811,4.1233,3.169408763978,-55.3702845,2.69569153769874,-16.1091802,22.41938288,62.618777,56.1847881,108.7006,/T,17.6358,92.6,96.6081,54.0267,100.977,100.708,-0.13606,Oph,69.183056,247.3700948,4.8460354,,,358.910815,22.333991,,0.0,0.054,0.031,0.054,0.031,-3.7,0.005336,0.063,680.4517,0.0001308,2.26,8.22,0.004539,289.5604,,17.6376,255.8524,4.5396
ATLAS (C/2025 N1),2025-Aug-12 00:00,2460899.5,12.5,,4.5,,245.34405,-16.60508,245.71357,-16.66647,-97.9767,13.77163,,,,,360812.071,-113827.59,103.207,,999,,16.881,,97.55592,,385508.6,*,,,,,,280.94,0.0,,,264.3721,4.1374,3.137458711719,-55.2635486,2.68659612174736,-15.3858191,22.34373862,62.6642644,55.7183143,107.0857,/T,17.9869,107.0,91.363,55.2907,101.073,100.873,-0.10586,Sco,69.183033,246.7075674,4.8298122,,,358.534329,22.89552,,0.0,0.055,0.032,0.055,0.032,-3.744,0.005491,0.064,671.1071,0.0001302,2.25,8.18,0.004477,289.8689,,17.9885,255.3667,4.5407
ATLAS (C/2025 N1),2025-Aug-13 00:00,2460900.5,12.5,,4.5,,244.66365,-16.51085,245.03257,-16.57376,-97.7277,14.03171,,,,,355663.44,-112404.66,103.507,,999,,16.854,,97.46253,,379697.7,*,,,,,,281.04,0.0,,,264.0568,4.1516,3.105571486613,-55.1529675,2.67791339386101,-14.6804257,22.27152657,62.7105617,55.2515039,105.4716,/T,18.3304,121.5,83.9028,56.5614,101.169,101.037,-0.07542,Sco,69.183011,246.0463493,4.8126884,,,358.15518,23.454925,,0.0,0.056,0.032,0.056,0.032,-3.787,0.0056445,0.064,661.8988,0.0001296,2.24,8.15,0.004416,290.1837,,18.3319,254.8784,4.5414
ATLAS (C/2025 N1),2025-Aug-14 00:00,2460901.5,12.5,,4.5,,243.98546,-16.41494,244.35377,-16.47934,-97.4401,14.28221,,,,,350510.867,-110961.49,103.798,,999,,16.827,,97.36967,,373890.5,*,,,,,,281.14,0.0,,,263.735,4.166,3.0737493541,-55.0383779,2.66963280873818,-13.993579,22.20265904,62.7576871,54.7843502,103.8585,/T,18.666,136.1,74.6041,57.8391,101.267,101.2,-0.04474,Sco,69.182989,245.3867125,4.7946803,,,357.773431,24.011957,,0.0,0.056,0.033,0.056,0.033,-3.828,0.0057959,0.065,652.8311,0.0001289,2.23,8.12,0.004355,290.5051,,18.6672,254.3876,4.5418
ATLAS (C/2025 N1),2025-Aug-15 00:00,2460902.5,12.5,,4.5,,243.30973,-16.31741,243.67745,-16.38328,-97.115,14.52283,,,,,345354.842,-109498.6,104.079,,999,,16.8,,97.2776,,368087.7,*,,,,,,281.23,0.0,,,263.4064,4.1806,3.041994676298,-54.9196081,2.66174347701565,-13.3258892,22.13704547,62.8056593,54.3168898,102.2466,/T,18.993,150.3,63.9777,59.124,101.366,101.362,-0.01386,Sco,69.182967,244.7289225,4.7758055,,,357.389148,24.566374,,0.0,0.057,0.033,0.057,0.033,-3.867,0.0059447,0.066,643.9079,0.0001283,2.22,8.08,0.004296,290.8331,,18.9941,253.8944,4.5417
ATLAS (C/2025 N1),2025-Aug-16 00:00,2460903.5,12.5,,4.5,,242.63674,-16.21832,243.00388,-16.28565,-96.7535,14.75335,,,,,340195.869,-108016.56,104.351,,999,,16.773,,97.18655,,362290.4,*,,,,,,281.33,0.0,,,263.0709,4.1953,3.010309916734,-54.7964782,2.65423415119751,-12.6779833,22.07459231,62.854497,53.8492149,100.6362,/T,19.3111,163.5,52.6198,60.4164,101.465,101.523,0.01721,Sco,69.182946,244.0732344,4.756083,,,357.002397,25.117943,,0.0,0.057,0.034,0.057,0.034,-3.904,0.0060902,0.067,635.133,0.0001277,2.21,8.04,0.004237,291.1681,,19.3121,253.3987,4.5413
ATLAS (C/2025 N1),2025-Aug-17 00:00,2460904.5,12.5,,4.5,,241.96672,-16.11775,242.33329,-16.18652,-96.3569,14.97362,,,,,335034.46,-106515.94,104.614,,999,,16.747,,97.09679,,356499.3,*,,,,,,281.44,0.0,,,262.7282,4.2102,2.97869764533,-54.6687994,2.64709322170139,-12.0504848,22.01520301,62.9042196,53.3814787,99.0276,/T,19.6199,170.1,41.1631,61.7163,101.565,101.683,0.04845,Sco,69.182925,243.4198904,4.7355333,,,356.613245,25.666436,,0.0,0.057,0.035,0.058,0.034,-3.938,0.006232,0.067,626.5103,0.0001271,2.2,8.0,0.00418,291.5102,,19.6208,252.9006,4.5406
ATLAS (C/2025 N1),2025-Aug-18 00:00,2460905.5,12.5,,4.5,,241.29992,-16.01576,241.66593,-16.08597,-95.9269,15.18354,,,,,329871.135,-104997.3,104.868,,999,,16.721,,97.00858,,350715.4,*,,,,,,281.54,0.0,,,262.3782,4.2253,2.947160543663,-54.5363736,2.64030872449793,-11.4439942,21.95877807,62.9548465,52.9138951,97.4209,/T,19.9189,161.1,30.2317,63.0242,101.664,101.841,0.07983,Sco,69.182904,242.769119,4.714178,,,356.221758,26.211635,,0.0,0.058,0.035,0.058,0.035,-3.97,0.0063695,0.068,618.0433,0.0001265,2.19,7.96,0.004123,291.8596,,19.9196,252.4001,4.5394
ATLAS (C/2025 N1),2025-Aug-19 00:00,2460906.5,12.5,,4.5,,240.63655,-15.91242,241.002,-15.98406,-95.4652,15.38311,,,,,324706.418,-103461.23,105.114,,999,,16.694,,96.92218,,344939.3,*,,,,,,281.64,0.0,,,262.0206,4.2405,2.915701410495,-54.3989929,2.63386836032072,-10.8590688,21.9052152,63.0063976,52.4467346,95.8165,/T,20.2077,147.8,20.4014,64.34,101.763,101.998,0.11135,Sco,69.182884,242.1211347,4.6920403,,,355.828003,26.753335,,0.0,0.058,0.036,0.058,0.036,-4.001,0.0065021,0.068,609.7353,0.0001259,2.18,7.92,0.004068,292.2165,,20.2082,251.8971,4.538
ATLAS (C/2025 N1),2025-Aug-20 00:00,2460907.5,12.5,,4.5,,239.97683,-15.8078,240.34172,-15.88086,-94.9735,15.57239,,,,,319540.834,-101908.31,105.351,,999,,16.668,,96.83785,,339171.9,*,,,,,,281.74,0.0,,,261.6552,4.2559,2.884323167607,-54.2564388,2.62775952456133,-10.2962059,21.85440956,63.0588932,51.9803161,94.2144,/T,20.4858,133.9,12.1648,65.6641,101.862,102.153,0.14297,Lib,69.182864,241.4761392,4.6691443,,,355.432044,27.29134,,0.0,0.058,0.036,0.058,0.036,-4.029,0.0066295,0.069,601.5898,0.0001253,2.17,7.88,0.004013,292.5813,,20.4861,251.3918,4.5361
ATLAS (C/2025 N1),2025-Aug-21 00:00,2460908.5,12.5,,4.5,,239.32097,-15.70198,239.68526,-15.77644,-94.4541,15.75147,,,,,314374.901,-100339.12,105.579,,999,,16.642,,96.75585,,333414.0,*,,,,,,281.83,0.0,,,261.2817,4.2714,2.853028865948,-54.1084822,2.62196934636997,-9.7558283,21.80625412,63.1123536,51.5149957,92.615,/T,20.7528,119.9,5.9001,66.9967,101.96,102.307,0.17468,Lib,69.182845,240.8343223,4.6455153,,,355.033943,27.825466,,0.0,0.058,0.037,0.058,0.037,-4.057,0.0067511,0.069,593.6096,0.0001248,2.16,7.84,0.00396,292.954,,20.753,250.884,4.5339
ATLAS (C/2025 N1),2025-Aug-22 00:00,2460909.5,12.5,,4.5,,238.66913,-15.59501,239.03283,-15.67085,-93.9089,15.92051,,,,,309209.129,-98754.23,105.798,,999,,16.616,,96.67644,,327666.2,*,,,,,,281.93,0.0,,,260.9,4.2872,2.821821692096,-53.9548824,2.61648473476247,-9.2382744,21.76063999,63.1667995,51.0511535,91.0184,/T,21.0082,106.0,1.8476,68.338,102.057,102.459,0.20645,Lib,69.182826,240.1958632,4.6211793,,,354.63376,28.355544,,0.0,0.058,0.038,0.058,0.038,-4.084,0.0068666,0.069,585.7977,0.0001242,2.15,7.8,0.003908,293.335,,21.0082,250.3737,4.5314
ATLAS (C/2025 N1),2025-Aug-23 00:00,2460910.5,12.5,,4.5,,238.02149,-15.48697,238.38457,-15.56416,-93.3401,16.0797,,,,,304044.008,-97154.19,106.009,,999,,16.59,,96.59989,,321929.3,*,,,,,,282.03,0.0,,,260.5097,4.303,2.79070497508,-53.7953867,2.61129242865814,-8.7437948,21.7174569,63.2222518,50.589178,89.4248,/T,21.2517,92.3,0.0998,69.6882,102.153,102.61,0.23827,Lib,69.182807,239.5609304,4.5961629,,,354.231552,28.881417,,0.0,0.058,0.038,0.058,0.038,-4.112,0.0069757,0.069,578.1567,0.0001237,2.13,7.75,0.003857,293.7245,,21.2516,249.861,4.5285
ATLAS (C/2025 N1),2025-Aug-24 00:00,2460911.5,12.5,,4.5,,237.3782,-15.37792,237.74065,-15.45644,-92.7499,16.22924,,,,,298880.002,-95539.59,106.211,,999,,16.564,,96.52646,,316203.7,*,,,,,,282.13,0.0,,,260.1106,4.319,2.759682193546,-53.6297295,2.60637904711631,-8.2725552,21.67659355,63.2787317,50.1294538,87.8344,/T,21.4828,78.9,0.6097,71.0476,102.248,102.759,0.27013,Lib,69.182789,238.9296817,4.5704931,,,353.82737,29.402942,,0.0,0.058,0.039,0.058,0.039,-4.142,0.0070781,0.07,570.6891,0.0001232,2.12,7.71,0.003807,294.1228,,21.4826,249.3456,4.5253
ATLAS (C/2025 N1),2025-Aug-25 00:00,2460912.5,12.5,,4.5,,236.7394,-15.26792,237.1012,-15.34775,-92.1406,16.36938,,,,,293717.55,-93910.98,106.404,,999,,16.538,,96.45639,,310490.2,*,,,,,,282.22,0.0,,,259.7025,4.3352,2.728756983305,-53.4576319,2.60173113608474,-7.8246452,21.63793805,63.3362605,49.6723506,86.2473,/T,21.7012,65.8,3.2142,72.4164,102.341,102.905,0.30198,Lib,69.182771,238.3022625,4.5441972,,,353.421265,29.919988,,0.0,0.057,0.04,0.057,0.04,-4.176,0.0071736,0.07,563.3971,0.0001227,2.11,7.66,0.003759,294.5301,,21.7007,248.8276,4.5218
ATLAS (C/2025 N1),2025-Aug-26 00:00,2460913.5,12.5,,4.5,,236.10521,-15.15704,236.46636,-15.23815,-91.5142,16.50037,,,,,288557.055,-92268.93,106.589,,999,,16.512,,96.38994,,304789.2,*,,,,,,282.31,0.0,,,259.285,4.3515,2.697933145273,-53.278801,2.59733520890663,-7.4000905,21.60137824,63.3948594,49.2182187,84.6637,/T,21.9063,52.9,7.6701,73.795,102.432,103.051,0.33383,Lib,69.182753,237.6788049,4.5173025,,,353.013279,30.432438,,0.0,0.057,0.041,0.057,0.04,-4.219,0.007262,0.07,556.2827,0.0001222,2.1,7.62,0.003711,294.9467,,21.9057,248.307,4.518
ATLAS (C/2025 N1),2025-Aug-27 00:00,2460914.5,12.5,,4.5,,235.47572,-15.04533,235.83624,-15.1277,-90.8729,16.6225,,,,,283398.889,-90613.99,106.766,,999,,16.486,,96.32736,,299101.1,*,,,,,,282.4,0.0,,,258.8578,4.3679,2.667214653821,-53.0929291,2.59317777937516,-6.998866,21.56680195,63.4545499,48.7673885,83.0836,/T,22.0979,40.4,13.6905,75.1835,102.522,103.194,0.36566,Lib,69.182735,237.0594264,4.4898361,,,352.603453,30.94019,,0.0,0.057,0.041,0.057,0.041,-4.273,0.0073434,0.07,549.3477,0.0001217,2.08,7.57,0.003665,295.373,,22.0972,247.7835,4.5138
ATLAS (C/2025 N1),2025-Aug-28 00:00,2460915.5,12.5,,4.5,,234.85104,-14.93286,235.21093,-15.01647,-90.2186,16.73605,,,,,278243.389,-88946.72,106.933,,999,,16.461,,96.26889,,293426.3,*,,,,,,282.49,0.0,,,258.4207,4.3845,2.636605665557,-52.8996926,2.5892453877128,-6.6209071,21.53409725,63.5153535,48.320174,81.5073,/T,22.2755,28.3,20.9762,76.5823,102.61,103.335,0.39744,Lib,69.182718,236.4442298,4.4618249,,,352.191823,31.443151,,0.0,0.056,0.042,0.056,0.042,-4.344,0.0074177,0.07,542.5938,0.0001213,2.07,7.53,0.00362,295.8092,,22.2746,247.2571,4.5094
ATLAS (C/2025 N1),2025-Aug-29 00:00,2460916.5,12.5,,4.5,,234.23125,-14.81969,234.59051,-14.9045,-89.5533,16.84136,,,,,273090.863,-87267.67,107.093,,999,,16.435,,96.21477,,287765.1,*,,,,,,282.58,0.0,,,257.9733,4.4012,2.606110528553,-52.698752,2.585524620992,-6.2661176,21.50315258,63.5772916,47.8768783,79.9348,/T,22.4387,17.0,29.2357,77.9918,102.695,103.475,0.42915,Lib,69.182702,235.833303,4.4332955,,,351.778419,31.941242,,0.0,0.056,0.043,0.056,0.043,-4.441,0.007485,0.07,536.0222,0.0001209,2.06,7.48,0.003576,296.2556,,22.4376,246.7277,4.5046
ATLAS (C/2025 N1),2025-Aug-30 00:00,2460917.5,12.5,,4.5,,233.61639,-14.70585,233.97505,-14.79186,-88.8789,16.93875,,,,,267941.585,-85577.38,107.243,,999,,16.409,,96.16523,,282117.9,*,,,,,,282.66,0.0,,,257.5153,4.418,2.575733792037,-52.4897503,2.58200213000159,-5.9343737,21.47385691,63.6403855,47.4377985,78.3661,/T,22.5871,9.432,38.1926,79.4121,102.779,103.612,0.4608,Lib,69.182685,235.2267188,4.4042738,,,351.363267,32.434394,,0.0,0.055,0.043,0.055,0.043,-4.577,0.0075456,0.07,529.6343,0.0001205,2.05,7.44,0.003533,296.7125,,22.5859,246.1952,4.4995
ATLAS (C/2025 N1),2025-Aug-31 00:00,2460918.5,12.5,,4.5,,233.00653,-14.59141,233.3646,-14.67861,-88.1974,17.02859,,,,,262795.801,-83876.36,107.386,,999,,16.383,,96.1205,,276484.8,*,,,,,,282.74,0.0,,,257.0464,4.4349,2.54548021658,-52.2723125,2.57866464447563,-5.625526,21.44609989,63.7046562,47.0032299,76.8013,/T,22.7204,14.0,47.5821,80.8438,102.859,103.748,0.49235,Lib,69.182669,234.6245361,4.3747856,,,350.946389,32.922551,,0.0,0.055,0.044,0.055,0.044,-4.77,0.0075998,0.07,523.4308,0.0001201,2.04,7.4,0.003492,297.1803,,22.719,245.6594,4.4942
ATLAS (C/2025 N1),2025-Sep-01 00:00,2460919.5,12.5,,4.5,,232.4017,-14.47642,232.75919,-14.56478,-87.5105,17.11125,,,,,257653.728,-82165.14,107.519,,999,,16.357,,96.08079,,270866.1,*,,,,,,282.82,0.0,,,256.5662,4.4519,2.51535478477,-52.0460447,2.57549898813712,-5.3393986,21.41977193,63.7701243,46.5734673,75.2406,/T,22.8381,24.8,57.1392,82.287,102.938,103.881,0.5238,Lib,69.182653,234.0267995,4.3448557,,,350.527801,33.405668,,0.0,0.054,0.045,0.054,0.045,-5.049,0.0076479,0.07,517.4127,0.0001197,2.02,7.35,0.003452,297.6594,,22.8366,245.1201,4.4885
ATLAS (C/2025 N1),2025-Sep-02 00:00,2460920.5,12.5,,4.5,,231.80193,-14.36092,232.15885,-14.45043,-86.82,17.18713,,,,,252515.553,-80444.22,107.644,,999,,16.331,,96.04631,,265261.7,*,,,,,,282.9,0.0,,,256.0744,4.469,2.485362712425,-51.8105332,2.57249209433448,-5.0757879,21.39476436,63.8368104,46.1488042,73.6838,/T,22.9398,36.9,66.5809,83.7421,103.013,104.013,0.55514,Lib,69.182638,233.4335404,4.3145085,,,350.107514,33.883709,,0.0,0.054,0.046,0.054,0.046,-5.467,0.0076904,0.07,511.5804,0.0001194,2.01,7.31,0.003413,298.15,,22.9381,244.5773,4.4825
ATLAS (C/2025 N1),2025-Sep-03 00:00,2460921.5,12.5,,4.5,,231.20722,-14.24496,231.56357,-14.3356,-86.1276,17.2566,,,,,247381.437,-78714.07,107.76,,999,,16.305,,96.01726,,259671.9,*,,,,,,282.97,0.0,,,255.5706,4.4862,2.455509460323,-51.5653435,2.5696310222321,-4.8344621,21.37096955,63.9047342,45.7295281,72.1311,/T,23.0252,49.5,75.5881,85.2096,103.086,104.142,0.58634,Lib,69.182623,232.8447768,4.2837674,,,349.685534,34.356649,,0.0,0.053,0.046,0.053,0.046,-6.112,0.007728,0.07,505.9343,0.0001191,2.0,7.27,0.003375,298.6526,,23.0234,244.0307,4.4763
ATLAS (C/2025 N1),2025-Sep-04 00:00,2460922.5,12.5,,4.5,,230.61758,-14.12857,230.97337,-14.22033,-85.4348,17.32006,,,,,242251.511,-76975.17,107.867,,999,,16.279,,95.99385,,254096.6,*,,,,,,283.05,0.0,,,255.0543,4.5035,2.425800746494,-51.3100191,2.56690297255119,-4.6151637,21.34828105,63.9739149,45.3159144,70.5824,/T,23.0938,62.6,83.7917,86.6898,103.156,104.27,0.61741,Lib,69.182608,232.260515,4.2526552,,,349.261862,34.824473,,0.0,0.052,0.047,0.053,0.047,-7.165,0.0077612,0.071,500.4748,0.0001188,1.99,7.23,0.003339,299.1676,,23.0919,243.4802,4.4698
ATLAS (C/2025 N1),2025-Sep-05 00:00,2460923.5,12.5,,4.5,,230.033,-14.0118,230.38822,-14.10466,-84.7433,17.3779,,,,,237125.878,-75227.97,107.965,,999,,16.253,,95.97625,,248535.9,*,,,,,,283.11,0.0,,,254.5253,4.5208,2.396242559069,-51.0440812,2.56429530075956,-4.4176164,21.3265937,64.0443708,44.9082177,69.0377,/T,23.1453,76.0,90.7704,88.1831,103.223,104.396,0.64832,Lib,69.182593,231.6807502,4.2211936,,,348.836491,35.287174,,0.0,0.052,0.048,0.052,0.048,-9.034,0.007791,0.071,495.2017,0.0001186,1.98,7.19,0.003304,299.6952,,23.1433,242.9255,4.4629
ATLAS (C/2025 N1),2025-Sep-06 00:00,2460924.5,12.5,,4.5,,229.45346,-13.89467,229.8081,-13.98862,-84.0544,17.43048,,,,,232004.616,-73472.88,108.054,,999,,16.226,,95.96464,,242989.5,*,,,,,,283.18,0.0,,,253.9831,4.5381,2.366841169696,-50.7670268,2.5617955245622,-4.2415377,21.3058037,64.1161193,44.5066659,67.4971,/T,23.1793,89.9,96.0686,89.6898,103.286,104.519,0.67908,Lib,69.182579,231.1054688,4.1894037,,,348.409413,35.744753,,0.0,0.051,0.049,0.051,0.048,-12.849,0.0078181,0.071,490.1149,0.0001184,1.97,7.15,0.00327,300.2361,,23.1771,242.3664,4.4558
ATLAS (C/2025 N1),2025-Sep-07 00:00,2460925.5,12.5,,4.5,,228.87893,-13.77724,229.23298,-13.87224,-83.3694,17.47816,,,,,226887.777,-71710.33,108.135,,999,,16.2,,95.95917,,237457.5,*,,,,,,283.24,0.0,,,253.4272,4.5554,2.337603147538,-50.4783287,2.55939132204083,-4.0866584,21.28580856,64.1891768,44.1114586,65.9604,/T,23.1954,104.2,99.2409,91.2106,103.346,104.641,0.70967,Lib,69.182566,230.5346507,4.1573051,,,347.980612,36.19722,,0.0,0.051,0.049,0.051,0.049,-22.674,0.0078436,0.071,485.2143,0.0001182,1.96,7.12,0.003237,300.7904,,23.193,241.8028,4.4484
ATLAS (C/2025 N1),2025-Sep-08 00:00,2460926.5,12.5,,4.5,,228.30937,-13.65952,228.66282,-13.75555,-82.6894,17.52128,,,,,221775.393,-69940.71,108.206,,999,,16.174,,95.96001,,231939.7,*,,,,,,283.3,0.0,,,252.8573,4.5728,2.308535373845,-50.1774334,2.55707051759312,-3.952745,21.26650701,64.2635582,43.7227758,64.4277,/T,23.1931,118.8,99.9208,92.7457,103.402,104.761,0.74009,Lib,69.182552,229.9682717,4.1249169,,,347.550068,36.644592,,0.0,0.05,0.05,0.051,0.049,-49.108,0.0078684,0.071,480.4994,0.0001181,1.95,7.08,0.003206,301.3588,,23.1906,241.2344,4.4407
ATLAS (C/2025 N1),2025-Sep-09 00:00,2460927.5,12.5,,4.5,,227.74474,-13.54155,228.09759,-13.63858,-82.0156,17.56021,,,,,216667.475,-68164.39,108.267,,999,,16.147,,95.9673,,226435.9,*,,,,,,283.35,0.0,,,252.2729,4.5901,2.279645057106,-49.8637611,2.55482105552588,-3.8396187,21.24779881,64.3392769,43.3407982,62.8989,/T,23.172,133.5,97.8986,94.2957,103.455,104.879,0.77032,Lib,69.182539,229.4063041,4.0922572,,,347.117756,37.086889,,0.0,0.049,0.051,0.051,0.049,-70.555,0.0078937,0.071,475.9697,0.0001179,1.94,7.05,0.003175,301.9417,,23.1694,240.6609,4.4327
ATLAS (C/2025 N1),2025-Sep-10 00:00,2460928.5,12.5,,4.5,,227.18498,-13.42335,227.53725,-13.52136,-81.3489,17.59532,,,,,211564.016,-66381.76,108.32,,999,,16.121,,95.98115,,220945.8,*,,,,,,283.4,0.0,,,251.6735,4.6074,2.250939748768,-49.5367041,2.55263096540129,-3.7471633,21.22958439,64.4163445,42.965736,61.3738,/T,23.1317,148.3,93.1846,95.861,103.503,104.995,0.80037,Lib,69.182527,228.8487158,4.059343,,,346.683646,37.52414,,0.0,0.049,0.052,0.052,0.049,-77.867,0.0079208,0.071,471.6246,0.0001179,1.93,7.02,0.003146,302.5394,,23.129,240.0822,4.4244
ATLAS (C/2025 N1),2025-Sep-11 00:00,2460929.5,12.5,,4.5,,226.63004,-13.30494,226.98174,-13.40391,-80.6906,17.62706,,,,,206464.999,-64593.2,108.362,,999,,16.094,,96.00168,,215469.2,*,,,,,,283.44,0.0,,,251.0586,4.6245,2.22242735952,-49.195626,2.55048832720837,-3.6753177,21.21176461,64.4947705,42.5978593,59.8526,/T,23.0719,162.3,86.029,97.4422,103.548,105.109,0.83022,Lib,69.182515,228.2954673,4.0261911,,,346.247704,37.956379,,0.0,0.048,0.052,0.053,0.048,-80.834,0.0079507,0.071,467.4635,0.0001178,1.92,6.99,0.003119,303.1526,,23.069,239.4978,4.4157
ATLAS (C/2025 N1),2025-Sep-12 00:00,2460930.5,12.5,,4.5,,226.07984,-13.18635,226.43099,-13.28626,-80.0418,17.6559,,,,,201370.395,-62799.09,108.395,,999,,16.067,,96.029,,210005.9,*,,,,,,283.49,0.0,,,250.4277,4.6416,2.194116176103,-48.839861,2.54838124568608,-3.6240529,21.19424054,64.5745624,42.2375206,58.335,/T,22.992,171.5,76.8918,99.0398,103.588,105.221,0.85987,Lib,69.182504,227.7465078,3.9928175,,,345.809891,38.383647,,0.0,0.048,0.053,0.053,0.048,-82.256,0.0079849,0.072,463.4855,0.0001178,1.92,6.97,0.003092,303.7816,,22.989,238.9077,4.4068
ATLAS (C/2025 N1),2025-Sep-13 00:00,2460931.5,12.5,,4.5,,225.53431,-13.06759,225.88495,-13.16844,-79.4038,17.68239,,,,,196280.166,-60999.81,108.417,,999,,16.04,,96.06317,,204555.7,*,,,,,,283.52,0.0,,,249.7804,4.6586,2.166014878639,-48.4687127,2.54629784051009,-3.5933413,21.17691339,64.6557245,41.8851616,56.821,/T,22.8917,163.2,66.3724,100.6543,103.623,105.332,0.88932,Lib,69.182493,227.2017722,3.9592377,,,345.370161,38.805991,,0.0,0.047,0.054,0.054,0.047,-82.966,0.0080246,0.072,459.6901,0.0001179,1.91,6.95,0.003067,304.427,,22.8885,238.3114,4.3975
ATLAS (C/2025 N1),2025-Sep-14 00:00,2460932.5,12.5,,4.5,,224.99337,-12.94869,225.34351,-13.05046,-78.7779,17.70711,,,,,191194.27,-59195.74,108.43,,999,,16.013,,96.10427,,199118.1,*,,,,,,283.55,0.0,,,249.1161,4.6753,2.13813255842,-48.0814536,2.54422625395063,-3.5831281,21.15968453,64.7382585,41.5413067,55.3106,/T,22.7704,149.6,55.1279,102.2861,103.653,105.44,0.91855,Lib,69.182482,226.6611812,3.9254667,,,344.928459,39.223464,,0.0,0.047,0.055,0.055,0.047,-83.287,0.0080711,0.072,456.0762,0.000118,1.91,6.92,0.003043,305.0893,,22.7671,237.7087,4.3878
ATLAS (C/2025 N1),2025-Sep-15 00:00,2460933.5,12.5,,4.5,,224.45692,-12.82963,224.80657,-12.93232,-78.1657,17.73067,,,,,186112.656,-57387.25,108.431,,999,,15.986,,96.15233,,193692.9,*,,,,,,283.58,0.0,,,248.4343,4.6919,2.110478736106,-47.6773244,2.54215467287113,-3.5933113,21.14245572,64.8221626,41.2065462,53.8036,/T,22.6278,135.5,43.8034,103.9358,103.679,105.547,0.94757,Lib,69.182472,226.1246418,3.8915192,,,344.484724,39.636131,,0.0,0.047,0.055,0.056,0.047,-83.366,0.0081257,0.072,452.6432,0.0001181,1.9,6.91,0.00302,305.769,,22.6244,237.0993,4.3779
ATLAS (C/2025 N1),2025-Sep-16 00:00,2460934.5,12.5,,4.5,,223.92485,-12.71044,224.27402,-12.81403,-77.5685,17.75368,,,,,181035.267,-55574.69,108.422,,999,,15.958,,96.20737,,188279.9,*,,,,,,283.6,0.0,,,247.7345,4.7082,2.083063380267,-47.2555336,2.54007135963281,-3.6237308,21.12512933,64.9074312,40.8815173,52.3,/T,22.4634,121.5,32.9851,105.604,103.698,105.652,0.97637,Lib,69.182463,225.5920496,3.8574092,,,344.038886,40.04406,,0.0,0.046,0.056,0.056,0.046,-83.277,0.0081896,0.073,449.3903,0.0001183,1.9,6.89,0.002998,306.4667,,22.4599,236.4828,4.3675
ATLAS (C/2025 N1),2025-Sep-17 00:00,2460935.5,12.5,,4.5,,223.39706,-12.59111,223.74574,-12.69559,-76.988,17.77677,,,,,175962.033,-53758.42,108.402,,999,,15.931,,96.26938,,182878.6,*,,,,,,283.62,0.0,,,247.016,4.7242,2.055896926176,-46.8152568,2.53796468669576,-3.6741655,21.10760866,64.9940545,40.5668858,50.7996,/T,22.2768,107.7,23.1758,107.2911,103.712,105.755,1.00495,Lib,69.182454,225.0632909,3.8231498,,,343.590863,40.447329,,0.0,0.046,0.057,0.057,0.046,-83.064,0.0082638,0.073,446.3168,0.0001185,1.89,6.88,0.002978,307.183,,22.2731,235.859,4.3568
ATLAS (C/2025 N1),2025-Sep-18 00:00,2460936.5,12.5,,4.5,,222.87342,-12.47165,223.2216,-12.577,-76.4254,17.80053,,,,,170892.872,-51938.76,108.37,,999,,15.903,,96.33834,,177488.7,*,,,,,,283.62,0.0,,,246.2784,4.7399,2.028990294747,-46.3556368,2.53582317124404,-3.7443362,21.08979822,65.0820178,40.2633305,49.3024,/T,22.0674,94.0,14.7837,108.9978,103.72,105.856,1.03329,Lib,69.182445,224.5382446,3.7887538,,,343.140564,40.846024,,0.0,0.046,0.058,0.058,0.046,-82.753,0.0083495,0.074,443.422,0.0001188,1.89,6.87,0.002958,307.9183,,22.0637,235.2274,4.3457
ATLAS (C/2025 N1),2025-Sep-19 00:00,2460937.5,12.5,,4.5,,222.35379,-12.35203,222.70146,-12.45823,-75.8824,17.82557,,,,,165827.686,-50116.03,108.325,,999,,15.876,,96.41419,,172109.9,*,,,,,,283.63,0.0,,,245.521,4.7552,2.0023549115,-45.8757838,2.53363550772466,-3.8339096,21.07160398,65.1713015,39.9715306,47.8083,/T,21.835,80.5,8.1172,110.7244,103.721,105.956,1.06141,Lib,69.182437,224.0167824,3.7542327,,,342.687888,41.240235,,0.0,0.046,0.058,0.059,0.046,-82.36,0.0084476,0.074,440.7055,0.0001191,1.89,6.86,0.00294,308.6733,,21.8311,234.5878,4.3341
ATLAS (C/2025 N1),2025-Sep-20 00:00,2460938.5,12.5,,4.5,,221.83803,-12.23226,222.18518,-12.33929,-75.3601,17.85243,,,,,160766.36,-48290.56,108.269,,999,,15.848,,96.49684,,166741.6,*,,,,,,283.62,0.0,,,244.7432,4.77,1.97600272539,-45.3747755,2.53139059715172,-3.9425049,21.05293363,65.2618799,39.6921552,46.3171,/T,21.579,67.3,3.3833,112.4717,103.715,106.054,1.08928,Lib,69.18243,223.4987699,3.7195974,,,342.23272,41.630062,,0.0,0.046,0.059,0.059,0.046,-81.896,0.0085587,0.075,438.1668,0.0001195,1.89,6.86,0.002923,309.4485,,21.575,233.9398,4.3222
ATLAS (C/2025 N1),2025-Sep-21 00:00,2460939.5,12.5,,4.5,,221.32598,-12.11231,221.67263,-12.22016,-74.8598,17.88167,,,,,155708.756,-46462.65,108.199,,999,,15.82,,96.58616,,161383.6,*,,,,,,283.61,0.0,,,243.9445,4.7843,1.949946227321,-44.8516579,2.52907757240082,-4.0697015,21.03369679,65.353721,39.4258541,44.8288,/T,21.299,54.3,0.6875,114.2401,103.701,106.15,1.11691,Lib,69.182423,222.9840657,3.6848577,,,341.774934,42.015607,,0.0,0.046,0.06,0.06,0.046,-81.367,0.0086835,0.076,435.8058,0.0001199,1.89,6.86,0.002907,310.2446,,21.2949,233.283,4.3098
ATLAS (C/2025 N1),2025-Sep-22 00:00,2460940.5,12.5,,4.5,,220.8175,-11.99218,221.16363,-12.10082,-74.3828,17.91379,,,,,150654.719,-44632.6,108.115,,999,,15.792,,96.68202,,156035.3,*,,,,,,283.59,0.0,,,243.1243,4.7981,1.924198468156,-44.3054465,2.52668581884326,-4.2150474,21.01380518,65.4467859,39.1732508,43.3431,/T,20.9946,41.5,0.0394,116.0302,103.679,106.245,1.1443,Lib,69.182417,222.4725214,3.6500222,,,341.314395,42.39698,,0.0,0.047,0.061,0.061,0.046,-80.779,0.0088224,0.076,433.6223,0.0001204,1.89,6.87,0.002893,311.0621,,20.9904,232.617,4.2969
ATLAS (C/2025 N1),2025-Sep-23 00:00,2460941.5,12.5,,4.5,,220.31242,-11.87184,220.65804,-11.98125,-73.93,17.94927,,,,,145604.069,-42800.7,108.016,,999,,15.764,,96.78421,,150696.3,*,,,,,,283.56,0.0,,,242.2819,4.8111,1.898773075946,-43.7351279,2.52420498987999,-4.3780682,20.99317276,65.5410277,38.9349382,41.8601,/T,20.6653,29.1,1.3647,117.8426,103.648,106.338,1.17144,Lib,69.182411,221.9639807,3.6150985,,,340.850951,42.774292,,0.0,0.047,0.061,0.062,0.046,-80.135,0.0089756,0.077,431.6166,0.000121,1.89,6.88,0.002879,311.9016,,20.661,231.9415,4.2835
ATLAS (C/2025 N1),2025-Sep-24 00:00,2460942.5,12.5,,4.5,,219.81055,-11.75126,220.15568,-11.86143,-73.5025,17.98857,,,,,140556.606,-40967.23,107.903,,999,,15.736,,96.89252,,145366.1,*,,,,,,283.52,0.0,,,241.4168,4.8235,1.873684272132,-43.1396614,2.52162501737101,-4.5582755,20.97171578,65.6363914,38.7114764,40.3795,/T,20.3107,17.3,4.5218,119.6778,103.606,106.43,1.19833,Lib,69.182405,221.4582795,3.5800932,,,340.384442,43.14766,,0.0,0.047,0.062,0.062,0.047,-79.438,0.0091431,0.078,429.789,0.0001216,1.9,6.89,0.002867,312.7637,,20.3064,231.2561,4.2696
ATLAS (C/2025 N1),2025-Sep-25 00:00,2460943.5,12.5,,4.5,,219.31172,-11.63041,219.65638,-11.74134,-73.1012,18.03212,,,,,135512.109,-39132.47,107.772,,999,,15.707,,97.00667,,140044.2,*,,,,,,283.47,0.0,,,240.5283,4.8351,1.848946886376,-42.5179824,2.51893611754796,-4.7551742,20.94935288,65.7328127,38.5033929,38.9012,/T,19.9305,8.3,9.323,121.5364,103.555,106.52,1.22497,Lib,69.1824,220.9552453,3.5450115,,,339.914694,43.517203,,0.0,0.048,0.063,0.063,0.047,-78.689,0.0093248,0.079,428.1403,0.0001222,1.9,6.91,0.002856,313.6492,,19.926,230.5603,4.2551
ATLAS (C/2025 N1),2025-Sep-26 00:00,2460944.5,12.5,,4.5,,218.81574,-11.50928,219.15995,-11.62094,-72.7267,18.08031,,,,,130470.338,-37296.67,107.625,,999,,15.679,,97.12636,,134730.1,*,,,,,,283.4,0.0,,,239.6159,4.8457,1.824576369674,-41.8690051,2.51612879354339,-4.9682666,20.92600508,65.8302174,38.3111841,37.425,/T,19.5241,12.0,15.5539,123.419,103.491,106.609,1.25136,Lib,69.182395,220.454698,3.5098576,,,339.441521,43.883041,,0.0,0.048,0.063,0.064,0.047,-77.891,0.0095203,0.08,426.6714,0.000123,1.91,6.93,0.002846,314.5584,,19.5196,229.8538,4.24
ATLAS (C/2025 N1),2025-Sep-27 00:00,2460945.5,12.5,,4.5,,218.32243,-11.38782,218.66621,-11.50021,-72.38,18.13354,,,,,125431.035,-35460.08,107.458,,999,,15.65,,97.25124,,129423.2,*,,,,,,283.33,0.0,,,238.6789,4.8554,1.800588805327,-41.1916269,2.51319383598779,-5.197055,20.90159578,65.9285206,38.1353164,35.9509,/T,19.0913,22.8,22.9883,125.326,103.414,106.696,1.27749,Lib,69.182391,219.9564502,3.4746345,,,338.964725,44.245294,,0.0,0.049,0.064,0.065,0.048,-77.045,0.0097292,0.081,425.3837,0.0001238,1.91,6.95,0.002838,315.492,,19.0867,229.1363,4.2243
ATLAS (C/2025 N1),2025-Sep-28 00:00,2460946.5,12.5,,4.5,,217.83159,-11.26599,218.17495,-11.37911,-72.0616,18.19218,,,,,120393.922,-33622.94,107.271,,999,,15.622,,97.3809,,124122.9,*,,,,,,283.24,0.0,,,237.7169,4.864,1.777000917335,-40.484733,2.51012232312716,-5.4410412,20.87605079,66.027626,37.9762268,34.4786,/T,18.6317,34.7,31.396,127.258,103.322,106.782,1.30338,Lib,69.182387,219.460308,3.4393443,,,338.484094,44.604087,,0.0,0.049,0.065,0.066,0.048,-76.153,0.0099507,0.081,424.2787,0.0001246,1.92,6.98,0.00283,316.4507,,18.627,228.4072,4.208
ATLAS (C/2025 N1),2025-Sep-29 00:00,2460947.5,12.5,,4.5,,217.34303,-11.14377,217.68597,-11.25761,-71.7722,18.25656,,,,,115358.706,-31785.49,107.062,,999,,15.594,,97.5149,,118828.9,*,,,,,,283.13,0.0,,,236.7292,4.8714,1.753830075685,-39.7472028,2.50690562162229,-5.6997244,20.8492983,66.1274248,37.8343209,33.008,/T,18.1449,46.8,40.5416,129.2154,103.213,106.866,1.32901,Lib,69.182384,218.9660714,3.4039876,,,337.999405,44.959541,,0.0,0.05,0.065,0.066,0.049,-75.217,0.010184,0.082,423.3584,0.0001255,1.93,7.01,0.002824,317.4349,,18.1401,227.6663,4.1909
ATLAS (C/2025 N1),2025-Sep-30 00:00,2460948.5,12.5,,4.5,,216.85653,-11.02112,217.19907,-11.13567,-71.5123,18.32702,,,,,110325.08,-29947.93,106.828,,999,,15.565,,97.65273,,113540.4,*,,,,,,283.01,0.0,,,235.7152,4.8775,1.731094297999,-38.9779161,2.50353538866944,-5.9725991,20.82126892,66.2277951,37.7099686,31.539,/T,17.6306,59.2,50.1749,131.1987,103.086,106.949,1.35439,Lib,69.182381,218.4735352,3.3685642,,,337.510421,45.311779,,0.0,0.051,0.066,0.067,0.049,-74.239,0.0104283,0.083,422.6252,0.0001265,1.94,7.05,0.002819,318.4452,,17.6258,226.9132,4.1731
ATLAS (C/2025 N1),2025-Oct-01 00:00,2460949.5,12.5,,4.5,,216.3719,-10.89798,216.71405,-11.01324,-71.2824,18.40385,,,,,105292.719,-28110.48,106.567,,999,,15.537,,97.79383,,108257.1,*,,,,,,282.86,0.0,,,234.6745,4.8822,1.708812246942,-38.1757612,2.50000357538863,-6.259153,20.79189573,66.3286011,37.6034973,30.0714,/T,17.0886,71.9,60.014,133.2084,102.938,107.031,1.37953,Lib,69.182378,217.9824897,3.3330728,,,337.016894,45.66092,,0.0,0.052,0.067,0.068,0.05,-73.222,0.0106825,0.084,422.0819,0.0001276,1.95,7.1,0.002816,319.4822,,17.0837,226.1475,4.1545
ATLAS (C/2025 N1),2025-Oct-02 00:00,2460950.5,12.5,,4.5,,215.88892,-10.77432,216.23067,-10.89027,-71.0829,18.48732,,,,,100261.284,-26273.32,106.277,,999,,15.509,,97.9376,,102978.4,*,,,,,,282.69,0.0,,,233.6066,4.8853,1.687003222768,-37.339644,2.49630243058134,-6.558868,20.76111425,66.4296921,37.5151836,28.6051,/T,16.5186,85.0,69.7243,135.2447,102.765,107.112,1.40441,Lib,69.182376,217.4927215,3.297511,,,336.518559,46.007085,,0.0,0.053,0.067,0.069,0.051,-72.169,0.0109454,0.085,421.7317,0.0001287,1.97,7.14,0.002813,320.5462,,16.5136,225.3688,4.135
ATLAS (C/2025 N1),2025-Oct-03 00:00,2460951.5,12.5,,4.5,,215.40739,-10.65009,215.74874,-10.76673,-70.9141,18.57769,,,,,95230.418,-24436.64,105.952,,999,,15.48,,98.08337,,97703.89,*,,,,,,282.49,0.0,,,232.5111,4.8868,1.665687150361,-36.468498,2.49242450298751,-6.8712251,20.72886251,66.5309016,37.4452441,27.14,/T,15.9205,98.4,78.8992,137.3079,102.564,107.191,1.42905,Vir,69.182375,217.0040151,3.2618752,,,336.015143,46.350391,,0.0,0.054,0.068,0.069,0.051,-71.083,0.0112158,0.086,421.5781,0.0001299,1.98,7.19,0.002812,321.6378,,15.9154,224.5769,4.1147
ATLAS (C/2025 N1),2025-Oct-04 00:00,2460952.5,12.5,,4.5,,214.92709,-10.52524,215.26804,-10.64255,-70.7762,18.67514,,,,,90199.752,-22600.6,105.588,,999,,15.452,,98.2304,,92433.14,*,,,,,,282.26,0.0,,,231.3874,4.8865,1.644884560016,-35.561296,2.48836263916658,-7.1957143,20.69508101,66.6320476,37.3938308,25.6759,/T,15.2941,112.3,87.0524,139.3983,102.33,107.269,1.45345,Vir,69.182373,216.5161544,3.2261609,,,335.506356,46.69095,,0.0,0.055,0.068,0.07,0.052,-69.967,0.0114924,0.087,421.6252,0.0001311,1.99,7.25,0.002813,322.7574,,15.289,223.7715,4.0934
ATLAS (C/2025 N1),2025-Oct-05 00:00,2460953.5,12.5,,4.5,,214.44782,-10.39973,214.78836,-10.5177,-70.6694,18.77985,,,,,85168.897,-20765.37,105.18,,999,,15.424,,98.37792,,87165.84,*,,,,,,281.98,0.0,,,230.2354,4.8842,1.624616561074,-34.6170629,2.48410997350419,-7.5318521,20.65971267,66.7329319,37.3610336,24.2127,/T,14.6394,126.7,93.6345,141.5159,102.057,107.346,1.4776,Vir,69.182372,216.028925,3.1903626,,,334.991896,47.028873,,0.0,0.056,0.069,0.071,0.053,-68.827,0.0117739,0.088,421.8772,0.0001324,2.01,7.31,0.002814,323.9052,,14.6343,222.9522,4.0711
ATLAS (C/2025 N1),2025-Oct-06 00:00,2460954.5,12.5,,4.5,,213.96936,-10.2735,214.30948,-10.39212,-70.5938,18.89198,,,,,80137.449,-18931.1,104.72,,999,,15.396,,98.52506,,81901.76,*,,,,,,281.67,0.0,,,229.0547,4.8798,1.60490480755,-33.6348906,2.47965990769331,-7.8791997,20.6227026,66.8333399,37.3468939,22.7505,/T,13.9565,141.4,98.0864,143.6609,101.738,107.422,1.50152,Vir,69.182372,215.5421162,3.1544739,,,334.47145,47.364266,,0.0,0.057,0.069,0.072,0.054,-67.666,0.0120589,0.089,422.3389,0.0001338,2.03,7.38,0.002818,325.0817,,13.9512,222.1188,4.0477
ATLAS (C/2025 N1),2025-Oct-07 00:00,2460955.5,12.5,,4.5,,213.49149,-10.14652,213.8312,-10.26575,-70.5493,19.01168,,,,,75104.989,-17097.93,104.199,,999,,15.369,,98.67094,,76640.83,*,,,,,,281.3,0.0,,,227.8451,4.8731,1.585771455196,-32.6139531,2.47500608033258,-8.2373768,20.5839979,66.9330398,37.3514323,21.2891,/T,13.2454,156.2,99.9301,145.833,101.364,107.496,1.52521,Vir,69.182372,215.0555206,3.1184874,,,333.944691,47.697228,,0.0,0.058,0.07,0.072,0.054,-66.489,0.012346,0.091,423.0155,0.0001352,2.05,7.44,0.002822,326.287,,13.2401,221.2711,4.0233
ATLAS (C/2025 N1),2025-Oct-08 00:00,2460956.5,12.5,,4.5,,213.01401,-10.01871,213.35332,-10.13857,-70.5361,19.13915,,,,,70071.083,-15266.0,103.604,,999,,15.342,,98.81458,,71383.21,*,,,,,,280.86,0.0,,,226.6064,4.8641,1.567239109422,-31.5535227,2.4701423324544,-8.6060608,20.54354734,67.0317828,37.3746842,19.8287,/T,12.5065,169.9,98.8765,148.032,100.923,107.57,1.54867,Vir,69.182372,214.5689328,3.0823953,,,333.411281,48.027856,,0.0,0.059,0.07,0.073,0.055,-65.302,0.0126337,0.092,423.9124,0.0001367,2.07,7.52,0.002828,327.5213,,12.5012,220.4089,3.9976
ATLAS (C/2025 N1),2025-Oct-09 00:00,2460957.5,12.5,,4.5,,212.5367,-9.89004,212.87564,-10.01051,-70.5543,19.27464,,,,,65035.287,-13435.45,102.92,,999,,15.315,,98.95498,,66129.34,*,,,,,,280.33,0.0,,,225.3386,4.8525,1.549330763371,-30.4529881,2.46506267967492,-8.9849645,20.50130116,67.1293029,37.4167298,18.3693,/T,11.7401,169.4,94.9105,150.2573,100.398,107.642,1.5719,Vir,69.182373,214.0821443,3.0461892,,,332.870865,48.356238,,0.0,0.06,0.071,0.074,0.056,-64.109,0.0129206,0.093,425.0355,0.0001382,2.09,7.59,0.002836,328.7845,,11.7348,219.5321,3.9708
ATLAS (C/2025 N1),2025-Oct-10 00:00,2460958.5,12.5,,4.5,,212.05934,-9.76045,212.39794,-9.88153,-70.6043,19.41848,,,,,59997.154,-11606.43,102.126,,999,,15.288,,99.09107,,60880.14,*,,,,,,279.71,0.0,,,224.0418,4.8382,1.532069725507,-29.3118724,2.45976130289246,-9.3737951,20.45721095,67.2253177,37.4777063,16.9111,/T,10.9469,155.5,88.3132,152.508,99.769,107.713,1.59491,Vir,69.182375,213.5949391,3.0098601,,,332.323076,48.682463,,0.0,0.061,0.071,0.075,0.056,-62.915,0.0132053,0.093,426.3905,0.0001398,2.11,7.67,0.002845,330.0768,,10.9415,218.6405,3.9426
ATLAS (C/2025 N1),2025-Oct-11 00:00,2460959.5,12.5,,4.5,,211.58172,-9.62987,211.92,-9.75157,-70.6866,19.57107,,,,,54956.23,-9779.07,101.191,,999,,15.262,,99.22174,,55637.18,*,,,,,,278.95,0.0,,,222.716,4.821,1.515479536227,-28.1298531,2.45423256478106,-9.7722087,20.41122984,67.3195293,37.557792,15.4548,/T,10.1277,140.7,79.6068,154.7827,99.005,107.784,1.61769,Vir,69.182377,213.1070912,2.9733991,,,331.76753,49.006611,,0.0,0.062,0.072,0.075,0.057,-61.726,0.0134863,0.094,427.9837,0.0001414,2.13,7.76,0.002855,331.398,,10.1223,217.7342,3.9131
ATLAS (C/2025 N1),2025-Oct-12 00:00,2460960.5,12.5,,4.5,,211.10362,-9.49826,211.44159,-9.62057,-70.8018,19.73283,,,,,49912.063,-7953.52,100.074,,999,,15.236,,99.34585,,50403.08,*,,,,,,278.01,0.0,,,221.3617,4.8008,1.499583873193,-26.9067815,2.44847105072008,-10.1797735,20.36331279,67.4116253,37.6571721,14.0009,/T,9.2837,126.0,69.4503,157.0795,98.065,107.853,1.64026,Vir,69.18238,212.6183653,2.9367968,,,331.203821,49.328762,,0.0,0.063,0.072,0.076,0.058,-60.545,0.0137621,0.095,429.8213,0.0001431,2.16,7.85,0.002867,332.7478,,9.2782,216.8132,3.8821
ATLAS (C/2025 N1),2025-Oct-13 00:00,2460961.5,12.5,,4.5,,210.62481,-9.36554,210.96247,-9.48847,-70.9507,19.90422,,,,,44864.198,-6129.9,98.714,,999,,15.211,,99.46222,,45182.05,*,,,,,,276.84,0.0,,,219.979,4.7775,1.484406445257,-25.6427021,2.44247162551927,-10.5959524,20.31341709,67.5012803,37.7759979,12.5506,/T,8.4164,111.6,58.5302,159.3954,96.889,107.921,1.66262,Vir,69.182383,212.128519,2.9000437,,,330.631526,49.648992,,0.0,0.064,0.072,0.077,0.058,-59.377,0.0140315,0.096,431.9095,0.0001447,2.18,7.93,0.002881,334.1259,,8.411,215.8774,3.8497
ATLAS (C/2025 N1),2025-Oct-14 00:00,2460962.5,12.5,,4.5,,210.14505,-9.23166,210.48242,-9.35519,-71.1339,20.08568,,,,,39812.176,-4308.37,97.019,,999,,15.186,,99.56965,,39980.97,*,,,,,,275.35,0.0,,,218.5686,4.7508,1.469970875108,-24.3378725,2.43622949517594,-11.0201022,20.26150288,67.5881577,37.914353,11.1058,/T,7.5281,97.5,47.48,161.726,95.384,107.988,1.68476,Vir,69.182386,211.6373063,2.8631298,,,330.0502,49.967371,,0.0,0.065,0.073,0.077,0.059,-58.226,0.0142929,0.097,434.2543,0.0001464,2.21,8.03,0.002897,335.5317,,7.5227,214.9272,3.8158
ATLAS (C/2025 N1),2025-Oct-15 00:00,2460963.5,12.5,,4.5,,209.66413,-9.09653,210.00118,-9.22066,-71.3521,20.27762,,,,,34755.533,-2489.06,94.845,,999,,15.162,,99.66695,,34811.32,*,,,,,,273.38,0.0,,,217.131,4.7206,1.456300571002,-22.9927814,2.42974026554344,-11.4514836,20.2075336,67.6719119,38.0722334,9.6698,/T,6.6222,83.7,36.8406,164.0642,93.405,108.054,1.70669,Vir,69.182391,211.1444786,2.8260449,,,329.459375,50.283966,,0.0,0.065,0.073,0.078,0.06,-57.094,0.0145451,0.098,436.8618,0.0001481,2.23,8.12,0.002914,336.9647,,6.6168,213.9626,3.7802
ATLAS (C/2025 N1),2025-Oct-16 00:00,2460964.5,12.5,,4.5,,209.18179,-8.9601,209.51851,-9.08482,-71.6061,20.48044,,,,,29693.796,-672.096,91.948,,999,,15.139,,99.75291,,29693.13,*,,,,,,270.7,0.0,,,215.6672,4.6868,1.443418588284,-21.6081655,2.42299999415727,-11.889274,20.15147647,67.7521913,38.2495374,8.2481,/T,5.7038,70.2,27.0512,166.3986,90.709,108.119,1.7284,Vir,69.182396,210.6497863,2.7887782,,,328.858561,50.598841,,0.0,0.066,0.073,0.078,0.06,-55.984,0.0147868,0.099,439.7372,0.0001498,2.26,8.21,0.002934,338.424,,5.6984,212.9839,3.743
ATLAS (C/2025 N1),2025-Oct-17 00:00,2460965.5,12.5,,4.5,,208.6978,-8.82229,209.03419,-8.94758,-71.8965,20.69451,,,,,24626.482,1142.386,87.898,,999,,15.116,,99.82637,,24663.57,*,,,,,,266.88,0.0,,,214.178,4.6494,1.4313474817,-20.1850244,2.41600523491684,-12.3325789,20.09330283,67.8286409,38.4460657,6.851,/T,4.7815,57.0,18.4581,168.7082,86.866,108.184,1.7499,Vir,69.182401,210.152978,2.7513184,,,328.247242,50.912049,,0.0,0.067,0.073,0.079,0.061,-54.899,0.0150167,0.099,442.8858,0.0001514,2.29,8.31,0.002955,339.9088,,4.7763,211.9915,3.7042
ATLAS (C/2025 N1),2025-Oct-18 00:00,2460966.5,12.5,,4.5,,208.2119,-8.68301,208.54796,-8.80886,-72.2238,20.92018,,,,,19553.092,2954.257,81.867,,999,,15.094,,99.88618,,19797.64,*,,,,,,261.11,0.0,,,212.6645,4.6081,1.420109149876,-18.7246329,2.40875307695682,-12.7804408,20.03298847,67.9009058,38.6615237,5.4993,/T,3.8717,44.1,11.3264,170.9517,81.049,108.247,1.77119,Vir,69.182407,209.6538003,2.7136542,,,327.624882,51.223641,,0.0,0.068,0.073,0.079,0.061,-53.839,0.0152339,0.1,446.3117,0.0001531,2.31,8.4,0.002977,341.418,,3.8667,210.9858,3.6636
ATLAS (C/2025 N1),2025-Oct-19 00:00,2460967.5,12.5,,4.5,,207.72385,-8.5422,208.05957,-8.6686,-72.5885,21.15779,,,,,14473.116,4763.395,72.155,,999,,15.073,,99.93126,,15263.48,*,,,,,,251.71,0.0,,,211.1279,4.5629,1.409724673701,-17.2285496,2.4012411792308,-13.2318452,19.97051393,67.9686352,38.8955266,4.2399,/T,3.0091,31.4,5.8497,173.0366,71.557,108.309,1.79227,Vir,69.182413,209.1519965,2.6757741,,,326.990918,51.533658,,0.0,0.069,0.074,0.08,0.062,-52.806,0.0154371,0.101,450.0186,0.0001547,2.34,8.49,0.003002,342.9503,,3.0047,209.9672,3.6212
ATLAS (C/2025 N1),2025-Oct-20 00:00,2460968.5,12.5,,4.5,,207.23339,-8.39977,207.56879,-8.52671,-72.9913,21.40767,,,,,9386.017,6569.685,55.308,,999,,15.053,,99.96061,,11477.82,*,,,,,,235.25,0.0,,,209.5697,4.5137,1.400214150703,-15.6986221,2.39346780181219,-13.6857258,19.90586472,68.0314861,39.1476049,3.1883,/T,2.2777,19.1,2.1563,174.7349,54.937,108.371,1.81314,Vir,69.18242,208.6473041,2.6376668,,,326.344758,51.842134,,0.0,0.07,0.074,0.08,0.062,-51.799,0.0156256,0.101,454.0091,0.0001562,2.36,8.58,0.003029,344.5044,,2.2745,208.9364,3.577
ATLAS (C/2025 N1),2025-Oct-21 00:00,2460969.5,12.5,,4.5,,206.74027,-8.25564,207.07534,-8.38311,-73.4326,21.67014,,,,,4291.219,8373.01,27.323,,999,,15.034,,99.97329,,9415.577,*,,,,,,207.68,0.0,,,207.9915,4.4605,1.391596527838,-14.1369871,2.38543183429147,-14.1409699,19.83903161,68.0891279,39.4172112,2.6154,/T,1.8734,8.124,0.3111,175.5376,27.184,108.431,1.8338,Vir,69.182428,208.1394514,2.5993154,,,325.685775,52.149094,,0.0,0.07,0.074,0.08,0.063,-50.818,0.0157984,0.102,458.2847,0.0001577,2.38,8.67,0.003057,346.0788,,1.8728,207.8939,3.531
ATLAS (C/2025 N1),2025-Oct-22 00:00,2460970.5,12.5,,4.5,,206.24422,-8.10972,206.57898,-8.23772,-73.913,21.94551,,,,,-811.844,10173.204,355.397,,999,,15.015,,99.96851,,10205.83,*,,,,,,175.91,0.0,,,206.3948,4.4032,1.383889435422,-12.5460664,2.37713282123751,-14.5964233,19.77001083,68.1412461,39.7037271,2.835,/L,2.0311,9.039,0.3197,174.9625,355.497,108.491,1.85424,Vir,69.182435,207.6281742,2.560691,,,325.013319,52.454534,,0.0,0.071,0.074,0.081,0.063,-49.863,0.015955,0.102,462.8456,0.000159,2.41,8.75,0.003088,347.6717,,2.0335,206.8405,3.4832
ATLAS (C/2025 N1),2025-Oct-23 00:00,2460971.5,12.5,,4.5,,205.74499,-7.96193,206.07945,-8.09047,-74.433,22.23408,,,,,-5923.7,11970.17,333.4,,999,,14.998,,99.94558,,13369.63,*,,,,,,153.96,0.0,,,204.7817,4.3419,1.377109025159,-10.9285565,2.3685709845833,-15.0508956,19.6988042,68.1875477,40.006473,3.7138,/L,2.6693,20.1,2.1324,173.3374,333.745,108.55,1.87447,Vir,69.182444,207.1132134,2.5217872,,,324.326747,52.75845,,0.0,0.071,0.074,0.081,0.063,-48.932,0.0160947,0.103,467.6907,0.0001603,2.43,8.83,0.00312,349.2814,,2.6735,205.777,3.4335
ATLAS (C/2025 N1),2025-Oct-24 00:00,2460972.5,12.5,,4.5,,205.2423,-7.81217,205.5765,-7.94126,-74.9929,22.53619,,,,,-11044.97,13763.856,320.795,,999,,14.981,,99.90396,,17690.35,*,,,,,,141.49,0.0,,,203.1539,4.2765,1.371269815392,-9.2874142,2.3597472429274,-15.5031656,19.62541938,68.2277647,40.3247171,4.914,/L,3.547,32.1,5.6528,171.2139,321.391,108.608,1.89449,Vir,69.182453,206.5942824,2.4825984,,,323.625365,53.060841,,0.0,0.072,0.074,0.081,0.064,-48.024,0.0162173,0.103,472.8172,0.0001614,2.45,8.9,0.003154,350.9059,,3.5519,204.7041,3.3819
ATLAS (C/2025 N1),2025-Oct-25 00:00,2460973.5,12.5,,4.5,,204.73589,-7.66037,205.06983,-7.78999,-75.5935,22.85214,,,,,-16176.3,15554.176,313.247,,999,,14.966,,99.84326,,22524.18,*,,,,,,134.14,0.0,,,201.5136,4.2072,1.366384546753,-7.6258348,2.35066322796136,-15.9519862,19.54986993,68.2616585,40.6576857,6.2567,/L,4.5327,44.2,10.7473,168.8649,314.1,108.665,1.91428,Vir,69.182462,206.0710904,2.4431075,,,322.90844,53.361682,,0.0,0.072,0.074,0.081,0.064,-47.137,0.0163226,0.103,478.221,0.0001624,2.47,8.97,0.00319,352.5432,,4.5379,203.6229,3.3285
ATLAS (C/2025 N1),2025-Oct-26 00:00,2460974.5,12.5,,4.5,,204.22548,-7.50641,204.55918,-7.63657,-76.2353,23.18228,,,,,-21318.37,17341.053,308.327,,999,,14.952,,99.76328,,27614.1,*,,,,,,129.45,0.0,,,199.8631,4.1339,1.362464051356,-5.9472269,2.3413212983866,-16.3960877,19.47217547,68.2890239,41.0045734,7.6706,/L,5.5721,56.5,17.2547,166.4011,309.444,108.721,1.93386,Vir,69.182472,205.5433449,2.4032966,,,322.175211,53.660931,,0.0,0.073,0.074,0.081,0.064,-46.27,0.0164106,0.104,483.8959,0.0001632,2.48,9.02,0.003228,354.191,,5.5775,202.5341,3.2733
ATLAS (C/2025 N1),2025-Oct-27 00:00,2460975.5,12.5,,4.5,,203.71079,-7.35021,204.04427,-7.48091,-76.9188,23.52695,,,,,-26471.87,19124.417,304.876,,999,,14.939,,99.664,,32851.41,*,,,,,,126.25,0.0,,,198.2045,4.0568,1.359517138536,-4.2551808,2.3317245516602,-16.8341823,19.39236176,68.3096923,41.3645513,9.1254,/L,6.6406,68.9,24.9918,163.8718,306.263,108.777,1.95322,Vir,69.182482,205.0107487,2.3631482,,,321.424892,53.958532,,0.0,0.073,0.073,0.081,0.065,-45.419,0.0164817,0.104,489.8341,0.0001639,2.5,9.07,0.003268,355.8472,,6.6461,201.4389,3.2162
ATLAS (C/2025 N1),2025-Oct-28 00:00,2460976.5,12.5,,4.5,,203.19155,-7.19167,203.5248,-7.3229,-77.6447,23.8865,,,,,-31637.53,20904.213,302.31,,999,,14.927,,99.54557,,38184.87,*,,,,,,123.95,0.0,,,196.5402,3.976,1.357550499834,-2.5534333,2.32187683366674,-17.264967,19.31046079,68.3235347,41.7367739,10.6069,/L,7.7252,81.4,33.7543,161.3021,303.972,108.831,1.97236,Vir,69.182492,204.4729997,2.3226445,,,320.656663,54.254411,,0.0,0.074,0.073,0.081,0.065,-44.584,0.0165362,0.104,496.026,0.0001643,2.51,9.11,0.003309,357.5094,,7.7307,200.3381,3.1574
ATLAS (C/2025 N1),2025-Oct-29 00:00,2460977.5,12.5,,4.5,,202.66747,-7.03068,203.0005,-7.16244,-78.4137,24.26128,,,,,-36816.09,22680.396,300.31,,999,,14.916,,99.40834,,43587.96,*,,,,,,122.23,0.0,,,194.8726,3.8917,1.356568635566,-0.8458284,2.31178274595975,-17.6871291,19.22651082,68.3304638,42.1203852,12.1078,/L,8.8175,94.2,43.3092,158.7066,302.254,108.885,1.99126,Vir,69.182503,203.9297906,2.2817678,,,319.869673,54.548476,,0.0,0.074,0.073,0.081,0.065,-43.761,0.0165749,0.104,502.4601,0.0001646,2.52,9.14,0.003352,359.1752,,8.823,199.233,3.0968
ATLAS (C/2025 N1),2025-Oct-30 00:00,2460978.5,12.5,,4.5,,202.13826,-6.86715,202.47106,-6.99943,-79.2264,24.65165,,,,,-42008.37,24452.934,298.693,,999,,14.906,,99.25288,,49046.0,*,,,,,,120.89,0.0,,,193.2042,3.8041,1.356573804831,0.8637247,2.30144764959324,-18.0993529,19.14055645,68.3304357,42.5145236,13.6239,/L,9.9118,107.3,53.3794,156.0946,300.925,108.938,2.00993,Vir,69.182514,203.3808095,2.2404998,,,319.063039,54.840618,,0.0,0.074,0.073,0.081,0.065,-42.951,0.0165987,0.104,509.1231,0.0001646,2.52,9.16,0.003397,0.8422,,9.9172,198.1245,3.0345
ATLAS (C/2025 N1),2025-Oct-31 00:00,2460979.5,12.5,,4.5,,201.60363,-6.70098,201.9362,-6.83377,-80.0835,25.05799,,,,,-47215.19,26221.804,297.345,,999,,14.897,,99.07991,,54550.49,*,,,,,,119.84,0.0,,,191.5374,3.7133,1.357566000226,2.5712947,2.29087766384563,-18.5003307,19.05264856,68.3234505,42.918328,15.1529,/L,11.0033,120.7,63.622,153.473,299.87,108.991,2.02837,Vir,69.182526,202.8257403,2.198822,,,318.235845,55.130704,,0.0,0.074,0.073,0.081,0.066,-42.152,0.0166088,0.104,516.0001,0.0001644,2.52,9.17,0.003442,2.508,,11.0087,197.0137,2.9707
ATLAS (C/2025 N1),2025-Nov-01 00:00,2460980.5,12.5,,4.5,,201.06327,-6.53204,201.39561,-6.66533,-80.9858,25.48063,,,,,-52437.43,27986.996,296.191,,999,,14.89,,98.89036,,60096.36,*,,,,,,118.98,0.0,,,189.8745,3.6195,1.359542947927,4.2729726,2.28007965750096,-18.8887778,18.96284428,68.3095526,43.3309471,16.6934,/L,12.088,134.6,73.6055,150.8469,299.017,109.042,2.04656,Vir,69.182538,202.2642641,2.1567152,,,317.387142,55.418582,,0.0,0.074,0.073,0.08,0.066,-41.364,0.0166066,0.104,523.0744,0.0001639,2.52,9.16,0.00349,4.1702,,12.0935,195.9016,2.9052
ATLAS (C/2025 N1),2025-Nov-02 00:00,2460981.5,12.5,,4.5,,200.51689,-6.36024,200.84899,-6.49402,-81.934,25.91994,,,,,-57676.0,29748.513,295.183,,999,,14.884,,98.68533,,65680.64,*,,,,,,118.28,0.0,,,188.218,3.5231,1.362500133135,5.9649152,2.26906123019397,-19.2634517,18.87120681,68.2888296,43.7515559,18.2446,/L,13.1625,148.9,82.7981,148.2206,298.315,109.093,2.0645,Vir,69.18255,201.6960598,2.1141601,,,316.51595,55.704073,,0.0,0.074,0.072,0.08,0.066,-40.588,0.0165935,0.104,530.328,0.0001632,2.51,9.14,0.003538,5.8263,,13.1679,194.7893,2.8383
ATLAS (C/2025 N1),2025-Nov-03 00:00,2460982.5,12.5,,4.5,,199.96417,-6.18546,200.29603,-6.31972,-82.9287,26.37627,,,,,-62931.89,31506.368,294.286,,999,,14.879,,98.46607,,71301.65,*,,,,,,117.69,0.0,,,186.5702,3.4243,1.36643085023,7.6433869,2.25783068233989,-19.6231712,18.77780519,68.2614107,44.1793794,19.806,/L,14.2236,163.5,90.5818,145.5978,297.73,109.143,2.08218,Vir,69.182563,201.1208047,2.071137,,,315.621256,55.986975,,0.0,0.075,0.072,0.08,0.066,-39.826,0.0165714,0.104,537.7416,0.0001622,2.5,9.1,0.003587,7.4741,,14.2289,193.6778,2.77
ATLAS (C/2025 N1),2025-Nov-04 00:00,2460983.5,12.5,,4.5,,199.40481,-6.00759,199.73645,-6.14232,-83.971,26.85003,,,,,-68206.11,33260.593,293.474,,999,,14.875,,98.234,,76958.55,*,,,,,,117.2,0.0,,,184.9333,3.3233,1.371326276336,9.3047988,2.24639697514812,-19.9668305,18.68271395,68.2274651,44.6137247,21.3774,/L,15.2681,175.1,96.3107,142.9816,297.236,109.192,2.0996,Vir,69.182576,200.5381739,2.027626,,,314.702018,56.267056,,0.0,0.075,0.072,0.08,0.066,-39.081,0.016542,0.104,545.2945,0.000161,2.49,9.05,0.003638,9.1112,,15.2734,192.568,2.7004
ATLAS (C/2025 N1),2025-Nov-05 00:00,2460984.5,12.5,,4.5,,198.83848,-5.82651,199.16992,-5.9617,-85.0616,27.34168,,,,,-73499.75,35011.232,292.73,,999,,14.872,,97.99062,,82651.12,*,,,,,,116.78,0.0,,,183.3096,3.2204,1.377175566469,10.9457442,2.23476968721949,-20.2933953,18.58601274,68.1871983,45.0540124,22.9586,/L,16.2933,164.0,99.4166,140.3748,296.815,109.24,2.11675,Vir,69.18259,199.9478368,1.983607,,,313.757162,56.544055,,0.0,0.075,0.072,0.08,0.066,-38.36,0.0165073,0.103,552.9656,0.0001594,2.47,8.99,0.003689,10.7356,,16.2985,191.4609,2.6296
ATLAS (C/2025 N1),2025-Nov-06 00:00,2460985.5,12.5,,4.5,,198.26486,-5.64209,198.59613,-5.77776,-86.2018,27.85179,,,,,-78813.92,36758.35,292.039,,999,,14.87,,97.73759,,88379.53,*,,,,,,116.42,0.0,,,181.701,3.1159,1.3839659679,12.5630294,2.22295897936621,-20.6018774,18.48778608,68.140849,45.4997948,24.5499,/L,17.2966,148.5,99.5374,137.7801,296.454,109.287,2.13361,Vir,69.182604,199.349452,1.93906,,,312.785587,56.817683,,0.0,0.075,0.071,0.079,0.066,-37.668,0.0164692,0.103,560.7327,0.0001577,2.45,8.92,0.003741,12.3452,,17.3017,190.3572,2.5576
ATLAS (C/2025 N1),2025-Nov-07 00:00,2460986.5,12.5,,4.5,,197.68361,-5.45422,198.01474,-5.59036,-87.393,28.38101,,,,,-84149.81,38502.029,291.391,,999,,14.869,,97.47661,,94144.28,*,,,,,,116.11,0.0,,,180.1095,3.0101,1.391682951046,14.1537,2.21097558061594,-20.8912889,18.38812319,68.0886857,45.950748,26.1512,/L,18.2754,132.8,96.6185,135.1998,296.142,109.333,2.15017,Vir,69.182619,198.742662,1.893965,,,311.786159,57.087615,,0.0,0.075,0.071,0.079,0.066,-37.014,0.0164297,0.103,568.5736,0.0001556,2.43,8.83,0.003793,13.938,,18.2805,189.2579,2.4846
ATLAS (C/2025 N1),2025-Nov-08 00:00,2460987.5,12.5,,4.5,,197.0944,-5.26276,197.4254,-5.39938,-88.6366,28.93006,,,,,-89508.66,40242.369,290.778,,999,,14.869,,97.20947,,99946.08,*,,,,,,115.84,0.0,,,178.5369,2.9032,1.400310353873,15.7150618,2.19883080265823,-21.1605927,18.28711816,68.0310018,46.4066363,27.7628,/L,19.2275,117.2,90.9347,132.6359,295.87,109.378,2.16642,Vir,69.182633,198.1270915,1.8483023,,,310.757718,57.353494,,0.0,0.075,0.071,0.079,0.066,-36.407,0.0163906,0.103,576.4656,0.0001533,2.4,8.72,0.003846,15.5122,,19.2326,188.1635,2.4107
ATLAS (C/2025 N1),2025-Nov-09 00:00,2460988.5,12.5,,4.5,,196.49686,-5.06758,196.82775,-5.20467,-89.9344,29.49971,,,,,-94891.75,41979.476,290.193,,999,,14.87,,96.93799,,105785.8,*,,,,,,115.6,0.0,,,176.9848,2.7956,1.409830536684,17.2446952,2.18653657903404,-21.4086691,18.18487022,67.9681118,46.8672617,29.3849,/L,20.1507,101.9,83.0199,130.0904,295.632,109.423,2.18234,Vir,69.182649,197.5023489,1.8020525,,,309.699077,57.614927,,0.0,0.075,0.071,0.079,0.066,-35.856,0.0163536,0.103,584.3865,0.0001508,2.37,8.61,0.003899,17.0661,,20.1557,187.0748,2.3359
ATLAS (C/2025 N1),2025-Nov-10 00:00,2460989.5,12.5,,4.5,,195.89062,-4.86854,196.22141,-5.0061,-91.288,30.09065,,,,,-100300.41,43713.467,289.631,,999,,14.872,,96.66403,,111664.5,*,,,,,,115.39,0.0,,,175.4548,2.6875,1.420224544096,18.7404661,2.17410551601923,-21.6343093,18.08148422,67.9003466,47.3324195,31.0179,/L,21.043,86.9,73.5419,127.5651,295.422,109.466,2.19791,Vir,69.182665,196.8680302,1.7551962,,,308.609025,57.871482,,0.0,0.075,0.071,0.079,0.066,-35.371,0.0163203,0.103,592.3143,0.000148,2.33,8.48,0.003951,18.5982,,21.0479,185.9923,2.2604
ATLAS (C/2025 N1),2025-Nov-11 00:00,2460990.5,12.5,,4.5,,195.27532,-4.6655,195.606,-4.80351,-92.6989,30.70353,,,,,-105736.0,45444.464,289.089,,999,,14.875,,96.38942,,117583.3,*,,,,,,115.21,0.0,,,173.9482,2.5792,1.431472271106,20.2005293,2.16155094032103,-21.8362311,17.977071,67.8280493,47.8018725,32.662,/L,21.9025,72.5,63.1793,125.0614,295.237,109.508,2.21312,Vir,69.182681,196.2237235,1.7077143,,,307.486334,58.122681,,0.0,0.075,0.07,0.079,0.066,-34.957,0.0162921,0.103,600.2276,0.000145,2.29,8.34,0.004004,20.1072,,21.9073,184.9165,2.1843
ATLAS (C/2025 N1),2025-Nov-12 00:00,2460991.5,12.5,,4.5,,194.65057,-4.45831,194.98112,-4.59676,-94.1686,31.33886,,,,,-111199.94,47172.591,288.562,,999,,14.879,,96.11601,,123543.4,*,,,,,,115.04,0.0,,,172.4661,2.4708,1.443552630267,21.6233285,2.14888693400913,-22.0131053,17.87174767,67.7515709,48.2753458,34.3176,/L,22.7276,58.4,52.5389,122.5807,295.073,109.549,2.22795,Vir,69.182698,195.5690111,1.6595876,,,306.329771,58.368005,,0.0,0.075,0.07,0.079,0.066,-34.619,0.0162698,0.103,608.1061,0.0001419,2.25,8.19,0.004057,21.5918,,22.7323,183.8478,2.1076
ATLAS (C/2025 N1),2025-Nov-13 00:00,2460992.5,12.5,,4.5,,194.01596,-4.24682,194.34639,-4.38569,-95.6982,31.99706,,,,,-116693.7,48897.982,288.047,,999,,14.883,,95.84558,,129546.1,*,,,,,,114.9,0.0,,,171.0098,2.3627,1.45644371728,23.0075914,2.13612835449303,-22.1635797,17.7656378,67.6712663,48.7525342,35.985,/L,23.5167,44.8,42.1222,120.1242,294.927,109.589,2.24237,Vir,69.182715,194.9034699,1.6107971,,,305.138102,58.606879,,0.0,0.075,0.07,0.079,0.066,-34.361,0.0162542,0.103,615.9303,0.0001385,2.21,8.03,0.004109,23.0509,,23.5213,182.7865,2.0304
ATLAS (C/2025 N1),2025-Nov-14 00:00,2460993.5,12.5,,4.5,,193.37109,-4.03087,193.7014,-4.17015,-97.2888,32.67841,,,,,-122218.74,50620.773,287.544,,999,,14.888,,95.57988,,135592.6,*,,,,,,114.77,0.0,,,169.5799,2.2551,1.470122972556,24.3523207,2.12329084245106,-22.2862962,17.65887146,67.5874903,49.233115,37.6646,/L,24.2684,31.5,32.3264,117.6929,294.797,109.627,2.25635,Vir,69.182733,194.2266721,1.5613234,,,303.910113,58.83868,,0.0,0.075,0.07,0.079,0.066,-34.179,0.0162457,0.103,623.6821,0.000135,2.16,7.86,0.004161,24.4836,,24.2729,181.7329,1.9529
ATLAS (C/2025 N1),2025-Nov-15 00:00,2460994.5,12.5,,4.5,,192.71556,-3.81032,193.04575,-3.94998,-98.941,33.38309,,,,,-127776.61,52341.11,287.048,,999,,14.894,,95.32058,,141684.4,*,,,,,,114.65,0.0,,,168.1774,2.1482,1.484567336677,25.6567817,2.11039082229383,-22.3798997,17.55158527,67.5005948,49.7167585,39.3568,/L,24.9815,18.6,23.4638,115.2877,294.68,109.664,2.26987,Vir,69.182751,193.5381856,1.5111477,,,302.644616,59.062724,,0.0,0.075,0.07,0.079,0.065,-34.069,0.0162443,0.103,631.3449,0.0001314,2.12,7.69,0.004212,25.8892,,24.9859,180.687,1.8751
ATLAS (C/2025 N1),2025-Nov-16 00:00,2460995.5,12.5,,4.5,,192.04895,-3.585,192.37904,-3.72504,-100.655,34.11111,,,,,-133368.86,54059.142,286.56,,999,,14.901,,95.06928,,147822.9,*,,,,,,114.55,0.0,,,166.8028,2.0421,1.499753398014,26.9204878,2.09744549910076,-22.4430419,17.4439223,67.4109251,50.2031362,41.0619,/L,25.6549,6.523,15.7814,112.9093,294.575,109.699,2.2829,Vir,69.18277,192.837574,1.4602509,,,301.340474,59.278266,,0.0,0.075,0.07,0.079,0.065,-34.024,0.0162497,0.103,638.9034,0.0001277,2.07,7.51,0.004262,27.2671,,25.6592,179.6491,1.797
ATLAS (C/2025 N1),2025-Nov-17 00:00,2460996.5,12.5,,4.5,,191.37084,-3.35476,191.70084,-3.49518,-102.432,34.8624,,,,,-138997.07,55775.023,286.077,,999,,14.908,,94.82751,,154009.5,*,,,,,,114.46,0.0,,,165.4565,1.937,1.515657531139,28.1431835,2.08447285446578,-22.4743818,17.3360321,67.3188177,50.6919244,42.7804,/L,26.2876,8.217,9.4782,110.5582,294.479,109.733,2.29541,Vir,69.182789,192.1243984,1.4086144,,,299.996614,59.4845,,0.0,0.075,0.07,0.079,0.065,-34.034,0.0162615,0.103,646.3441,0.0001239,2.01,7.32,0.004312,28.6166,,26.2918,178.619,1.7189
ATLAS (C/2025 N1),2025-Nov-18 00:00,2460997.5,12.5,,4.5,,190.68081,-3.11945,191.01074,-3.26023,-104.272,35.63668,,,,,-144662.86,57488.907,285.598,,999,,14.915,,94.59666,,160245.6,*,,,,,,114.37,0.0,,,164.139,1.8332,1.532256025016,29.3248259,2.07149164224623,-22.4725859,17.22807065,67.2245979,51.1828059,44.5127,/L,26.8788,20.3,4.713,108.2348,294.393,109.765,2.30738,Vir,69.182808,191.398218,1.3562198,,,298.612054,59.680554,,0.0,0.075,0.07,0.08,0.065,-34.088,0.0162787,0.103,653.6551,0.00012,1.96,7.14,0.004361,29.9375,,26.8828,177.5968,1.6406
ATLAS (C/2025 N1),2025-Nov-19 00:00,2460998.5,12.5,,4.5,,189.97845,-2.87892,190.30834,-3.02004,-106.173,36.43355,,,,,-150367.84,59200.948,285.122,,999,,14.924,,94.37805,,166532.7,*,,,,,,114.29,0.0,,,162.8505,1.7307,1.549525200288,30.4655652,2.05852138419379,-22.4363284,17.12020031,67.1285779,51.6754701,46.2591,/L,27.4277,32.8,1.6065,105.9395,294.315,109.794,2.31876,Vir,69.182828,190.6585923,1.3030494,,,297.185923,59.865486,,0.0,0.076,0.07,0.08,0.065,-34.175,0.0163003,0.103,660.8262,0.0001161,1.91,6.95,0.004409,31.2296,,27.4317,176.5823,1.5624
ATLAS (C/2025 N1),2025-Nov-20 00:00,2460999.5,12.5,,4.5,,189.26333,-2.63302,189.59321,-2.77448,-108.136,37.2524,,,,,-156113.68,60911.296,284.649,,999,,14.932,,94.17288,,172872.2,*,,,,,,114.22,0.0,,,161.591,1.6296,1.567441515281,31.5657257,2.04558236490292,-22.3642933,17.01258976,67.0310557,52.169613,48.02,/L,27.9339,45.3,0.2397,103.6725,294.243,109.822,2.32953,Vir,69.182848,189.905083,1.2490859,,,295.717488,60.03829,,0.0,0.076,0.07,0.08,0.065,-34.284,0.0163254,0.103,667.849,0.0001123,1.86,6.76,0.004455,32.4926,,27.9377,175.5755,1.4842
ATLAS (C/2025 N1),2025-Nov-21 00:00,2461000.5,12.5,,4.5,,188.53505,-2.3816,188.86494,-2.5234,-110.16,38.09244,,,,,-161902.03,62620.09,284.178,,999,,14.942,,93.98225,,179265.5,*,,,,,,114.16,0.0,,,160.3605,1.5301,1.585981660618,32.6257854,2.03269562535934,-22.2551776,16.90541402,66.9323134,52.6649372,49.796,/L,28.3968,57.8,0.6499,101.4337,294.176,109.848,2.33964,Vir,69.182869,189.1372566,1.1943129,,,294.206184,60.197886,,0.0,0.076,0.07,0.081,0.064,-34.404,0.0163525,0.103,674.7166,0.0001084,1.81,6.57,0.004501,33.7266,,28.4004,174.576,1.4061
ATLAS (C/2025 N1),2025-Nov-22 00:00,2461001.5,12.5,,4.5,,187.7932,-2.12454,188.12312,-2.26665,-112.242,38.95267,,,,,-167734.53,64327.459,283.708,,999,,14.951,,93.80712,,185714.0,*,,,,,,114.1,0.0,,,159.1591,1.4323,1.605122642561,33.6463569,2.01988295447706,-22.1076944,16.79885428,66.8326168,53.1611529,51.5872,/L,28.816,70.4,2.8287,99.2233,294.115,109.871,2.34906,Vir,69.18289,188.3546869,1.1387153,,,292.651646,60.343132,,0.0,0.076,0.07,0.081,0.064,-34.524,0.0163806,0.103,681.4239,0.0001046,1.76,6.38,0.004546,34.9316,,28.8195,173.5837,1.3282
ATLAS (C/2025 N1),2025-Nov-23 00:00,2461002.5,12.5,,4.5,,187.03738,-1.8617,187.36735,-2.00411,-114.383,39.83185,,,,,-173612.86,66033.512,283.239,,999,,14.962,,93.64836,,192219.0,*,,,,,,114.04,0.0,,,157.9865,1.3362,1.624841855385,34.6281692,2.00716687822307,-21.9205783,16.6930979,66.732215,53.6579788,53.3942,/L,29.1913,83.1,6.7226,97.0411,294.058,109.892,2.35776,Vir,69.182911,187.5569585,1.082279,,,291.053737,60.472815,,0.0,0.076,0.07,0.081,0.064,-34.636,0.0164084,0.104,687.9673,0.0001009,1.71,6.2,0.00459,36.1078,,29.1947,172.5982,1.2504
ATLAS (C/2025 N1),2025-Nov-24 00:00,2461003.5,12.5,,4.5,,186.2672,-1.59295,186.59725,-1.73564,-116.579,40.72852,,,,,-179538.65,67738.331,282.769,,999,,14.972,,93.50672,,198782.0,*,,,,,,113.99,0.0,,,156.8425,1.2419,1.645117143258,35.5720492,1.9945706460891,-21.6925895,16.58833823,66.63134,54.1551425,55.2172,/L,29.5225,95.9,12.2345,94.8869,294.004,109.91,2.36568,Vir,69.182933,186.7436703,1.0249913,,,289.412584,60.585666,,0.0,0.076,0.07,0.082,0.064,-34.732,0.016435,0.104,694.3449,9.74e-05,1.66,6.03,0.004632,37.2554,,29.5257,171.6193,1.173
ATLAS (C/2025 N1),2025-Nov-25 00:00,2461004.5,12.5,,4.5,,185.48229,-1.3182,185.81244,-1.46115,-118.827,41.64094,,,,,-185513.54,69441.972,282.299,,999,,14.983,,93.38281,,205404.0,*,,,,,,113.94,0.0,,,155.7268,1.1494,1.665926852204,36.478906,1.98211821466063,-21.4225194,16.48477452,66.5302066,54.6523819,57.0567,/L,29.8095,108.9,19.227,92.7605,293.953,109.924,2.37278,Vir,69.182954,185.9144396,0.9668417,,,287.728609,60.680355,,0.0,0.077,0.07,0.082,0.064,-34.804,0.0164593,0.104,700.5561,9.39e-05,1.61,5.86,0.004674,38.3747,,29.8126,170.6465,1.0958
ATLAS (C/2025 N1),2025-Nov-26 00:00,2461005.5,12.5,,4.5,,184.6823,-1.03734,185.01255,-1.18053,-121.125,42.56713,,,,,-191539.13,71144.452,281.829,,999,,14.994,,93.27714,,212086.4,*,,,,,,113.9,0.0,,,154.6391,1.0588,1.687249872804,37.3497145,1.96983422779977,-21.1091971,16.38261172,66.4290129,55.1494441,58.9129,/L,30.0523,122.0,27.5222,90.6615,293.904,109.936,2.37903,Vir,69.182976,185.0689057,0.9078213,,,286.002562,60.755504,,0.0,0.077,0.07,0.083,0.064,-34.844,0.0164807,0.104,706.6016,9.06e-05,1.57,5.7,0.004714,39.4661,,30.0552,169.6796,1.0189
ATLAS (C/2025 N1),2025-Nov-27 00:00,2461006.5,12.5,,4.5,,183.8669,-0.7503,184.19727,-0.89369,-123.47,43.50479,,,,,-197617.0,72845.743,281.358,,999,,15.006,,93.19013,,218830.1,*,,,,,,113.85,0.0,,,153.5788,0.9702,1.709065674361,38.1855023,1.95774399253929,-20.7514977,16.2820603,66.3279405,55.646087,60.7861,/L,30.251,135.4,36.8968,88.5897,293.856,109.944,2.38438,Vir,69.182999,184.2067347,0.8479238,,,284.235547,60.809697,,0.0,0.077,0.07,0.083,0.063,-34.845,0.0164987,0.104,712.4833,8.75e-05,1.53,5.55,0.004753,40.5298,,30.2537,168.7181,0.9424
ATLAS (C/2025 N1),2025-Nov-28 00:00,2461007.5,12.5,,4.5,,183.03576,-0.457,183.36626,-0.60057,-125.856,44.45137,,,,,-203748.66,74545.767,280.886,,999,,15.018,,93.12205,,225636.3,*,,,,,,113.81,0.0,,,152.5457,0.8835,1.731354331265,38.9873358,1.94587344930514,-20.3483539,16.183336,66.2271552,56.1420794,62.6767,/L,30.4056,149.2,47.0701,86.5445,293.81,109.948,2.38878,Vir,69.183022,183.327624,0.7871455,,,282.429052,60.841485,,0.0,0.077,0.07,0.083,0.063,-34.802,0.0165131,0.104,718.2045,8.46e-05,1.49,5.41,0.004791,41.5665,,30.4082,167.7617,0.8663
ATLAS (C/2025 N1),2025-Nov-29 00:00,2461008.5,12.5,,4.5,,182.18861,-0.15739,182.51926,-0.3011,-128.28,45.40398,,,,,-209935.61,76244.391,280.412,,999,,15.031,,93.07307,,232505.7,*,,,,,,113.76,0.0,,,151.5391,0.7987,1.754096542328,39.7563097,1.93424913478032,-19.8987699,16.08665952,66.1268073,56.637206,64.5849,/L,30.5165,163.3,57.685,84.5256,293.764,109.949,2.39218,Vir,69.183044,182.4313066,0.7254858,,,280.584965,60.849405,,0.0,0.077,0.07,0.083,0.063,-34.707,0.0165238,0.105,723.7693,8.2e-05,1.45,5.28,0.004828,42.5766,,30.5189,166.8101,0.7906
ATLAS (C/2025 N1),2025-Nov-30 00:00,2461009.5,12.5,,4.5,,181.32519,0.14854,181.656,0.00472,-130.737,46.35947,,,,,-216179.26,77941.416,279.937,,999,,15.044,,93.04326,,239439.1,*,,,,,,113.72,0.0,,,150.5585,0.7159,1.777273643812,40.4935357,1.922898135951,-19.4018374,15.99225614,66.0270324,57.1312754,66.5109,/L,30.5839,177.1,68.2879,82.5324,293.719,109.945,2.39454,Vir,69.183067,181.5175563,0.6629475,,,278.705589,60.831992,,0.0,0.078,0.07,0.084,0.063,-34.553,0.0165313,0.105,729.1829,7.96e-05,1.42,5.17,0.004865,43.5606,,30.5861,165.8627,0.7154
ATLAS (C/2025 N1),2025-Dec-01 00:00,2461010.5,12.5,,4.5,,180.44528,0.46082,180.77629,0.31691,-133.22,47.31441,,,,,-222480.95,79636.575,279.46,,999,,15.057,,93.03258,,246437.2,*,,,,,,113.68,0.0,,,149.6035,0.635,1.800867616887,41.2001344,1.91184803511072,-18.8567503,15.90035526,65.9279524,57.6241346,68.4548,/L,30.6081,166.8,78.3178,80.5643,293.673,109.936,2.3958,Vir,69.183091,180.5861909,0.5995369,,,276.793647,60.787795,,0.0,0.078,0.07,0.084,0.063,-34.333,0.016536,0.105,734.4513,7.75e-05,1.4,5.07,0.0049,44.519,,30.6102,164.9193,0.6406
ATLAS (C/2025 N1),2025-Dec-02 00:00,2461011.5,12.5,,4.5,,179.5487,0.77941,179.87993,0.63546,-135.723,48.2651,,,,,-228841.95,81329.534,278.981,,999,,15.071,,93.04089,,253500.4,*,,,,,,113.63,0.0,,,148.6733,0.5561,1.824861090203,41.8772266,1.90112684823591,-18.2628121,15.81118987,65.8296758,58.1156867,70.4168,/L,30.5896,151.4,87.1213,78.6209,293.626,109.923,2.39593,Vir,69.183114,179.6370752,0.5352646,,,274.852274,60.715398,,0.0,0.078,0.07,0.084,0.063,-34.039,0.0165388,0.105,739.5815,7.57e-05,1.37,4.99,0.004934,45.4524,,30.5915,163.9795,0.5663
ATLAS (C/2025 N1),2025-Dec-03 00:00,2461012.5,12.5,,4.5,,178.63529,1.10427,178.9668,0.9603,-138.24,49.20767,,,,,-235263.46,83019.885,278.5,,999,,15.085,,93.06794,,260629.2,*,,,,,,113.59,0.0,,,147.7676,0.4791,1.849237338211,42.5259272,1.89076296294734,-17.6194284,15.72499606,65.7322991,58.6059088,72.397,/L,30.5288,135.5,94.0121,76.7016,293.579,109.905,2.39486,Vir,69.183138,178.6701218,0.470146,,,272.885004,60.613437,,0.0,0.078,0.07,0.084,0.063,-33.665,0.0165407,0.105,744.5808,7.42e-05,1.36,4.93,0.004967,46.3614,,30.5305,163.0429,0.4925
ATLAS (C/2025 N1),2025-Dec-04 00:00,2461013.5,12.5,,4.5,,177.70496,1.43535,178.0368,1.29138,-140.764,50.13804,,,,,-241746.53,84707.145,278.017,,999,,15.099,,93.11339,,267823.5,*,,,,,,113.54,0.0,,,146.8856,0.404,1.87398027585,43.1473387,1.88078508558644,-16.9260831,15.64201258,65.6359071,59.0948581,74.3954,/L,30.4263,119.3,98.3777,74.8057,293.529,109.881,2.39254,Vir,69.183162,177.68529,0.4042011,,,270.895735,60.480619,,0.0,0.078,0.07,0.084,0.062,-33.204,0.0165429,0.105,749.4575,7.3e-05,1.35,4.89,0.005,47.2465,,30.4278,162.1093,0.4193
ATLAS (C/2025 N1),2025-Dec-05 00:00,2461014.5,12.5,,4.5,,176.75764,1.77253,177.08986,1.6286,-143.288,51.05197,,,,,-248292.16,86390.753,277.532,,999,,15.114,,93.1768,,275083.5,*,,,,,,113.49,0.0,,,146.0268,0.3308,1.899074450146,43.7425469,1.87122220662663,-16.1823007,15.56248055,65.5405739,59.5826595,76.4121,/L,30.2827,103.1,99.8094,72.9326,293.478,109.851,2.38894,Vir,69.183186,176.6825862,0.3374557,,,268.888692,60.315747,,0.0,0.079,0.07,0.084,0.062,-32.649,0.0165467,0.105,754.2204,7.22e-05,1.34,4.86,0.005032,48.1084,,30.284,161.1784,0.3466
ATLAS (C/2025 N1),2025-Dec-06 00:00,2461015.5,12.5,,4.5,,175.79332,2.1157,176.12596,1.97184,-145.804,51.94503,,,,,-254901.2,88070.053,277.045,,999,,15.129,,93.25765,,282409.0,*,,,,,,113.44,0.0,,,145.1905,0.2594,1.924505029213,44.3126165,1.86210358716605,-15.3876141,15.4866433,65.4463636,60.06947,78.4469,/L,30.0987,86.9,98.2039,71.0819,293.424,109.815,2.38399,Vir,69.183211,175.6620662,0.2699412,,,266.868377,60.117733,,0.0,0.079,0.069,0.085,0.062,-31.995,0.0165536,0.105,758.8787,7.17e-05,1.34,4.86,0.005063,48.9477,,30.0998,160.2498,0.2745
ATLAS (C/2025 N1),2025-Dec-07 00:00,2461016.5,12.5,,4.5,,174.81204,2.46469,175.14514,2.32095,-148.303,52.81253,,,,,-261574.37,89744.279,276.555,,999,,15.145,,93.35533,,289799.4,*,,,,,,113.38,0.0,,,144.3762,0.1899,1.950257789135,44.8585879,1.85345875827978,-14.5415553,15.41474645,65.3533315,60.5554322,80.4998,/L,29.875,70.9,93.7846,69.2527,293.368,109.773,2.37764,Vir,69.183235,174.6238428,0.2016953,,,264.839507,59.885622,,0.0,0.079,0.069,0.085,0.062,-31.239,0.0165651,0.105,763.4424,7.15e-05,1.34,4.88,0.005093,49.765,,29.8759,159.3233,0.203
ATLAS (C/2025 N1),2025-Dec-08 00:00,2461017.5,12.5,,4.5,,173.81387,2.81932,174.14746,2.67575,-150.777,53.6495,,,,,-268312.24,91412.544,276.063,,999,,15.162,,93.46914,,297254.2,*,,,,,,113.33,0.0,,,143.5833,0.1221,1.976319099128,45.3814744,1.84531751620276,-13.643679,15.3470378,65.2615241,61.0406349,82.5706,/L,29.6123,55.3,87.0325,67.4447,293.309,109.724,2.36985,Leo,69.18326,173.5680942,0.1327617,,,262.806954,59.618607,,0.0,0.08,0.069,0.085,0.062,-30.382,0.0165827,0.105,767.9215,7.16e-05,1.35,4.91,0.005123,50.5608,,29.613,158.3987,0.1322
ATLAS (C/2025 N1),2025-Dec-09 00:00,2461018.5,12.5,,4.5,,172.79898,3.17936,173.13308,3.03602,-153.217,54.45067,,,,,-275115.22,93073.833,275.569,,999,,15.179,,93.59831,,304772.3,*,,,,,,113.27,0.0,,,142.8111,0.0561,2.002675905335,45.8822604,1.83770989602644,-12.6936111,15.28376716,65.1709805,61.5250929,84.659,/L,29.3116,40.2,78.5639,65.6571,293.246,109.668,2.36057,Leo,69.183286,172.4950726,0.0631908,,,260.775674,59.316043,,0.0,0.08,0.068,0.085,0.062,-29.426,0.0166078,0.105,772.3267,7.21e-05,1.37,4.97,0.005152,51.3358,,29.3121,157.4759,0.062
ATLAS (C/2025 N1),2025-Dec-10 00:00,2461019.5,12.5,,4.5,,171.76758,3.54455,172.10219,3.40151,-155.611,55.21054,,,,,-281983.5,94727.002,275.072,,999,,15.196,,93.74198,,312352.6,*,,,,,,113.2,0.0,,,142.0591,-0.0082,2.029315713604,46.3618998,1.83066611456401,-11.6911039,15.22518581,65.0817326,62.00875,86.7646,/L,28.9737,25.5,69.0107,63.8893,293.18,109.605,2.34976,Leo,69.183311,171.4051095,-0.0069608,,,258.750637,58.977465,,0.0,0.081,0.068,0.085,0.062,-28.379,0.0166417,0.106,776.6691,7.28e-05,1.39,5.04,0.005181,52.0906,,28.974,156.5548,-0.0075
ATLAS (C/2025 N1),2025-Dec-11 00:00,2461020.5,12.5,,4.5,,170.71993,3.9146,171.0551,3.7719,-157.95,55.92336,,,,,-288917.07,96370.779,274.573,,999,,15.214,,93.89924,,319993.6,*,,,,,,113.14,0.0,,,141.3267,-0.0708,2.056226571502,46.8213145,1.82421648306293,-10.6360831,15.17154586,64.9938059,62.4914949,88.8871,/L,28.5997,11.3,58.9398,62.1409,293.11,109.533,2.33736,Leo,69.183337,170.2986193,-0.0776298,,,256.736758,58.602598,,0.0,0.081,0.068,0.086,0.062,-27.254,0.0166856,0.106,780.9601,7.39e-05,1.41,5.13,0.00521,52.8257,,28.5998,155.6351,-0.0763
ATLAS (C/2025 N1),2025-Dec-12 00:00,2461021.5,12.5,,4.5,,169.65638,4.28917,169.99214,4.14688,-160.221,56.58332,,,,,-295915.69,98003.768,274.071,,999,,15.233,,94.0691,,327693.4,*,,,,,,113.07,0.0,,,140.6132,-0.1318,2.083397049814,47.2613942,1.81839129675207,-9.5286813,15.12309927,64.9072202,62.973181,91.0259,/L,28.1906,2.602,48.8213,60.4113,293.036,109.454,2.32334,Leo,69.183363,169.1761007,-0.1487467,,,254.738824,58.191362,,0.0,0.082,0.067,0.086,0.062,-26.068,0.0167406,0.106,785.2112,7.51e-05,1.44,5.24,0.005238,53.5417,,28.1905,154.717,-0.1444
ATLAS (C/2025 N1),2025-Dec-13 00:00,2461022.5,12.5,,4.5,,168.57737,4.6679,168.91375,4.52607,-162.412,57.18455,,,,,-302978.85,99624.447,273.566,,999,,15.252,,94.25049,,335449.8,*,,,,,,112.99,0.0,,,139.9183,-0.1911,2.110816223748,47.682996,1.81322070948714,-8.3692564,15.0800968,64.8219901,63.4536426,93.1805,/L,27.7476,16.1,39.0304,58.6998,292.957,109.367,2.30767,Leo,69.18339,168.0381386,-0.2202357,,,252.761429,57.743884,,0.0,0.083,0.067,0.086,0.062,-24.842,0.0168073,0.106,789.4344,7.66e-05,1.47,5.36,0.005267,54.2392,,27.7473,153.8003,-0.2117
ATLAS (C/2025 N1),2025-Dec-14 00:00,2461023.5,12.5,,4.5,,167.48338,5.05035,167.82043,4.90905,-164.513,57.72125,,,,,-310105.82,101231.174,273.059,,999,,15.272,,94.44232,,343260.4,*,,,,,,112.91,0.0,,,139.2412,-0.249,2.138473654003,48.0869439,1.80873459995869,-7.1584031,15.04278697,64.7381254,63.9327057,95.3501,/L,27.2719,29.4,29.8677,57.006,292.875,109.271,2.29032,Leo,69.183416,166.8854046,-0.2920145,,,250.808918,57.260496,,0.0,0.083,0.067,0.087,0.062,-23.6,0.0168864,0.107,793.642,7.83e-05,1.51,5.49,0.005295,54.9187,,27.2714,152.8853,-0.2782
ATLAS (C/2025 N1),2025-Dec-15 00:00,2461024.5,12.5,,4.5,,166.37501,5.43609,166.71277,5.29537,-166.51,58.18778,,,,,-317295.59,102822.188,272.549,,999,,15.293,,94.64342,,351122.4,*,,,,,,112.83,0.0,,,138.5815,-0.3053,2.166359367865,48.4740293,1.80496243338694,-5.896958,15.01141482,64.6556316,64.4101933,97.534,/L,26.7649,42.5,21.582,55.3292,292.787,109.166,2.27126,Leo,69.183443,165.7186573,-0.3639953,,,248.885329,56.741735,,0.0,0.084,0.066,0.087,0.062,-22.365,0.0169782,0.107,797.8465,8.02e-05,1.55,5.64,0.005323,55.5808,,26.7641,151.9718,-0.3439
ATLAS (C/2025 N1),2025-Dec-16 00:00,2461025.5,12.5,,4.5,,165.25292,5.82463,165.59144,5.68454,-168.392,58.57872,,,,,-324546.9,104395.616,272.036,,999,,15.315,,94.85261,,359032.6,*,,,,,,112.74,0.0,,,137.9386,-0.3601,2.194463840448,48.8450113,1.80193312063767,-4.5860034,14.98622079,64.5745105,64.8859269,99.7313,/L,26.2278,55.5,14.3901,53.6691,292.696,109.053,2.25047,Leo,69.183471,164.5387425,-0.4360845,,,246.994353,56.188341,,0.0,0.085,0.066,0.088,0.062,-21.161,0.0170827,0.108,802.0605,8.23e-05,1.59,5.79,0.005351,56.226,,26.2267,151.0602,-0.4087
ATLAS (C/2025 N1),2025-Dec-17 00:00,2461026.5,12.5,,4.5,,164.11783,6.21545,164.45718,6.07605,-170.145,58.88898,,,,,-331858.18,105949.475,271.52,,999,,15.337,,95.06865,,366987.5,*,,,,,,112.64,0.0,,,137.3121,-0.4135,2.222777976198,49.2006172,1.79967487556654,-3.22687,14.96743954,64.4947605,65.3597265,101.941,/L,25.6621,68.5,8.4877,52.0252,292.6,108.93,2.22795,Leo,69.183498,163.3465918,-0.5081834,,,245.139308,55.601251,,0.0,0.086,0.065,0.089,0.062,-20.01,0.0171996,0.108,806.297,8.45e-05,1.64,5.96,0.005379,56.8548,,25.6609,150.1507,-0.4727
ATLAS (C/2025 N1),2025-Dec-18 00:00,2461027.5,12.5,,4.5,,162.97059,6.60798,163.3108,6.46934,-171.759,59.11389,,,,,-339227.65,107481.686,271.002,,999,,15.36,,95.2903,,374983.5,*,,,,,,112.55,0.0,,,136.7013,-0.4655,2.251293090725,49.5415432,1.79821507099435,-1.8211388,14.95529871,64.4163772,65.8314088,104.1621,/L,25.0694,81.5,4.053,50.3968,292.499,108.798,2.20368,Leo,69.183525,162.1432207,-0.5801888,,,243.32311,54.981587,,0.0,0.087,0.065,0.09,0.062,-18.927,0.0173285,0.109,810.5689,8.68e-05,1.69,6.13,0.005408,57.4677,,25.0679,149.2434,-0.5357
ATLAS (C/2025 N1),2025-Dec-19 00:00,2461028.5,12.5,,4.5,,161.81209,7.00165,162.15322,6.86383,-173.221,59.24927,,,,,-346653.22,108990.08,270.48,,999,,15.384,,95.51629,,383016.3,*,,,,,,112.44,0.0,,,136.1059,-0.5162,2.280000893056,49.8684549,1.7975800938121,-0.3706422,14.95001777,64.3393532,66.300787,106.3934,/L,24.4512,94.5,1.2426,48.7837,292.394,108.656,2.17768,Leo,69.183553,160.9297254,-0.6519935,,,241.548269,54.330644,,0.0,0.088,0.065,0.091,0.061,-17.925,0.0174685,0.109,814.8895,8.93e-05,1.73,6.3,0.005436,58.0653,,24.4496,148.3387,-0.5977
ATLAS (C/2025 N1),2025-Dec-20 00:00,2461029.5,12.5,,4.5,,160.6433,7.39585,160.9854,7.25891,-174.521,59.29152,,,,,-354132.53,110472.415,269.955,,999,,15.409,,95.74537,,391081.6,*,,,,,,112.34,0.0,,,135.5253,-0.5655,2.308893468338,50.1819884,1.79779520012822,1.1225375,14.95180675,64.2636789,66.7676705,108.6338,/L,23.8093,107.7,0.1825,47.1852,292.285,108.505,2.14995,Leo,69.183581,159.7072787,-0.7234871,,,239.816884,53.649883,,0.0,0.089,0.064,0.091,0.061,-17.011,0.0176188,0.11,819.272,9.18e-05,1.78,6.48,0.005466,58.6479,,23.8074,147.437,-0.6588
ATLAS (C/2025 N1),2025-Dec-21 00:00,2461030.5,12.5,,4.5,,159.46529,7.78994,159.8084,7.65396,-175.648,59.2377,,,,,-361663.0,111926.384,269.426,,999,,15.435,,95.97626,,399174.9,*,,,,,,112.23,0.0,,,134.9591,-0.6135,2.337963261062,50.4827514,1.79888437195557,2.6560721,14.96086512,64.1893429,67.231867,110.8819,/L,23.1453,121.0,0.9566,45.6011,292.172,108.344,2.12052,Leo,69.183609,158.4771255,-0.7945569,,,238.130656,52.940907,,0.0,0.09,0.064,0.092,0.061,-16.188,0.0177781,0.111,823.7297,9.44e-05,1.83,6.66,0.005495,59.2161,,23.1432,146.5386,-0.7189
ATLAS (C/2025 N1),2025-Dec-22 00:00,2461031.5,12.5,,4.5,,158.27918,8.18328,158.62333,8.04832,-176.594,59.08561,,,,,-369241.76,113349.634,268.895,,999,,15.461,,96.20775,,407291.2,*,,,,,,112.11,0.0,,,134.4068,-0.6603,2.367203058804,50.7713236,1.80087017754185,4.227396,14.97738056,64.1163316,67.6931845,113.1364,/L,22.461,134.4,3.5965,44.0309,292.056,108.174,2.08941,Leo,69.183637,157.2405766,-0.8650888,,,236.490899,52.205452,,0.0,0.092,0.064,0.093,0.061,-15.455,0.017945,0.112,828.2757,9.71e-05,1.88,6.85,0.005526,59.7703,,22.4587,145.6439,-0.7779
ATLAS (C/2025 N1),2025-Dec-23 00:00,2461032.5,12.5,,4.5,,157.08615,8.57521,157.43137,8.44134,-177.349,58.83386,,,,,-376865.74,114739.782,268.359,,999,,15.489,,96.43862,,415425.4,*,,,,,,112.0,0.0,,,133.8681,-0.7059,2.396605976541,51.048258,1.80377363791287,5.8337195,15.0015279,64.0446301,68.1514349,115.396,/L,21.7582,148.0,8.074,42.4742,291.937,107.994,2.05667,Leo,69.183665,155.9990021,-0.934968,,,234.898562,51.445364,,0.0,0.093,0.064,0.094,0.061,-14.809,0.0181178,0.112,832.9233,9.98e-05,1.93,7.03,0.005557,60.3109,,21.7557,144.7535,-0.8358
ATLAS (C/2025 N1),2025-Dec-24 00:00,2461033.5,12.5,,4.5,,155.88744,8.96505,156.23376,8.83236,-177.906,58.4819,,,,,-384531.65,116094.434,267.819,,999,,15.518,,96.6677,,423572.3,*,,,,,,111.88,0.0,,,133.3424,-0.7504,2.426165441526,51.314082,1.8076141023935,7.4720467,15.03346807,63.9742223,68.6064378,117.659,/L,21.0389,161.7,14.2962,40.9306,291.816,107.805,2.02233,Leo,69.183694,154.7538236,-1.0040804,,,233.354257,50.662585,,0.0,0.094,0.064,0.095,0.061,-14.245,0.0182948,0.113,837.6854,0.0001026,1.98,7.21,0.005588,60.8384,,21.0362,143.8679,-0.8926
ATLAS (C/2025 N1),2025-Dec-25 00:00,2461034.5,12.5,,4.5,,154.68437,9.35215,155.0318,9.2207,-178.26,58.03007,,,,,-392235.98,117411.204,267.274,,999,,15.547,,96.89389,,431726.5,*,,,,,,111.76,0.0,,,132.8294,-0.7937,2.45587517874,51.5692982,1.81240913575513,9.1391972,15.07334715,63.9050907,69.0580239,119.924,/L,20.3047,175.4,22.1033,39.3998,291.692,107.606,1.98647,Leo,69.183722,153.5065055,-1.0723134,,,231.858284,49.859134,,0.0,0.095,0.064,0.096,0.061,-13.757,0.018474,0.114,842.5748,0.0001054,2.03,7.38,0.005621,61.3532,,20.3018,142.9875,-0.9482
ATLAS (C/2025 N1),2025-Dec-26 00:00,2461035.5,12.5,,4.5,,153.47827,9.73584,153.82682,9.6057,-178.406,57.47962,,,,,-399975.09,118687.74,266.725,,999,,15.578,,97.11613,,439882.3,*,,,,,,111.64,0.0,,,132.3287,-0.8359,2.485729196932,51.8143856,1.81817441931364,10.8318331,15.12129555,63.8372169,69.5060397,122.1895,/L,19.5578,169.9,31.2658,37.8813,291.569,107.398,1.94913,Leo,69.18375,152.2585451,-1.139557,,,230.410661,49.037085,,0.0,0.096,0.063,0.097,0.061,-13.338,0.0186535,0.115,847.604,0.0001082,2.08,7.56,0.005655,61.8556,,19.5547,142.113,-1.0027
ATLAS (C/2025 N1),2025-Dec-27 00:00,2461036.5,12.5,,4.5,,152.2705,10.11548,152.62021,9.98671,-178.34,56.83271,,,,,-407745.16,119921.741,266.17,,999,,15.609,,97.33343,,448034.2,*,,,,,,111.52,0.0,,,131.8399,-0.877,2.515721775222,52.0498003,1.82492366799912,12.5464873,15.17742734,63.770582,69.9503518,124.454,/L,18.7999,155.5,41.4782,36.3749,291.445,107.181,1.91038,Leo,69.183779,151.0114624,-1.2057047,,,229.011157,48.198552,,0.0,0.097,0.063,0.098,0.061,-12.981,0.018831,0.116,852.7851,0.0001111,2.13,7.73,0.005689,62.346,,18.7966,141.2449,-1.056
ATLAS (C/2025 N1),2025-Dec-28 00:00,2461037.5,12.5,,4.5,,151.06248,10.49043,151.41335,10.36309,-178.061,56.09242,,,,,-415542.26,121110.988,265.608,,999,,15.642,,97.54488,,456176.6,*,,,,,,111.4,0.0,,,131.3627,-0.9171,2.54584745028,52.2759768,1.83266856542501,14.2795972,15.24183969,63.705166,70.390854,126.7157,/L,18.0329,140.7,52.3493,34.8801,291.322,106.956,1.87032,Leo,69.183807,149.7667881,-1.2706545,,,227.659322,47.345671,,0.0,0.098,0.063,0.099,0.061,-12.68,0.0190045,0.116,858.1297,0.0001139,2.17,7.89,0.005725,62.8249,,18.0295,140.3837,-1.1081
ATLAS (C/2025 N1),2025-Dec-29 00:00,2461038.5,12.5,,4.5,,149.85561,10.86009,150.20767,10.73423,-177.57,55.26266,,,,,-423362.38,122253.363,265.04,,999,,15.675,,97.74965,,464303.9,*,,,,,,111.28,0.0,,,130.8966,-0.9562,2.576101004061,52.4933287,1.84141871951183,16.0275432,15.3146125,63.6409487,70.8274759,128.9733,/L,17.2589,125.6,63.392,33.3967,291.202,106.723,1.82901,Leo,69.183836,148.5260512,-1.33431,,,226.354516,46.480578,,0.0,0.098,0.063,0.1,0.061,-12.429,0.0191717,0.117,863.6489,0.0001167,2.21,8.05,0.005762,63.2925,,17.2552,139.5301,-1.1589
ATLAS (C/2025 N1),2025-Dec-30 00:00,2461039.5,12.5,,4.5,,148.6513,11.22388,149.00459,11.09955,-176.867,54.34818,,,,,-431201.44,123346.876,264.464,,999,,15.709,,97.94701,,472410.5,*,,,,,,111.17,0.0,,,130.4413,-0.9943,2.60647745208,52.7022498,1.85118164221532,17.7866936,15.39580825,63.5779095,71.260194,131.2251,/L,16.4795,110.1,74.0229,31.9243,291.087,106.481,1.78656,Leo,69.183864,147.290766,-1.3965806,,,225.095934,45.605399,,0.0,0.099,0.064,0.1,0.061,-12.222,0.0193305,0.118,869.3534,0.0001195,2.25,8.19,0.0058,63.7493,,16.4757,138.6847,-1.2085
ATLAS (C/2025 N1),2025-Dec-31 00:00,2461040.5,12.5,,4.5,,147.45099,11.58125,147.80552,11.45849,-175.956,53.35447,,,,,-439055.35,124389.686,263.878,,999,,15.745,,98.13631,,480491.0,*,,,,,,111.06,0.0,,,129.9966,-1.0315,2.636972032226,52.9031151,1.86196275780507,19.5534583,15.48547206,63.5160272,71.6890406,133.4697,/L,15.6967,94.3,83.5836,30.4626,290.977,106.232,1.74304,Leo,69.183892,146.0624177,-1.4573828,,,223.88264,44.722228,,0.0,0.1,0.064,0.101,0.061,-12.056,0.0194788,0.118,875.2529,0.0001223,2.29,8.34,0.005839,64.1955,,15.6927,137.8479,-1.2568
ATLAS (C/2025 N1),2026-Jan-01 00:00,2461041.5,12.5,,4.5,,146.25604,11.9317,146.61185,11.81056,-174.843,52.28764,,,,,-446919.99,125380.113,263.282,,999,,15.781,,98.317,,488540.0,*,,,,,,110.96,0.0,,,129.562,-1.0678,2.667580194076,53.0962814,1.87376544373226,21.3243475,15.583632,63.4552808,72.1141066,135.7056,/L,14.9122,78.3,91.3988,29.0113,290.875,105.976,1.69857,Leo,69.18392,144.8424491,-1.5166405,,,222.713583,43.833114,,0.0,0.1,0.064,0.101,0.062,-11.925,0.0196145,0.119,881.3567,0.000125,2.33,8.47,0.00588,64.6315,,14.908,137.0205,-1.3039
ATLAS (C/2025 N1),2026-Jan-02 00:00,2461042.5,12.5,,4.5,,145.06784,12.27477,145.42495,12.15529,-173.532,51.15434,,,,,-454791.33,126316.652,262.673,,999,,15.818,,98.48862,,496552.4,*,,,,,,110.87,0.0,,,129.1373,-1.1032,2.698297588719,53.2820883,1.886591104959,23.0960269,15.69029978,63.3956489,72.5355318,137.9312,/L,14.1277,62.2,96.8703,27.5702,290.783,105.713,1.65324,Leo,69.183949,143.6322491,-1.5742851,,,221.587623,42.94005,,0.0,0.1,0.064,0.102,0.062,-11.828,0.019736,0.119,887.6731,0.0001277,2.37,8.6,0.005922,65.0576,,14.1234,136.2028,-1.3496
ATLAS (C/2025 N1),2026-Jan-03 00:00,2461043.5,12.5,,4.5,,143.88771,12.61004,144.24613,12.49227,-172.031,49.96156,,,,,-462665.36,127197.965,262.051,,999,,15.856,,98.65081,,504523.3,*,,,,,,110.8,0.0,,,128.7222,-1.1377,2.72912005905,53.4608593,1.90043927630042,24.8653572,15.8054715,63.3371101,72.953479,140.1454,/L,13.3449,46.0,99.5865,26.1388,290.704,105.444,1.60715,Leo,69.183977,142.4331448,-1.6302565,,,220.503553,42.044959,,0.0,0.1,0.064,0.102,0.062,-11.76,0.0198414,0.119,894.2096,0.0001304,2.4,8.72,0.005966,65.474,,13.3405,135.3956,-1.3941
ATLAS (C/2025 N1),2026-Jan-04 00:00,2461044.5,12.5,,4.5,,142.71694,12.93714,143.07667,12.82113,-170.349,48.71649,,,,,-470538.19,128022.881,261.411,,999,,15.895,,98.80329,,512447.9,*,,,,,,110.74,0.0,,,128.3163,-1.1714,2.76004363053,53.632902,1.91530774008906,26.6294065,15.92912875,63.2796431,73.3680989,142.3466,/L,12.5654,30.1,99.4048,24.7171,290.641,105.169,1.56041,Leo,69.184005,141.2463982,-1.6845024,,,219.460114,41.149684,,0.0,0.1,0.064,0.102,0.062,-11.721,0.0199295,0.119,900.9732,0.0001331,2.43,8.83,0.006011,65.8812,,12.5608,134.5991,-1.4373
ATLAS (C/2025 N1),2026-Jan-05 00:00,2461045.5,12.5,,4.5,,141.55677,13.25576,141.91778,13.14155,-168.494,47.42644,,,,,-478406.01,128790.394,260.751,,999,,15.935,,98.94588,,520321.7,*,,,,,,110.7,0.0,,,127.9195,-1.2043,2.791064502396,53.7985094,1.9311926428688,28.3854359,16.06123946,63.2232265,73.7794952,144.5338,/L,11.7906,14.6,96.47,23.3048,290.599,104.89,1.51311,Leo,69.184034,140.0732048,-1.7369793,,,218.456017,40.255983,,0.0,0.1,0.065,0.102,0.063,-11.709,0.0199992,0.119,907.9695,0.0001356,2.46,8.94,0.006057,66.2793,,11.7859,133.8139,-1.4792
ATLAS (C/2025 N1),2026-Jan-06 00:00,2461046.5,12.5,,4.5,,140.40838,13.56561,140.77065,13.45324,-166.477,46.09864,,,,,-486265.14,129499.667,260.067,,999,,15.976,,99.07849,,528140.3,*,,,,,,110.68,0.0,,,127.5313,-1.2365,2.822179039301,53.9579603,1.94808859824099,30.1308684,16.20175883,63.1678391,74.1877044,146.7056,/L,11.0221,3.8,91.1601,21.9017,290.581,104.605,1.46535,Cnc,69.184062,138.914693,-1.7876521,,,217.489954,39.365523,,0.0,0.1,0.065,0.101,0.063,-11.723,0.0200495,0.119,915.2036,0.0001382,2.49,9.04,0.006106,66.6686,,11.0172,133.0405,-1.5199
ATLAS (C/2025 N1),2026-Jan-07 00:00,2461047.5,12.5,,4.5,,139.27289,13.86648,139.63639,13.75598,-164.307,44.74026,,,,,-494111.97,130150.038,259.353,,999,,16.017,,99.20108,,535899.6,*,,,,,,110.7,0.0,,,127.1517,-1.2678,2.853383763371,54.1115203,1.96598877189309,31.8632609,16.35063004,63.11346,74.5926944,148.861,/L,10.2611,16.4,83.9877,20.5075,290.595,104.316,1.41724,Cnc,69.18409,137.7719205,-1.8364943,,,216.560615,38.479872,,0.0,0.1,0.065,0.101,0.063,-11.763,0.02008,0.119,922.6796,0.0001407,2.51,9.13,0.006155,67.0495,,10.2561,132.2792,-1.5592
ATLAS (C/2025 N1),2026-Jan-08 00:00,2461048.5,12.5,,4.5,,138.15136,14.15819,138.51607,14.04959,-161.995,43.3583,,,,,-501943.03,130741.032,258.604,,999,,16.059,,99.31373,,543595.5,*,,,,,,110.75,0.0,,,126.7802,-1.2985,2.884675346658,54.2594419,1.98488495365831,33.580289,16.50778479,63.0600682,74.9943777,150.9988,/L,9.5088,30.5,75.499,19.1221,290.646,104.024,1.36886,Cnc,69.184119,136.6458707,-1.8834878,,,215.666696,37.600503,,0.0,0.099,0.066,0.101,0.064,-11.829,0.0200906,0.119,930.4007,0.0001431,2.53,9.21,0.006207,67.4221,,9.5038,131.5304,-1.5973
ATLAS (C/2025 N1),2026-Jan-09 00:00,2461049.5,12.5,,4.5,,137.0448,14.44062,137.41068,14.33392,-159.551,41.95955,,,,,-509754.92,131272.357,257.81,,999,,16.102,,99.41655,,551224.3,*,,,,,,110.85,0.0,,,126.4168,-1.3284,2.916050603965,54.4019661,2.00476762550577,35.2797473,16.67314393,63.0076431,75.3926308,153.1179,/L,8.7666,44.4,66.2017,17.7455,290.743,103.728,1.32033,Cnc,69.184147,135.5374482,-1.928623,,,214.806907,36.728782,,0.0,0.099,0.066,0.1,0.064,-11.921,0.0200815,0.119,938.3693,0.0001455,2.56,9.29,0.00626,67.7866,,8.7615,130.7943,-1.6341
ATLAS (C/2025 N1),2026-Jan-10 00:00,2461050.5,12.5,,4.5,,135.95412,14.71367,136.32116,14.60889,-156.987,40.55054,,,,,-517544.41,131743.905,256.962,,999,,16.145,,99.50971,,558782.0,*,,,,,,111.01,0.0,,,126.0611,-1.3576,2.947506486036,54.5393219,2.02562603319944,36.9595606,16.84661801,62.9561645,75.7873124,155.2172,/L,8.0356,57.9,56.5314,16.3775,290.9,103.43,1.27172,Cnc,69.184175,134.4474756,-1.9718981,,,213.979982,35.865977,,0.0,0.098,0.066,0.099,0.064,-12.041,0.0200533,0.118,946.5871,0.0001478,2.58,9.36,0.006315,68.1434,,8.0303,130.0714,-1.6697
ATLAS (C/2025 N1),2026-Jan-11 00:00,2461051.5,12.5,,4.5,,134.88017,14.9773,135.24835,14.87445,-154.314,39.13749,,,,,-525308.38,132155.743,256.042,,999,,16.189,,99.59347,,566265.0,*,,,,,,111.24,0.0,,,125.7129,-1.3862,2.979040073085,54.6717276,2.04744826558427,38.6177983,17.02810799,62.9056122,76.1782753,157.2958,/L,7.3166,71.1,46.8479,15.0181,291.131,103.13,1.22312,Cnc,69.184204,133.3766915,-2.0133189,,,213.184681,35.01325,,0.0,0.097,0.067,0.099,0.065,-12.188,0.0200068,0.118,955.0547,0.00015,2.59,9.43,0.006371,68.4927,,7.3113,129.3619,-1.7041
ATLAS (C/2025 N1),2026-Jan-12 00:00,2461052.5,12.5,,4.5,,133.82374,15.23151,134.19304,15.13059,-151.544,37.72629,,,,,-533043.85,132508.102,255.032,,999,,16.234,,99.66809,,573669.2,*,,,,,,111.57,0.0,,,125.372,-1.4141,3.010648568644,54.7993913,2.07022134175973,40.2526864,17.21750589,62.8559665,76.5653736,159.3526,/L,6.6109,84.0,37.4503,13.6676,291.458,102.827,1.17463,Cnc,69.184232,132.3257502,-2.0528985,,,212.419793,34.171662,,0.0,0.096,0.067,0.098,0.065,-12.364,0.0199435,0.117,963.7723,0.0001522,2.61,9.49,0.00643,68.8346,,6.6055,128.6659,-1.7373
ATLAS (C/2025 N1),2026-Jan-13 00:00,2461053.5,12.5,,4.5,,132.78552,15.47633,133.15593,15.37734,-148.688,36.32241,,,,,-540748.01,132801.366,253.902,,999,,16.279,,99.7339,,580990.5,*,,,,,,112.03,0.0,,,125.0381,-1.4414,3.042329293723,54.9225111,2.09393130404514,41.8626153,17.41469563,62.8072079,76.9484641,161.3862,/L,5.9192,96.9,28.5979,12.3262,291.911,102.524,1.12631,Cnc,69.184261,131.2952221,-2.0906565,,,211.684143,33.342169,,0.0,0.095,0.067,0.097,0.065,-12.57,0.0198649,0.117,972.7393,0.0001544,2.63,9.55,0.006489,69.1694,,5.9138,127.9837,-1.7693
ATLAS (C/2025 N1),2026-Jan-14 00:00,2461054.5,12.5,,4.5,,131.76614,15.71184,132.13764,15.61477,-145.757,34.93088,,,,,-548418.18,133036.061,252.609,,999,,16.325,,99.79127,,588223.7,*,,,,,,112.65,0.0,,,124.7112,-1.468,3.074079681268,55.0412758,2.11856331366084,43.4461418,17.61955381,62.7593173,77.3274058,163.3955,/L,5.2426,109.6,20.5306,10.9943,292.532,102.22,1.07826,Cnc,69.184289,130.2855957,-2.1266184,,,210.97659,32.525631,,0.0,0.095,0.068,0.096,0.066,-12.807,0.0197729,0.116,981.9544,0.0001564,2.64,9.6,0.006551,69.4973,,5.2371,127.3154,-1.8002
ATLAS (C/2025 N1),2026-Jan-15 00:00,2461055.5,12.5,,4.5,,130.76615,15.93813,131.13873,15.84297,-142.762,33.5563,,,,,-556051.86,133212.845,251.091,,999,,16.371,,99.84058,,595362.6,*,,,,,,113.51,0.0,,,124.3909,-1.4941,3.105897270892,55.1558654,2.14410174600358,45.0019854,17.83195047,62.7122759,77.7020565,165.3785,/L,4.5821,122.4,13.4834,9.6729,293.386,101.915,1.03053,Cnc,69.184317,129.2972791,-2.1608152,,,210.296031,31.72281,,0.0,0.093,0.068,0.095,0.066,-13.074,0.0196699,0.116,991.4157,0.0001584,2.66,9.65,0.006614,69.8185,,4.5766,126.661,-1.8299
ATLAS (C/2025 N1),2026-Jan-16 00:00,2461056.5,12.5,,4.5,,129.78604,16.15533,130.15967,16.06209,-139.715,32.20278,,,,,-563646.71,133332.489,249.244,,999,,16.418,,99.88223,,602398.1,*,,,,,,114.7,0.0,,,124.0772,-1.5196,3.137779703876,55.2664515,2.17053028286337,46.5290218,18.05174991,62.6660652,78.0722713,167.3328,/L,3.9388,135.2,7.6922,8.3635,294.576,101.61,0.98319,Cnc,69.184346,128.3306034,-2.1932828,,,209.6414,30.934373,,0.0,0.092,0.068,0.094,0.066,-13.372,0.0195583,0.115,1001.1209,0.0001604,2.67,9.7,0.006679,70.1331,,3.9333,126.0208,-1.8585
ATLAS (C/2025 N1),2026-Jan-17 00:00,2461057.5,12.5,,4.5,,128.8262,16.36361,129.20085,16.27227,-136.625,30.87399,,,,,-571200.51,133395.873,246.899,,999,,16.465,,99.91665,,609316.4,*,,,,,,116.4,0.0,,,123.7697,-1.5446,3.169724718424,55.3731977,2.19783199966909,48.0262725,18.27881137,62.6206674,78.4378996,169.2545,/L,3.3142,148.1,3.3914,7.0691,296.273,101.306,0.93632,Cnc,69.184374,127.3858256,-2.2240615,,,209.011671,30.160899,,0.0,0.091,0.068,0.093,0.067,-13.7,0.0194407,0.114,1011.0672,0.0001623,2.68,9.75,0.006745,70.4414,,3.3087,125.3946,-1.8861
ATLAS (C/2025 N1),2026-Jan-18 00:00,2461058.5,12.5,,4.5,,127.88697,16.56313,128.26261,16.47369,-133.502,29.5731,,,,,-578711.22,133403.965,243.752,,999,,16.512,,99.94428,,616092.8,*,,,,,,118.91,0.0,,,123.4684,-1.569,3.201730145155,55.47626,2.22598944674775,49.4928946,18.51298971,62.5760645,78.7987862,171.1369,/L,2.7107,160.9,0.8015,5.7949,298.783,101.002,0.88995,Cnc,69.184402,126.4631331,-2.2531948,,,208.405856,29.402883,,0.0,0.09,0.069,0.092,0.067,-14.054,0.0193201,0.114,1021.2513,0.0001641,2.69,9.79,0.006813,70.7436,,2.7052,124.7826,-1.9127
ATLAS (C/2025 N1),2026-Jan-19 00:00,2461059.5,12.5,,4.5,,126.96862,16.7541,127.34521,16.66654,-130.356,28.30287,,,,,-586176.93,133357.811,239.198,,999,,16.559,,99.96555,,622679.5,*,,,,,,122.85,0.0,,,123.1731,-1.5928,3.233793902828,55.5757873,2.2549847245551,50.9281706,18.75413608,62.5322394,79.1547729,172.9665,/L,2.1323,172.8,0.1094,4.5524,302.714,100.699,0.84415,Cnc,69.18443,125.5626472,-2.2807299,,,207.823005,28.660736,,0.0,0.089,0.069,0.091,0.067,-14.431,0.0191994,0.113,1031.6696,0.0001658,2.7,9.83,0.006883,71.0397,,2.1269,124.1847,-1.9382
ATLAS (C/2025 N1),2026-Jan-20 00:00,2461060.5,12.5,,4.5,,126.07135,16.93674,126.44885,16.85105,-127.196,27.06559,,,,,-593595.89,133258.521,231.896,,999,,16.607,,99.98091,,628966.4,*,,,,,,129.55,0.0,,,122.8835,-1.6162,3.265913994281,55.6719215,2.28479955375213,52.3315007,19.00209846,62.4891751,79.5057034,174.7129,/L,1.5884,170.1,1.4454,3.3697,309.413,100.397,0.79896,Cnc,69.184458,124.6844287,-2.3067162,,,207.262205,27.934795,,0.0,0.088,0.069,0.09,0.068,-14.823,0.0190816,0.112,1042.3181,0.0001675,2.72,9.87,0.006954,71.3301,,1.5832,123.6008,-1.9627
ATLAS (C/2025 N1),2026-Jan-21 00:00,2461061.5,12.5,,4.5,,125.1953,17.11126,125.57365,17.02742,-124.03,25.86319,,,,,-600966.46,133107.263,218.462,,999,,16.655,,99.9908,,634650.4,*,,,,,,142.42,0.0,,,122.5996,-1.6391,3.298088502574,55.7647982,2.31541534167561,53.7023984,19.2567222,62.4468549,79.8514298,176.2918,/L,1.1037,157.2,4.8604,2.329,322.288,100.097,0.75442,Cnc,69.184485,123.8284823,-2.3312055,,,206.722581,27.225326,,0.0,0.087,0.07,0.089,0.068,-15.223,0.0189699,0.112,1053.1927,0.0001692,2.73,9.91,0.007026,71.6148,,1.0992,123.0308,-1.9863
ATLAS (C/2025 N1),2026-Jan-22 00:00,2461062.5,12.5,,4.5,,124.34055,17.27792,124.71972,17.19591,-120.866,24.69721,,,,,-608287.16,132905.245,190.753,,999,,16.704,,99.99564,,638745.2,*,,,,,,169.62,0.0,,,122.3212,-1.6615,3.330315587331,55.8545468,2.3468132469956,55.0404882,19.51785062,62.4052628,80.1918204,177.4292,/L,0.7587,143.6,10.3091,1.699,349.513,99.798,0.71058,Cnc,69.184513,122.9947614,-2.3542507,,,206.203294,26.532527,,0.0,0.086,0.07,0.088,0.068,-15.616,0.0188672,0.111,1064.289,0.0001708,2.74,9.94,0.0071,71.8939,,0.7564,122.4748,-2.009
ATLAS (C/2025 N1),2026-Jan-23 00:00,2461063.5,12.5,,4.5,,123.50714,17.43696,123.88707,17.35674,-117.711,23.56884,,,,,606170.846,132653.715,148.205,,999,,16.752,,99.99587,,638979.7,*,,,,,,211.56,0.0,,,122.0481,-1.6834,3.362593481258,55.9412908,2.37897424411791,56.3455071,19.78532547,62.3643829,80.5267668,177.4944,/T,0.7345,129.7,17.6412,1.923,31.477,99.501,0.66746,Cnc,69.18454,122.183172,-2.3759063,,,205.703538,25.856533,,0.0,0.086,0.07,0.087,0.069,-15.986,0.0187766,0.111,1075.6024,0.0001723,2.75,9.98,0.007176,72.1678,,0.7364,121.9325,-2.0308
ATLAS (C/2025 N1),2026-Jan-24 00:00,2461064.5,12.5,,4.5,,122.69502,17.58863,123.07569,17.51018,-114.572,22.47896,,,,,600729.948,132353.953,119.029,,999,,16.801,,99.99189,,635265.1,*,,,,,,240.04,0.0,,,121.7802,-1.7049,3.394920486843,56.0251482,2.4118791883158,57.6173055,20.05898755,62.3241997,80.8561909,176.4625,/T,1.0274,115.5,26.6001,2.7955,59.943,99.205,0.62509,Cnc,69.184567,121.3935766,-2.3962273,,,205.22254,25.197423,,0.0,0.085,0.071,0.086,0.069,-16.312,0.0187008,0.11,1087.1281,0.0001738,2.76,10.02,0.007253,72.4364,,1.0317,121.4037,-2.0518
ATLAS (C/2025 N1),2026-Jan-25 00:00,2461065.5,12.5,,4.5,,121.90414,17.7332,122.2855,17.65648,-111.456,21.42816,,,,,595365.208,132007.267,104.898,,999,,16.849,,99.98411,,629972.7,*,,,,,,253.54,0.0,,,121.5173,-1.7259,3.427294973219,56.1062317,2.4455088819744,58.8558495,20.33867718,62.2846982,81.1800497,174.9924,/T,1.4393,101.2,36.8275,3.8983,73.435,98.912,0.5835,Cnc,69.184594,120.6257966,-2.4152687,,,204.759562,24.555222,,0.0,0.084,0.071,0.086,0.069,-16.568,0.0186425,0.11,1098.8613,0.0001752,2.77,10.06,0.007331,72.6999,,1.4443,120.8885,-2.0719
ATLAS (C/2025 N1),2026-Jan-26 00:00,2461066.5,12.5,,4.5,,121.13437,17.87093,121.51641,17.7959,-108.369,20.41677,,,,,590075.212,131614.989,97.324,,999,,16.898,,99.97291,,624193.6,*,,,,,,260.53,0.0,,,121.2594,-1.7465,3.45971537318,56.184649,2.47984414197276,60.0612232,20.62423483,62.2458636,81.4983399,173.3871,/T,1.8807,86.6,47.8705,5.0797,80.415,98.621,0.54271,Cnc,69.184621,119.8796148,-2.4330856,,,204.313892,23.929906,,0.0,0.084,0.071,0.085,0.07,-16.726,0.0186041,0.11,1110.7972,0.0001766,2.78,10.09,0.00741,72.9585,,1.886,120.3864,-2.0912
ATLAS (C/2025 N1),2026-Jan-27 00:00,2461067.5,12.5,,4.5,,120.38555,18.00208,120.76825,17.9287,-105.315,19.44487,,,,,584858.425,131178.467,92.666,,999,,16.947,,99.95866,,618259.1,*,,,,,,264.63,0.0,,,121.0062,-1.7667,3.492180180347,56.2605031,2.51486586815561,61.23363,20.91550165,62.2076817,81.8111005,171.7386,/T,2.3246,71.9,59.1918,6.2926,84.505,98.332,0.50274,Cnc,69.184647,119.1547768,-2.4497324,,,203.884851,23.321408,,0.0,0.083,0.071,0.084,0.07,-16.754,0.0185876,0.11,1122.9306,0.0001779,2.79,10.13,0.007491,73.2123,,2.33,119.8975,-2.1098
ATLAS (C/2025 N1),2026-Jan-28 00:00,2461068.5,12.5,,4.5,,119.65749,18.12692,120.04083,18.05516,-102.299,18.51231,,,,,579713.203,130699.062,89.493,,999,,16.995,,99.94171,,612286.6,*,,,,,,267.25,0.0,,,120.7578,-1.7864,3.52468794648,56.3338925,2.55055511275641,62.373394,21.21232005,62.1701385,82.1184139,170.0796,/T,2.7615,57.1,70.187,7.5193,87.127,98.046,0.46359,Cnc,69.184673,118.4509934,-2.4652629,,,203.471785,22.729618,,0.0,0.083,0.072,0.084,0.07,-16.619,0.018595,0.11,1135.2568,0.0001792,2.8,10.17,0.007574,73.4614,,2.767,119.4213,-2.1276
ATLAS (C/2025 N1),2026-Jan-29 00:00,2461069.5,12.5,,4.5,,118.94994,18.2457,119.33392,18.17553,-99.3257,17.61877,,,,,574637.8,130178.133,87.165,,999,,17.044,,99.92238,,606325.5,*,,,,,,269.04,0.0,,,120.5138,-1.8058,3.557237278913,56.4049112,2.58689315001451,63.4809593,21.51453429,62.1332203,82.420403,168.4238,/T,3.1875,42.1,80.2163,8.7519,88.918,97.762,0.42528,Cnc,69.184699,117.7679432,-2.4797294,,,203.074069,22.154393,,0.0,0.083,0.072,0.084,0.071,-16.294,0.0186276,0.11,1147.7707,0.0001804,2.81,10.21,0.007657,73.7059,,3.193,118.9578,-2.1448
ATLAS (C/2025 N1),2026-Jan-30 00:00,2461070.5,12.5,,4.5,,118.26265,18.3587,118.64725,18.29008,-96.3985,16.76371,,,,,569630.389,129617.027,85.362,,999,,17.093,,99.90099,,600399.5,*,,,,,,270.33,0.0,,,120.2743,-1.8248,3.589826838129,56.4736493,2.62386154367953,64.5568826,21.82199104,62.096914,82.7172208,166.7776,/T,3.6008,27.2,88.6567,9.9866,90.196,97.48,0.38782,Gem,69.184725,117.1052761,-2.4931831,,,202.691102,21.595558,,0.0,0.083,0.072,0.084,0.071,-15.755,0.0186866,0.11,1160.4673,0.0001816,2.82,10.24,0.007742,73.946,,3.6063,118.5067,-2.1613
ATLAS (C/2025 N1),2026-Jan-31 00:00,2461071.5,12.5,,4.5,,117.59533,18.46615,117.98052,18.39906,-93.5204,15.94644,,,,,564689.078,129017.063,83.907,,999,,17.141,,99.87784,,594520.9,*,,,,,,271.27,0.0,,,120.0391,-1.8434,3.622455335444,56.540193,2.6614422078409,65.6018166,22.13453989,62.0612066,83.0090333,165.1447,/T,4.0005,12.9,94.9731,11.2211,91.139,97.2,0.3512,Gem,69.18475,116.4626198,-2.5056735,,,202.322311,21.052908,,0.0,0.083,0.072,0.084,0.071,-14.99,0.0187727,0.11,1173.3417,0.0001827,2.83,10.28,0.007828,74.1818,,4.006,118.0678,-2.1771
ATLAS (C/2025 N1),2026-Feb-01 00:00,2461072.5,12.5,,4.5,,116.94766,18.56832,117.3334,18.50273,-90.6938,15.16611,,,,,559811.929,128379.526,82.696,,999,,17.19,,99.85319,,588696.2,*,,,,,,271.98,0.0,,,119.8081,-1.8617,3.65512153082,56.6046248,2.69961745470654,66.6164818,22.45203374,62.0260856,83.2959959,163.5267,/T,4.3862,7.101,98.7921,12.4542,91.851,96.923,0.31542,Gem,69.184775,115.839586,-2.5172486,,,201.967144,20.526219,,0.0,0.083,0.072,0.084,0.072,-14.002,0.0188864,0.11,1186.389,0.0001838,2.84,10.32,0.007915,74.4133,,4.3917,117.6408,-2.1923
ATLAS (C/2025 N1),2026-Feb-02 00:00,2461073.5,12.5,,4.5,,116.31933,18.66545,116.70557,18.60133,-87.9207,14.42176,,,,,554996.973,127705.657,81.661,,999,,17.238,,99.82731,,582929.1,*,,,,,,272.53,0.0,,,119.5811,-1.8796,3.687824230779,56.6670237,2.73837002324141,67.6016294,22.77432903,61.9915388,83.5782284,161.9247,/T,4.7579,19.5,99.9556,13.6852,92.398,96.648,0.28049,Gem,69.184799,115.2357777,-2.5279545,,,201.625075,20.015243,,0.0,0.084,0.073,0.084,0.072,-12.813,0.0190276,0.111,1199.6045,0.0001849,2.85,10.36,0.008003,74.6408,,4.7633,117.2254,-2.2069
ATLAS (C/2025 N1),2026-Feb-03 00:00,2461074.5,12.5,,4.5,,115.70997,18.75777,116.09667,18.69509,-85.2024,13.71229,,,,,550242.228,126996.664,80.758,,999,,17.286,,99.80043,,577221.3,*,,,,,,272.96,0.0,,,119.3582,-1.8972,3.720562286434,56.7274654,2.77768308586372,68.5580036,23.1012858,61.9575544,83.855798,160.3392,/T,5.1155,33.6,98.5314,14.9136,92.824,96.375,0.2464,Gem,69.184824,114.6507943,-2.5378356,,,201.295603,19.51972,,0.0,0.084,0.073,0.084,0.072,-11.46,0.0191961,0.111,1212.9834,0.0001859,2.86,10.4,0.008092,74.8642,,5.1209,116.8215,-2.2209
ATLAS (C/2025 N1),2026-Feb-04 00:00,2461075.5,12.5,,4.5,,115.11925,18.84551,115.50637,18.78423,-82.54,13.03654,,,,,545545.707,126253.721,79.959,,999,,17.334,,99.77277,,571573.6,*,,,,,,273.3,0.0,,,119.1392,-1.9144,3.753334591615,56.7860224,2.81754023560044,69.4863132,23.4327676,61.9241209,84.1287133,158.7705,/T,5.4591,47.6,94.7777,16.1392,93.158,96.105,0.21315,Gem,69.184848,114.0842342,-2.5469348,,,200.978248,19.039375,,0.0,0.085,0.073,0.085,0.073,-9.995,0.0193914,0.112,1226.5211,0.0001869,2.87,10.44,0.008182,75.0838,,5.4645,116.4287,-2.2344
ATLAS (C/2025 N1),2026-Feb-05 00:00,2461076.5,12.5,,4.5,,114.5468,18.92888,114.93429,18.86897,-79.9341,12.39331,,,,,540905.425,125477.987,79.242,,999,,17.382,,99.74454,,565986.2,*,,,,,,273.56,0.0,,,118.9239,-1.9313,3.786140081095,56.8427642,2.85792546057626,70.3872167,23.76864128,61.8912271,84.3969307,157.2184,/T,5.789,61.3,89.0763,17.3616,93.423,95.836,0.18072,Gem,69.184872,113.5356957,-2.5552931,,,200.672553,18.573926,,0.0,0.085,0.073,0.086,0.073,-8.475,0.0196125,0.112,1240.2129,0.0001879,2.88,10.48,0.008274,75.2995,,5.7943,116.0468,-2.2474
ATLAS (C/2025 N1),2026-Feb-06 00:00,2461077.5,12.5,,4.5,,113.99224,19.00812,114.38009,18.94952,-77.3851,11.78133,,,,,536319.411,124670.599,78.59,,999,,17.43,,99.71592,,560458.7,*,,,,,,273.77,0.0,,,118.7123,-1.9479,3.818977728905,56.8977575,2.89882311420429,71.2613217,24.10877669,61.8588622,84.6603691,155.683,/T,6.1053,74.6,81.8594,18.5809,93.634,95.569,0.14911,Gem,69.184896,113.0047761,-2.5629503,,,200.378081,18.12308,,0.0,0.086,0.073,0.086,0.073,-6.959,0.0198586,0.113,1254.0545,0.0001888,2.9,10.52,0.008366,75.5116,,6.1106,115.6756,-2.2599
ATLAS (C/2025 N1),2026-Feb-07 00:00,2461078.5,12.5,,4.5,,113.45521,19.08341,113.8434,19.02609,-74.8933,11.19937,,,,,531785.708,123832.682,77.994,,999,,17.477,,99.68708,,554990.4,*,,,,,,273.94,0.0,,,118.5044,-1.9642,3.851846546736,56.9510662,2.94021788777218,72.1091926,24.45304653,61.8270158,84.9189249,154.164,/T,6.4084,87.5,73.5522,19.797,93.801,95.305,0.11831,Gem,69.184919,112.4910719,-2.5699445,,,200.094419,17.686541,,0.0,0.087,0.074,0.087,0.073,-5.494,0.0201283,0.114,1268.0413,0.0001896,2.91,10.56,0.008459,75.72,,6.4135,115.3148,-2.2719
ATLAS (C/2025 N1),2026-Feb-08 00:00,2461079.5,12.5,,4.5,,112.93533,19.15495,113.32384,19.09887,-72.4585,10.64617,,,,,527302.378,122965.344,77.443,,999,,17.525,,99.65818,,549580.6,*,,,,,,274.08,0.0,,,118.2999,-1.9801,3.884745582417,57.0027517,2.98209478885113,72.9313624,24.80132609,61.7956778,85.1724858,152.6613,/T,6.6984,100.2,64.5397,21.0099,93.934,95.042,0.08832,Gem,69.184943,111.9941789,-2.5763124,,,199.821169,17.264008,,0.0,0.088,0.074,0.088,0.074,-4.118,0.0204203,0.115,1282.1693,0.0001905,2.92,10.6,0.008554,75.9249,,6.7035,114.9642,-2.2834
ATLAS (C/2025 N1),2026-Feb-09 00:00,2461080.5,12.5,,4.5,,112.43222,19.22294,112.82104,19.16806,-70.0808,10.12049,,,,,522867.509,122069.671,76.932,,999,,17.572,,99.62936,,544228.3,*,,,,,,274.18,0.0,,,118.0989,-1.9958,3.917673918471,57.052873,3.02443912590498,73.7283418,25.1534932,61.7648383,85.420939,151.1745,/T,6.9756,112.6,55.1573,22.2195,94.04,94.781,0.05911,Gem,69.184966,111.5136931,-2.5820892,,,199.557953,16.855177,,0.0,0.089,0.074,0.089,0.074,-2.853,0.0207331,0.116,1296.4342,0.0001913,2.93,10.65,0.008649,76.1263,,6.9807,114.6235,-2.2945
ATLAS (C/2025 N1),2026-Feb-10 00:00,2461081.5,12.5,,4.5,,111.9455,19.28755,112.33462,19.23383,-67.7598,9.621102,,,,,518479.216,121146.729,76.455,,999,,17.619,,99.60075,,538932.5,*,,,,,,274.26,0.0,,,117.9012,-2.0112,3.950630670753,57.1014867,3.06723649758827,74.5006258,25.50942809,61.734488,85.6641747,149.7035,/T,7.2405,124.8,45.6979,23.4259,94.123,94.521,0.03068,Gem,69.184989,111.0492115,-2.5873088,,,199.304411,16.45974,,0.0,0.091,0.074,0.091,0.074,-1.711,0.0210653,0.117,1310.8319,0.0001921,2.94,10.69,0.008745,76.3244,,7.2454,114.2924,-2.3051
ATLAS (C/2025 N1),2026-Feb-11 00:00,2461082.5,12.5,,4.5,,111.4748,19.34894,111.86422,19.29635,-65.4952,9.146814,,,,,514135.647,120197.558,76.007,,999,,17.665,,99.57247,,533692.1,*,,,,,,274.33,0.0,,,117.7068,-2.0263,3.983614987145,57.1486473,3.11047278452778,75.2486962,25.86901332,61.7046177,85.9020864,148.2478,/T,7.4931,136.9,36.428,24.629,94.187,94.263,0.00302,Gem,69.185011,110.6003334,-2.5920035,,,199.060196,16.077393,,0.0,0.092,0.074,0.092,0.074,-0.692,0.0214154,0.118,1325.3585,0.0001929,2.95,10.73,0.008842,76.5192,,7.498,113.9708,-2.3154
ATLAS (C/2025 N1),2026-Feb-12 00:00,2461083.5,12.5,,4.5,,111.01973,19.40729,111.40944,19.3558,-63.2864,8.696451,,,,,509834.981,119223.176,75.586,,999,,17.712,,99.54462,,528505.9,*,,,,,,274.38,0.0,,,117.5156,-2.0412,4.016626046336,57.1944072,3.15413414146564,75.9730205,26.23213376,61.6752187,86.1345682,146.8072,/T,7.7339,149.0,27.607,25.8289,94.237,94.007,-0.02388,Gem,69.185034,110.1666613,-2.5962045,,,198.824981,15.707828,,0.0,0.093,0.074,0.093,0.074,0.208,0.0217817,0.119,1340.01,0.0001936,2.96,10.77,0.00894,76.7108,,7.7387,113.6583,-2.3253
ATLAS (C/2025 N1),2026-Feb-13 00:00,2461084.5,12.5,,4.5,,110.57993,19.46275,110.96992,19.41232,-61.1329,8.268867,,,,,505575.438,118224.574,75.189,,999,,17.758,,99.5173,,523372.9,*,,,,,,274.42,0.0,,,117.3275,-2.0558,4.049663056658,57.2388168,3.19820698811793,76.6740483,26.59867645,61.6462827,86.3615113,145.3814,/T,7.9631,160.9,19.5042,27.0257,94.275,93.752,-0.05004,Gem,69.185056,109.7478018,-2.5999414,,,198.598449,15.35074,,0.0,0.095,0.074,0.095,0.074,0.999,0.0221629,0.121,1354.7829,0.0001943,2.97,10.81,0.009038,76.8992,,7.9679,113.3548,-2.3348
ATLAS (C/2025 N1),2026-Feb-14 00:00,2461085.5,12.5,,4.5,,110.15503,19.51547,110.54527,19.46608,-59.0339,7.862947,,,,,501355.278,117202.719,74.813,,999,,17.804,,99.49058,,518291.8,*,,,,,,274.45,0.0,,,117.1425,-2.0701,4.082725254995,57.2819247,3.24267799774508,77.3522073,26.96853056,61.6178016,86.5828011,143.9699,/T,8.1811,171.5,12.4092,28.2192,94.302,93.498,-0.07547,Gem,69.185078,109.3433662,-2.6032425,,,198.380299,15.005825,,0.0,0.096,0.074,0.096,0.074,1.691,0.0225573,0.122,1369.6733,0.000195,2.99,10.85,0.009137,77.0846,,8.1857,113.0601,-2.3439
ATLAS (C/2025 N1),2026-Feb-15 00:00,2461086.5,12.5,,4.5,,109.74465,19.56558,110.13513,19.5172,-56.9887,7.477612,,,,,497172.803,116158.55,74.457,,999,,17.849,,99.46456,,513261.4,*,,,,,,274.47,0.0,,,116.9604,-2.0841,4.115811905753,57.3237777,3.28753408319869,78.0078994,27.34158724,61.5897678,86.7983147,142.5726,/T,8.388,170.1,6.6328,29.4097,94.321,93.245,-0.10017,Gem,69.185099,108.952972,-2.6061351,,,198.170243,14.672784,,0.0,0.098,0.075,0.098,0.075,2.295,0.0229636,0.123,1384.6777,0.0001957,3.0,10.89,0.009238,77.267,,8.3926,112.7739,-2.3527
ATLAS (C/2025 N1),2026-Feb-16 00:00,2461087.5,12.5,,4.5,,109.34844,19.61322,109.73912,19.56583,-54.9964,7.111818,,,,,493026.364,115092.982,74.119,,999,,17.895,,99.43928,,508280.8,*,,,,,,274.48,0.0,,,116.7812,-2.098,4.148922299896,57.3644213,3.33276238110921,78.6414978,27.71773953,61.5621742,87.007922,141.1891,/T,8.5843,158.6,2.495,30.597,94.334,92.994,-0.12417,Gem,69.18512,108.576243,-2.6086451,,,197.968004,14.351318,,0.0,0.1,0.075,0.1,0.075,2.823,0.0233805,0.125,1399.7927,0.0001963,3.01,10.93,0.009338,77.4466,,8.5888,112.4959,-2.3612
ATLAS (C/2025 N1),2026-Feb-17 00:00,2461088.5,12.5,,4.5,,108.96603,19.65851,109.3569,19.61208,-53.0562,6.764565,,,,,488914.358,114006.9,73.797,,999,,17.94,,99.4148,,503348.6,*,,,,,,274.49,0.0,,,116.6049,-2.1116,4.182055754041,57.4038989,3.37835023588047,79.2533495,28.09688215,61.5350139,87.2114901,139.8191,/T,8.7702,145.7,0.2976,31.7812,94.341,92.744,-0.14746,Gem,69.185141,108.2128115,-2.6107972,,,197.773317,14.041133,,0.0,0.101,0.075,0.101,0.075,3.284,0.0238067,0.126,1415.0149,0.0001969,3.02,10.98,0.00944,77.6232,,8.7746,112.226,-2.3694
ATLAS (C/2025 N1),2026-Feb-18 00:00,2461089.5,12.5,,4.5,,108.59707,19.70159,108.9881,19.65608,-51.1674,6.434898,,,,,484835.232,112901.165,73.491,,999,,17.985,,99.39118,,498463.8,*,,,,,,274.49,0.0,,,116.4313,-2.1249,4.215211609618,57.4422531,3.42428518606188,79.8437817,28.47891148,61.5082804,87.4088913,138.4622,/T,8.946,132.4,0.286,32.9623,94.343,92.495,-0.17008,Gem,69.185162,107.8623185,-2.612615,,,197.58593,13.741938,,0.0,0.103,0.075,0.103,0.075,3.687,0.024241,0.127,1430.3409,0.0001975,3.03,11.02,0.009542,77.7971,,8.9503,111.964,-2.3773
ATLAS (C/2025 N1),2026-Feb-19 00:00,2461090.5,12.5,,4.5,,108.24122,19.74255,108.63237,19.69793,-49.3289,6.121911,,,,,480787.48,111776.611,73.2,,999,,18.029,,99.36845,,493625.2,*,,,,,,274.49,0.0,,,116.2604,-2.138,4.248389232087,57.4795248,3.47055495610519,80.4131136,28.86372543,61.4819679,87.6000152,137.1181,/T,9.1119,118.7,2.6064,34.1404,94.342,92.247,-0.19202,Gem,69.185182,107.5244149,-2.6141212,,,197.405597,13.453447,,0.0,0.105,0.075,0.105,0.075,4.04,0.0246823,0.129,1445.7677,0.0001981,3.04,11.06,0.009645,77.9683,,9.1162,111.7097,-2.3849
ATLAS (C/2025 N1),2026-Feb-20 00:00,2461091.5,12.5,,4.5,,107.89813,19.78151,108.28939,19.73775,-47.5401,5.824749,,,,,476769.64,110634.052,72.922,,999,,18.073,,99.34666,,488831.9,*,,,,,,274.49,0.0,,,116.0922,-2.1509,4.281588010214,57.5157539,3.51714745610308,80.9616718,29.25122343,61.4560709,87.7847816,135.7866,/T,9.2683,104.8,7.268,35.3155,94.338,92.0,-0.21329,Gem,69.185202,107.1987613,-2.6153372,,,197.232085,13.175378,,0.0,0.107,0.075,0.107,0.075,4.349,0.0251295,0.13,1461.2921,0.0001986,3.05,11.09,0.009749,78.1368,,9.2725,111.4627,-2.3923
ATLAS (C/2025 N1),2026-Feb-21 00:00,2461092.5,12.5,,4.5,,107.56746,19.81856,107.95882,19.77563,-45.8001,5.542605,,,,,472780.29,109474.284,72.658,,999,,18.117,,99.32582,,484082.6,*,,,,,,274.48,0.0,,,115.9266,-2.1636,4.314807355414,57.550979,3.56405079071965,81.4898061,29.64130657,61.4305844,87.9631509,134.4674,/T,9.4155,90.7,14.123,36.4876,94.332,91.754,-0.23392,Gem,69.185221,106.8850268,-2.6162834,,,197.065168,12.90745,,0.0,0.108,0.075,0.109,0.075,4.621,0.0255817,0.132,1476.9111,0.0001992,3.06,11.13,0.009853,78.3027,,9.4196,111.2231,-2.3994
ATLAS (C/2025 N1),2026-Feb-22 00:00,2461093.5,12.5,,4.5,,107.24887,19.85382,107.64034,19.81167,-44.1081,5.274721,,,,,468818.043,108298.09,72.406,,999,,18.161,,99.30596,,479376.4,*,,,,,,274.47,0.0,,,115.7635,-2.1761,4.348046701151,57.5852379,3.6112532765376,81.9979025,30.03387768,61.4055039,88.1351315,133.1601,/T,9.5536,76.5,22.8687,37.6568,94.324,91.509,-0.25391,Gem,69.18524,106.5828864,-2.6169791,,,196.904629,12.649389,,0.0,0.11,0.075,0.111,0.075,4.861,0.0260382,0.134,1492.6219,0.0001997,3.07,11.17,0.009958,78.4661,,9.5576,110.9905,-2.4062
ATLAS (C/2025 N1),2026-Feb-23 00:00,2461094.5,12.5,,4.5,,106.94205,19.88736,107.33362,19.84596,-42.4632,5.020377,,,,,464881.543,107106.243,72.165,,999,,18.204,,99.2871,,474712.2,*,,,,,,274.46,0.0,,,115.6028,-2.1884,4.3813055024,57.6185676,3.65874346523683,82.4863901,30.42884153,61.3808255,88.3007797,131.8645,/T,9.683,62.3,33.0684,38.823,94.315,91.265,-0.27327,Gem,69.185259,106.2920199,-2.6174423,,,196.750257,12.400924,,0.0,0.112,0.075,0.112,0.075,5.073,0.0264979,0.135,1508.4214,0.0002002,3.08,11.21,0.010063,78.627,,9.6869,110.7647,-2.4128
ATLAS (C/2025 N1),2026-Feb-24 00:00,2461095.5,12.5,,4.5,,106.64666,19.91927,107.03835,19.8786,-40.8647,4.778893,,,,,460969.461,105899.5,71.937,,999,,18.247,,99.26925,,470088.8,*,,,,,,274.45,0.0,,,115.4446,-2.2004,4.414583235182,57.6510043,3.70651016907678,82.955742,30.8261051,61.3565459,88.4601961,130.5802,/T,9.8039,48.1,44.1866,39.9864,94.306,91.022,-0.29202,Gem,69.185277,106.0121091,-2.6176902,,,196.60185,12.161789,,0.0,0.114,0.075,0.114,0.075,5.26,0.0269604,0.137,1524.3071,0.0002007,3.09,11.25,0.010169,78.7855,,9.8077,110.5457,-2.4192
ATLAS (C/2025 N1),2026-Feb-25 00:00,2461096.5,12.5,,4.5,,106.3624,19.94965,106.7542,19.90967,-39.3115,4.549619,,,,,457080.496,104678.602,71.719,,999,,18.289,,99.25241,,465505.4,*,,,,,,274.44,0.0,,,115.2888,-2.2123,4.447879396157,57.6825833,3.7545424852464,83.406471,31.22557769,61.3326625,88.6135169,129.307,/T,9.9166,33.9,55.627,41.1469,94.296,90.781,-0.31016,Gem,69.185294,105.7428381,-2.6177385,,,196.459212,11.931722,,0.0,0.116,0.076,0.116,0.075,5.425,0.0274249,0.138,1540.2763,0.0002012,3.11,11.29,0.010276,78.9417,,9.9203,110.3331,-2.4254
ATLAS (C/2025 N1),2026-Feb-26 00:00,2461097.5,12.5,,4.5,,106.08893,19.97856,106.48087,19.93926,-37.8027,4.331931,,,,,453213.375,103444.266,71.512,,999,,18.332,,99.2366,,460960.7,*,,,,,,274.43,0.0,,,115.1352,-2.2239,4.481193502298,57.7133399,3.8028298163413,83.8391205,31.62717117,61.3091731,88.7609039,128.0446,/T,10.0214,20.0,66.7711,42.3046,94.285,90.54,-0.32771,Gem,69.185312,105.4838937,-2.6176022,,,196.322154,11.710467,,0.0,0.118,0.076,0.118,0.075,5.572,0.0278907,0.14,1556.3264,0.0002016,3.12,11.32,0.010383,79.0955,,10.025,110.1268,-2.4314
ATLAS (C/2025 N1),2026-Feb-27 00:00,2461098.5,12.5,,4.5,,105.82597,20.00608,106.21802,19.96744,-36.3372,4.12523,,,,,449366.854,102197.181,71.315,,999,,18.374,,99.2218,,456453.8,*,,,,,,274.42,0.0,,,114.9839,-2.2354,4.514525090622,57.7433085,3.85136188490444,84.254253,32.03080008,61.2860765,88.9025315,126.7927,/T,10.1184,8.211,77.0157,43.4596,94.275,90.301,-0.34467,Gem,69.185328,105.2349673,-2.6172948,,,196.190493,11.497773,,0.0,0.12,0.076,0.12,0.075,5.703,0.0283576,0.142,1572.4549,0.0002021,3.13,11.36,0.01049,79.2471,,10.1219,109.9267,-2.4372
ATLAS (C/2025 N1),2026-Feb-28 00:00,2461099.5,12.5,,4.5,,105.57322,20.03229,105.96537,19.99429,-34.914,3.928939,,,,,445539.727,100938.0,71.129,,999,,18.416,,99.20802,,451983.5,*,,,,,,274.41,0.0,,,114.8349,-2.2467,4.547873717997,57.7725235,3.90012874030549,84.6524355,32.43638165,61.2633719,89.0385738,125.551,/T,10.208,12.0,85.8136,44.6118,94.265,90.064,-0.36106,Gem,69.185344,104.9957582,-2.6168291,,,196.064054,11.293395,,0.0,0.122,0.076,0.122,0.075,5.819,0.0288248,0.143,1588.6595,0.0002025,3.13,11.39,0.010598,79.3964,,10.2114,109.7326,-2.4428
ATLAS (C/2025 N1),2026-Mar-01 00:00,2461100.5,12.5,,4.5,,105.33037,20.05724,105.7226,20.01987,-33.5318,3.7425,,,,,441730.824,99667.342,70.952,,999,,18.457,,99.19525,,447549.0,*,,,,,,274.4,0.0,,,114.688,-2.2578,4.581238960992,57.8010191,3.94912075642564,85.0342221,32.84383582,61.2410592,89.1691893,124.3192,/T,10.2903,24.9,92.7147,45.7613,94.255,89.828,-0.37689,Gem,69.18536,104.7659758,-2.6162169,,,195.942668,11.097094,,0.0,0.124,0.076,0.124,0.075,5.922,0.0292921,0.145,1604.9378,0.000203,3.14,11.43,0.010707,79.5437,,10.2936,109.5442,-2.4482
ATLAS (C/2025 N1),2026-Mar-02 00:00,2461101.5,12.5,,4.5,,105.09716,20.08101,105.48944,20.04424,-32.1895,3.565376,,,,,437939.016,98385.796,70.784,,999,,18.498,,99.18348,,443149.2,*,,,,,,274.4,0.0,,,114.5432,-2.2688,4.614620415779,57.8288293,3.99832861916045,85.4001365,33.25308514,61.2191388,89.2945073,123.097,/T,10.3656,38.5,97.4044,46.9082,94.246,89.594,-0.39217,Gem,69.185375,104.5453417,-2.6154689,,,195.826171,10.908639,,0.0,0.125,0.076,0.126,0.075,6.013,0.029759,0.147,1621.2877,0.0002034,3.15,11.46,0.010816,79.6888,,10.3688,109.3615,-2.4535
ATLAS (C/2025 N1),2026-Mar-03 00:00,2461102.5,12.5,,4.5,,104.87331,20.10365,105.26561,20.06746,-30.8857,3.397045,,,,,434163.223,97093.924,70.626,,999,,18.539,,99.1727,,438783.0,*,,,,,,274.39,0.0,,,114.4005,-2.2795,4.648017698027,57.8559877,4.0477433040322,85.750656,33.66405454,61.1976117,89.4146171,121.8842,/T,10.4341,52.2,99.7277,48.0525,94.238,89.361,-0.40689,Gem,69.18539,104.3335909,-2.6145952,,,195.714407,10.727804,,0.0,0.127,0.076,0.128,0.075,6.094,0.0302252,0.148,1637.7071,0.0002038,3.16,11.5,0.010926,79.8319,,10.4372,109.1843,-2.4586
ATLAS (C/2025 N1),2026-Mar-04 00:00,2461103.5,12.5,,4.5,,104.65855,20.12521,105.05086,20.08958,-29.6192,3.23701,,,,,430402.41,95792.274,70.477,,999,,18.579,,99.16289,,434449.5,*,,,,,,274.38,0.0,,,114.2599,-2.2901,4.681430442752,57.8825277,4.09735604602471,86.0862008,34.07667113,61.1764785,89.5295626,120.6804,/T,10.4961,65.6,99.693,49.1943,94.231,89.131,-0.42108,Gem,69.185405,104.1304706,-2.6136052,,,195.607227,10.554373,,0.0,0.129,0.076,0.13,0.075,6.166,0.0306904,0.15,1654.1939,0.0002042,3.17,11.53,0.011036,79.973,,10.4991,109.0125,-2.4635
ATLAS (C/2025 N1),2026-Mar-05 00:00,2461104.5,12.5,,4.5,,104.45262,20.14576,104.84493,20.11065,-28.3887,3.084794,,,,,426655.592,94481.384,70.336,,999,,18.619,,99.15405,,430147.9,*,,,,,,274.37,0.0,,,114.1212,-2.3005,4.714858304018,57.9084821,4.1471583053703,86.4071311,34.4908639,61.1557396,89.6393441,119.4855,/T,10.5517,78.7,97.4504,50.3336,94.225,88.903,-0.43472,Gem,69.185419,103.9357386,-2.6125075,,,195.504485,10.388135,,0.0,0.131,0.076,0.132,0.075,6.23,0.0311544,0.152,1670.7462,0.0002046,3.18,11.56,0.011146,80.1122,,10.5545,108.8458,-2.4683
ATLAS (C/2025 N1),2026-Mar-06 00:00,2461105.5,12.5,,4.5,,104.25528,20.16534,104.64758,20.13073,-27.1931,2.939946,,,,,422921.836,93161.786,70.205,,999,,18.659,,99.14615,,425877.1,*,,,,,,274.37,0.0,,,113.9845,-2.3108,4.748300954362,57.933882,4.19714173358384,86.7137503,34.90656339,61.1353939,89.7439252,118.2992,/T,10.601,91.6,93.2528,51.4705,94.219,88.678,-0.44783,Gem,69.185432,103.7491611,-2.6113102,,,195.406046,10.228886,,0.0,0.133,0.076,0.134,0.075,6.286,0.0316169,0.153,1687.3621,0.000205,3.19,11.6,0.011257,80.2496,,10.6038,108.6841,-2.473
ATLAS (C/2025 N1),2026-Mar-07 00:00,2461106.5,12.5,,4.5,,104.06629,20.184,104.45859,20.14986,-26.0311,2.802042,,,,,419200.256,91834.015,70.082,,999,,18.699,,99.13918,,421636.4,*,,,,,,274.37,0.0,,,113.8497,-2.3209,4.781758083721,57.9587565,4.2472981432337,87.0063146,35.32370153,61.1154376,89.8432425,117.1212,/T,10.6445,104.1,87.4107,52.6051,94.215,88.455,-0.46041,Gem,69.185445,103.5705114,-2.610021,,,195.311776,10.076429,,0.0,0.135,0.076,0.136,0.075,6.336,0.0320777,0.155,1704.0398,0.0002053,3.2,11.63,0.011368,80.3852,,10.6471,108.5274,-2.4775
ATLAS (C/2025 N1),2026-Mar-08 00:00,2461107.5,12.5,,4.5,,103.88542,20.20178,104.27771,20.16809,-24.9018,2.670686,,,,,415490.018,90498.602,69.967,,999,,18.738,,99.13312,,417425.0,*,,,,,,274.36,0.0,,,113.7167,-2.3308,4.815229397576,57.9831301,4.29761948316902,87.2850415,35.74221135,61.0958624,89.9372145,115.9514,/T,10.6821,116.4,80.2516,53.7373,94.212,88.236,-0.47245,Gem,69.185458,103.3995682,-2.6086468,,,195.221548,9.930574,,0.0,0.137,0.076,0.138,0.075,6.379,0.0325367,0.157,1720.7774,0.0002057,3.21,11.66,0.01148,80.519,,10.6847,108.3755,-2.4819
ATLAS (C/2025 N1),2026-Mar-09 00:00,2461108.5,12.5,,4.5,,103.71244,20.21872,104.10473,20.18546,-23.8039,2.545505,,,,,411790.333,89156.076,69.861,,999,,18.777,,99.12796,,413241.9,*,,,,,,274.36,0.0,,,113.5856,-2.3406,4.848714613912,58.0070211,4.34809781898717,87.5501188,36.16202687,61.0766533,90.0257477,114.7894,/T,10.7141,128.5,72.0929,54.8673,94.211,88.021,-0.48395,Gem,69.185471,103.2361157,-2.6071943,,,195.135241,9.791137,,0.0,0.139,0.076,0.139,0.075,6.416,0.0329936,0.158,1737.5729,0.0002061,3.22,11.69,0.011592,80.6513,,10.7165,108.2282,-2.4861
ATLAS (C/2025 N1),2026-Mar-10 00:00,2461109.5,12.5,,4.5,,103.54712,20.23487,103.93943,20.20202,-22.7364,2.426155,,,,,408100.462,87806.963,69.763,,999,,18.815,,99.12366,,409086.5,*,,,,,,274.36,0.0,,,113.4563,-2.3502,4.882213458538,58.0304378,4.39872531710091,87.8017084,36.58308293,61.0577849,90.1087391,113.6352,/T,10.7406,140.3,63.2292,55.995,94.21,87.81,-0.49491,Gem,69.185483,103.0799431,-2.6056696,,,195.052737,9.657939,,0.0,0.141,0.077,0.141,0.075,6.449,0.0334485,0.16,1754.4242,0.0002064,3.22,11.72,0.011704,80.782,,10.743,108.0855,-2.4903
ATLAS (C/2025 N1),2026-Mar-11 00:00,2461110.5,12.5,,4.5,,103.38928,20.25026,103.7816,20.21781,-21.6985,2.312307,,,,,404419.711,86451.783,69.673,,999,,18.854,,99.12021,,404958.1,*,,,,,,274.36,0.0,,,113.3288,-2.3597,4.915725658321,58.0533749,4.44949423015559,88.0399468,37.00531511,61.0392188,90.1860748,112.4884,/T,10.7619,152.0,53.9331,57.1206,94.211,87.603,-0.50532,Gem,69.185494,102.9308454,-2.6040782,,,194.973923,9.530808,,0.0,0.143,0.077,0.143,0.075,6.477,0.0339011,0.162,1771.3288,0.0002067,3.23,11.75,0.011817,80.9113,,10.7642,107.9472,-2.4943
ATLAS (C/2025 N1),2026-Mar-12 00:00,2461111.5,12.5,,4.5,,103.23869,20.26493,103.63103,20.23285,-20.6892,2.203646,,,,,400747.43,85091.049,69.591,,999,,18.892,,99.1176,,400856.0,*,,,,,,274.36,0.0,,,113.203,-2.369,4.949250932091,58.0758094,4.50039688176021,88.2649429,37.42865955,61.0209003,90.257626,111.3489,/T,10.778,163.3,44.4667,58.244,94.213,87.402,-0.51518,Gem,69.185505,102.7886226,-2.6024255,,,194.898692,9.409577,,0.0,0.144,0.077,0.145,0.075,6.5,0.0343514,0.164,1788.2839,0.000207,3.24,11.78,0.01193,81.0392,,10.7802,107.8132,-2.4981
ATLAS (C/2025 N1),2026-Mar-13 00:00,2461112.5,12.5,,4.5,,103.09516,20.27891,103.48752,20.2472,-19.7076,2.099867,,,,,397083.013,83725.269,69.516,,999,,18.929,,99.11578,,396779.4,*,,,,,,274.37,0.0,,,113.0789,-2.3782,4.982788979584,58.0976979,4.55142564942384,88.476774,37.85305287,61.0027579,90.3232457,110.2165,/T,10.7892,172.4,35.0981,59.3652,94.217,87.205,-0.5245,Gem,69.185516,102.6530805,-2.6007164,,,194.826937,9.294083,,0.0,0.146,0.077,0.147,0.075,6.52,0.0347994,0.165,1805.2861,0.0002073,3.25,11.8,0.012044,81.1659,,10.7913,107.6833,-2.5019
ATLAS (C/2025 N1),2026-Mar-14 00:00,2461113.5,12.5,,4.5,,102.9585,20.29223,103.35087,20.26087,-18.7529,2.00066,,,,,393425.897,82354.942,69.45,,999,,18.967,,99.11476,,392727.8,*,,,,,,274.37,0.0,,,112.9565,-2.3872,5.016339469714,58.1189775,4.60257294610148,88.6754857,38.27843197,60.9847062,90.3827683,109.0911,/T,10.7956,168.4,26.12,60.4843,94.222,87.014,-0.53329,Gem,69.185527,102.5240301,-2.5989557,,,194.758559,9.184169,,0.0,0.148,0.077,0.149,0.075,6.536,0.0352451,0.167,1822.3313,0.0002076,3.25,11.82,0.012157,81.2913,,10.7976,107.5576,-2.5056
ATLAS (C/2025 N1),2026-Mar-15 00:00,2461114.5,12.5,,4.5,,102.82852,20.30492,103.22088,20.2739,-17.8243,1.905713,,,,,389775.561,80980.562,69.392,,999,,19.004,,99.11449,,388700.6,*,,,,,,274.38,0.0,,,112.8357,-2.3961,5.049902030753,58.139572,4.65383120255152,88.8610954,38.70473389,60.9666545,90.436014,107.9724,/T,10.7973,157.1,17.8657,61.6012,94.228,86.829,-0.54159,Gem,69.185537,102.4012883,-2.5971481,,,194.693461,9.079682,,0.0,0.15,0.077,0.151,0.075,6.548,0.0356885,0.169,1839.4153,0.0002078,3.26,11.84,0.012271,81.4156,,10.7992,107.4358,-2.5091
ATLAS (C/2025 N1),2026-Mar-16 00:00,2461115.5,12.5,,4.5,,102.70503,20.317,103.09739,20.28632,-16.9212,1.814709,,,,,386131.526,79602.611,69.341,,999,,19.041,,99.11497,,384697.1,*,,,,,,274.39,0.0,,,112.7165,-2.4048,5.08347624583,58.1594037,4.70519285419807,89.0336042,39.13189572,60.9485202,90.4828007,106.8603,/T,10.7946,144.7,10.7152,62.7161,94.236,86.649,-0.54943,Gem,69.185546,102.2846775,-2.5952985,,,194.631549,8.980474,,0.0,0.152,0.077,0.153,0.075,6.558,0.0361298,0.17,1856.5334,0.000208,3.26,11.86,0.012385,81.5386,,10.7963,107.3179,-2.5126
ATLAS (C/2025 N1),2026-Mar-17 00:00,2461116.5,12.5,,4.5,,102.58788,20.32851,102.98019,20.29814,-16.0428,1.727335,,,,,382493.354,78221.565,69.298,,999,,19.077,,99.11616,,380716.8,*,,,,,,274.4,0.0,,,112.5989,-2.4134,5.117061656813,58.17841,4.75665033654343,89.1930147,39.55985455,60.9302447,90.5229613,105.7547,/T,10.7874,131.7,5.0852,63.8289,94.246,86.474,-0.55687,Gem,69.185556,102.1740267,-2.5934121,,,194.572733,8.886398,,0.0,0.154,0.077,0.154,0.075,6.565,0.0365689,0.172,1873.6816,0.0002081,3.27,11.88,0.0125,81.6604,,10.789,107.2038,-2.516
ATLAS (C/2025 N1),2026-Mar-18 00:00,2461117.5,12.5,,4.5,,102.47687,20.33946,102.86913,20.30939,-15.1887,1.643291,,,,,378860.648,76837.888,69.262,,999,,19.113,,99.11804,,376759.1,*,,,,,,274.41,0.0,,,112.4828,-2.4219,5.150657777389,58.196558,4.80819609192296,89.3393515,39.98854752,60.911805,90.5563619,104.6553,/T,10.776,118.2,1.3981,64.9397,94.256,86.304,-0.56396,Gem,69.185564,102.0691717,-2.5914947,,,194.516926,8.797313,,0.0,0.156,0.077,0.156,0.075,6.57,0.0370059,0.174,1890.8566,0.0002082,3.27,11.89,0.012614,81.7808,,10.7775,107.0933,-2.5192
ATLAS (C/2025 N1),2026-Mar-19 00:00,2461118.5,12.5,,4.5,,102.37184,20.34988,102.76404,20.32008,-14.3584,1.56231,,,,,375233.05,75452.037,69.234,,999,,19.149,,99.12059,,372823.7,*,,,,,,274.42,0.0,,,112.3682,-2.4302,5.184264112866,58.213852,4.859822588043,89.4726807,40.417912,60.8932166,90.5829186,103.5621,/T,10.7604,104.4,0.026,66.0484,94.268,86.139,-0.57075,Gem,69.185573,101.9699551,-2.589552,,,194.464044,8.713079,,0.0,0.157,0.077,0.158,0.075,6.572,0.037441,0.175,1908.056,0.0002083,3.28,11.91,0.012729,81.8997,,10.7619,106.9865,-2.5224
ATLAS (C/2025 N1),2026-Mar-20 00:00,2461119.5,12.5,,4.5,,102.27263,20.35978,102.66476,20.33024,-13.5514,1.484164,,,,,371610.235,74064.466,69.213,,999,,19.185,,99.12378,,368909.9,*,,,,,,274.43,0.0,,,112.2552,-2.4384,5.217880181587,58.2303318,4.91152234652864,89.5931251,40.84788578,60.8745275,90.6026082,102.475,/T,10.7409,90.3,1.2226,67.155,94.282,85.977,-0.5773,Gem,69.185581,101.8762262,-2.5875904,,,194.414005,8.633559,,0.0,0.159,0.077,0.16,0.075,6.572,0.0378743,0.177,1925.2789,0.0002084,3.28,11.92,0.012844,82.017,,10.7423,106.8831,-2.5255
ATLAS (C/2025 N1),2026-Mar-21 00:00,2461120.5,12.5,,4.5,,102.17906,20.36918,102.57113,20.33987,-12.7674,1.408673,,,,,367991.91,72675.629,69.2,,999,,19.22,,99.12759,,365017.3,*,,,,,,274.45,0.0,,,112.1436,-2.4464,5.251505532618,58.246062,4.96328797838235,89.7008724,41.27840741,60.8558044,90.6154736,101.3937,/T,10.7176,76.0,5.0587,68.2596,94.297,85.82,-0.58364,Gem,69.185588,101.7878385,-2.5856161,,,194.366731,8.558618,,0.0,0.161,0.077,0.162,0.075,6.57,0.0383057,0.178,1942.5249,0.0002085,3.28,11.93,0.012959,82.1326,,10.7188,106.7831,-2.5285
ATLAS (C/2025 N1),2026-Mar-22 00:00,2461121.5,12.5,,4.5,,102.09099,20.3781,102.483,20.349,-12.0059,1.335695,,,,,364377.804,71285.982,69.194,,999,,19.255,,99.132,,361145.4,*,,,,,,274.46,0.0,,,112.0334,-2.4544,5.285139756504,58.2611195,5.015112222497,89.7961775,41.70941651,60.8371188,90.6216214,100.3182,/T,10.6905,61.6,11.3861,69.3622,94.313,85.667,-0.58977,Gem,69.185595,101.7046468,-2.5836352,,,194.322142,8.488122,,0.0,0.163,0.077,0.164,0.075,6.566,0.0387354,0.18,1959.7943,0.0002086,3.29,11.95,0.013074,82.2465,,10.6916,106.6865,-2.5314
ATLAS (C/2025 N1),2026-Mar-23 00:00,2461122.5,12.5,,4.5,,102.00824,20.38656,102.40023,20.35766,-11.2665,1.265122,,,,,360767.663,69895.985,69.195,,999,,19.29,,99.13698,,357293.8,*,,,,,,274.48,0.0,,,111.9247,-2.4622,5.318782488725,58.2755815,5.06698798265334,89.8793549,42.14085405,60.8185361,90.6212133,99.2483,/T,10.6598,47.2,19.8447,70.4629,94.331,85.518,-0.5957,Gem,69.185601,101.626505,-2.5816534,,,194.280163,8.421942,,0.0,0.165,0.077,0.165,0.075,6.559,0.0391633,0.182,1977.0874,0.0002088,3.29,11.96,0.01319,82.3587,,10.6608,106.593,-2.5343
ATLAS (C/2025 N1),2026-Mar-24 00:00,2461123.5,12.5,,4.5,,101.93068,20.39457,102.32265,20.36585,-10.5488,1.196863,,,,,357161.245,68506.098,69.204,,999,,19.324,,99.14251,,353462.0,*,,,,,,274.5,0.0,,,111.8173,-2.4699,5.352433407579,58.2895184,5.1189083581648,89.9507642,42.57266265,60.8001099,90.6144493,98.1839,/T,10.6256,33.0,29.9099,71.5615,94.35,85.374,-0.60144,Gem,69.185607,101.5532646,-2.5796759,,,194.240719,8.359951,,0.0,0.166,0.077,0.167,0.075,6.551,0.0395896,0.183,1994.4045,0.0002089,3.3,11.98,0.013305,82.4692,,10.6265,106.5027,-2.5371
ATLAS (C/2025 N1),2026-Mar-25 00:00,2461124.5,12.5,,4.5,,101.85814,20.40214,102.25011,20.3736,-9.8521,1.130838,,,,,353558.315,67116.77,69.22,,999,,19.359,,99.14856,,349649.5,*,,,,,,274.52,0.0,,,111.7113,-2.4775,5.386092228851,58.3029896,5.17086666432509,90.0107905,43.0047867,60.7818802,90.6015495,97.1249,/T,10.588,19.3,40.9618,72.6581,94.37,85.236,-0.60698,Gem,69.185612,101.4847757,-2.5777074,,,194.203737,8.302024,,0.0,0.168,0.077,0.169,0.075,6.541,0.0400143,0.185,2011.7456,0.0002091,3.3,11.99,0.013421,82.5781,,10.5888,106.4154,-2.5398
ATLAS (C/2025 N1),2026-Mar-26 00:00,2461125.5,12.5,,4.5,,101.79048,20.40929,102.18244,20.38092,-9.17595,1.066969,,,,,349958.645,65728.436,69.243,,999,,19.392,,99.15511,,345855.9,*,,,,,,274.54,0.0,,,111.6066,-2.4849,5.419758699342,58.3160433,5.22285644104795,90.0598237,43.43717249,60.763874,90.5827349,96.0711,/T,10.5472,7.96,52.3545,73.7528,94.392,85.103,-0.6123,Gem,69.185617,101.4208898,-2.575752,,,194.169146,8.248039,,0.0,0.17,0.077,0.171,0.075,6.529,0.0404374,0.187,2029.1106,0.0002093,3.3,12.01,0.013537,82.6853,,10.5479,106.3311,-2.5425
ATLAS (C/2025 N1),2026-Mar-27 00:00,2461126.5,12.5,,4.5,,101.72755,20.41604,102.11951,20.38784,-8.51973,1.005177,,,,,346362.017,64341.513,69.273,,999,,19.426,,99.16214,,342080.6,*,,,,,,274.57,0.0,,,111.5032,-2.4923,5.453432590595,58.3287174,5.27487145050824,90.0982411,43.86976813,60.7461081,90.5582132,95.0224,/T,10.5032,12.3,63.4701,74.8455,94.415,84.975,-0.61742,Gem,69.185621,101.3614618,-2.5738133,,,194.136877,8.197881,,0.0,0.172,0.077,0.173,0.075,6.515,0.0408589,0.188,2046.4989,0.0002094,3.31,12.03,0.013653,82.7909,,10.5038,106.2497,-2.5452
ATLAS (C/2025 N1),2026-Mar-28 00:00,2461127.5,12.5,,4.5,,101.66922,20.42239,102.06115,20.39435,-7.8828,0.945378,,,,,342768.221,62956.397,69.311,,999,,19.459,,99.16962,,338323.3,*,,,,,,274.59,0.0,,,111.4011,-2.4996,5.487113693466,58.3410412,5.32690566608676,90.1263952,44.30252351,60.7285911,90.528168,93.9787,/T,10.4562,24.9,73.7542,75.9363,94.44,84.854,-0.62231,Gem,69.185624,101.3063534,-2.5718943,,,194.106861,8.151433,,0.0,0.173,0.077,0.174,0.075,6.499,0.041279,0.19,2063.9098,0.0002096,3.31,12.04,0.013769,82.895,,10.4567,106.1711,-2.5477
ATLAS (C/2025 N1),2026-Mar-29 00:00,2461128.5,12.5,,4.5,,101.61535,20.42836,102.00723,20.40048,-7.26453,0.887484,,,,,339177.061,61573.462,69.355,,999,,19.492,,99.17753,,334583.3,*,,,,,,274.62,0.0,,,111.3002,-2.5067,5.520801813767,58.3530378,5.37895325519438,90.1446045,44.73539011,60.7113259,90.4927528,92.9398,/T,10.4062,38.1,82.7381,77.0251,94.466,84.739,-0.62697,Gem,69.185627,101.255434,-2.5699978,,,194.079035,8.108588,,0.0,0.175,0.078,0.176,0.075,6.481,0.0416977,0.191,2081.3426,0.0002097,3.32,12.06,0.013885,82.9977,,10.4066,106.0952,-2.5503
ATLAS (C/2025 N1),2026-Mar-30 00:00,2461129.5,12.5,,4.5,,101.56581,20.43396,101.95763,20.40622,-6.66425,0.831406,,,,,335588.356,60193.072,69.407,,999,,19.525,,99.18585,,330860.3,*,,,,,,274.64,0.0,,,111.2006,-2.5138,5.554496768917,58.3647247,5.43100855807957,90.1531483,45.16832086,60.6943116,90.4520871,91.9056,/T,10.3534,51.3,90.0521,78.1121,94.493,84.631,-0.63141,Gem,69.18563,101.2085813,-2.5681262,,,194.053335,8.069238,,0.0,0.177,0.078,0.178,0.075,6.462,0.0421151,0.193,2098.7962,0.0002099,3.32,12.07,0.014002,83.0989,,10.3537,106.022,-2.5528
ATLAS (C/2025 N1),2026-Mar-31 00:00,2461130.5,12.5,,4.5,,101.52048,20.43921,101.91222,20.4116,-6.08134,0.77705,,,,,332001.94,58815.577,69.465,,999,,19.558,,99.19456,,327153.7,*,,,,,,274.67,0.0,,,111.1021,-2.5208,5.588198385459,58.3761161,5.48306606417417,90.1522639,45.60126994,60.6775445,90.4062545,90.876,/T,10.2978,64.4,95.4356,79.1973,94.521,84.529,-0.63561,Gem,69.185632,101.1656805,-2.5662814,,,194.029701,8.033281,,0.0,0.179,0.078,0.179,0.075,6.441,0.0425311,0.195,2116.2697,0.0002101,3.32,12.08,0.014118,83.1988,,10.298,105.9513,-2.5553
ATLAS (C/2025 N1),2026-Apr-01 00:00,2461131.5,12.5,,4.5,,101.47924,20.44411,101.87089,20.41661,-5.51516,0.724321,,,,,328417.664,57441.326,69.531,,999,,19.59,,99.20363,,323463.1,*,,,,,,274.7,0.0,,,111.0049,-2.5277,5.621906497245,58.3872235,5.53512038730943,90.1421449,46.03419254,60.6610194,90.3553028,89.8509,/T,10.2396,77.3,98.7411,80.2806,94.551,84.434,-0.63959,Gem,69.185633,101.1266234,-2.5644653,,,194.008072,8.000618,,0.0,0.18,0.078,0.181,0.075,6.418,0.042946,0.196,2133.7619,0.0002102,3.33,12.1,0.014235,83.2973,,10.2397,105.8832,-2.5577
ATLAS (C/2025 N1),2026-Apr-02 00:00,2461132.5,12.5,,4.5,,101.44196,20.44867,101.83352,20.42127,-4.96511,0.673126,,,,,324835.403,56070.664,69.604,,999,,19.622,,99.21305,,319788.0,*,,,,,,274.73,0.0,,,110.9088,-2.5344,5.655620944139,58.3980564,5.58716624122419,90.1229442,46.46704471,60.6447303,90.2992465,88.83,/T,10.1788,90.0,99.9323,81.3622,94.582,84.347,-0.64333,Gem,69.185634,101.0913064,-2.5626797,,,193.988395,7.971155,,0.0,0.182,0.078,0.183,0.075,6.394,0.0433597,0.198,2151.2718,0.0002104,3.33,12.11,0.014352,83.3946,,10.1788,105.8175,-2.5601
ATLAS (C/2025 N1),2026-Apr-03 00:00,2461133.5,12.5,,4.5,,101.40854,20.4529,101.80002,20.42558,-4.43062,0.623372,,,,,321255.048,54703.942,69.683,,999,,19.654,,99.22279,,316128.1,*,,,,,,274.77,0.0,,,110.8138,-2.5411,5.689341571095,58.408623,5.6391984169247,90.0947776,46.89978312,60.6286707,90.2380712,87.8134,/T,10.1156,102.5,99.0724,82.4421,94.614,84.266,-0.64684,Gem,69.185634,101.0596291,-2.5609261,,,193.970613,7.944798,,0.0,0.184,0.078,0.185,0.075,6.369,0.0437724,0.199,2168.7982,0.0002105,3.34,12.12,0.014469,83.4906,,10.1155,105.7542,-2.5624
ATLAS (C/2025 N1),2026-Apr-04 00:00,2461134.5,12.5,,4.5,,101.37887,20.45682,101.77027,20.42957,-3.91116,0.574971,,,,,317676.516,53341.513,69.77,,999,,19.685,,99.23284,,312482.8,*,,,,,,274.8,0.0,,,110.72,-2.5478,5.7230682275,58.4189305,5.69121176333921,90.0577311,47.33236493,60.612834,90.17174,86.8008,/T,10.0499,114.7,96.3047,83.5203,94.648,84.193,-0.65012,Gem,69.185634,101.031493,-2.5592059,,,193.954674,7.921461,,0.0,0.185,0.078,0.186,0.076,6.342,0.0441841,0.201,2186.34,0.0002107,3.34,12.13,0.014586,83.5854,,10.0497,105.6933,-2.5648
ATLAS (C/2025 N1),2026-Apr-05 00:00,2461135.5,12.5,,4.5,,101.35284,20.46043,101.74418,20.43323,-3.40623,0.527837,,,,,314099.744,51983.737,69.863,,999,,19.717,,99.24317,,308851.8,*,,,,,,274.83,0.0,,,110.6273,-2.5543,5.756800766717,58.4289856,5.74320117222193,90.0118684,47.76474766,60.5972136,90.1002005,85.7922,/T,9.9819,126.7,91.8278,84.5969,94.683,84.127,-0.65318,Gem,69.185634,101.0068009,-2.5575207,,,193.940529,7.901058,,0.0,0.187,0.078,0.188,0.076,6.314,0.0445949,0.203,2203.8961,0.0002108,3.34,12.15,0.014703,83.679,,9.9816,105.6346,-2.5671
ATLAS (C/2025 N1),2026-Apr-06 00:00,2461136.5,12.5,,4.5,,101.33036,20.46374,101.72164,20.43659,-2.91537,0.481892,,,,,310524.69,50630.976,69.964,,999,,19.748,,99.25377,,305234.7,*,,,,,,274.87,0.0,,,110.5356,-2.5607,5.790539045753,58.4387944,5.79516156751355,89.9572385,48.19688909,60.5818031,90.0233919,84.7874,/T,9.9117,138.6,85.8717,85.6719,94.719,84.068,-0.65601,Gem,69.185633,100.9854569,-2.5558718,,,193.928129,7.883505,,0.0,0.189,0.078,0.19,0.076,6.284,0.0450049,0.204,2221.4655,0.0002109,3.34,12.16,0.01482,83.7715,,9.9113,105.5781,-2.5693
ATLAS (C/2025 N1),2026-Apr-07 00:00,2461137.5,12.5,,4.5,,101.31132,20.46675,101.70255,20.43964,-2.43814,0.437062,,,,,306951.337,49283.596,70.071,,999,,19.778,,99.26462,,301631.1,*,,,,,,274.91,0.0,,,110.4451,-2.5671,5.824282925022,58.4483625,5.84708789859221,89.8938812,48.62874722,60.5665965,89.9412492,83.7864,/T,9.8393,150.2,78.678,86.7454,94.757,84.017,-0.65862,Gem,69.185632,100.9673662,-2.5542605,,,193.917426,7.868722,,0.0,0.19,0.078,0.191,0.076,6.253,0.0454142,0.206,2239.0471,0.0002111,3.35,12.17,0.014937,83.8628,,9.8388,105.5237,-2.5716
ATLAS (C/2025 N1),2026-Apr-08 00:00,2461138.5,12.5,,4.5,,101.29562,20.46948,101.68682,20.4424,-1.97414,0.393276,,,,,303379.686,47941.963,70.186,,999,,19.809,,99.2757,,298040.7,*,,,,,,274.95,0.0,,,110.3555,-2.5734,5.858032268177,58.4576955,5.89897513627873,89.8218314,49.06028021,60.5515879,89.8537066,82.7891,/T,9.7648,161.5,70.4884,87.8173,94.795,83.972,-0.661,Gem,69.18563,100.9524356,-2.5526882,,,193.908375,7.856632,,0.0,0.192,0.078,0.193,0.076,6.221,0.0458227,0.207,2256.6398,0.0002112,3.35,12.18,0.015055,83.9531,,9.7642,105.4715,-2.5738
ATLAS (C/2025 N1),2026-Apr-09 00:00,2461139.5,12.5,,4.5,,101.28318,20.47193,101.67435,20.44488,-1.523,0.350472,,,,,299809.757,46606.445,70.307,,999,,19.839,,99.287,,294463.0,*,,,,,,274.99,0.0,,,110.267,-2.5795,5.891786941974,58.4667986,5.95081827019075,89.7411193,49.49144641,60.5367717,89.7606979,81.7953,/T,9.6883,171.3,61.543,88.8876,94.835,83.935,-0.66317,Gem,69.185628,100.9405738,-2.5511562,,,193.900932,7.847158,,0.0,0.194,0.078,0.195,0.076,6.188,0.0462307,0.209,2274.2425,0.0002113,3.35,12.19,0.015172,84.0422,,9.6876,105.4213,-2.576
ATLAS (C/2025 N1),2026-Apr-10 00:00,2461140.5,12.5,,4.5,,101.27391,20.4741,101.66504,20.44708,-1.08436,0.308589,,,,,296241.593,45277.41,70.435,,999,,19.869,,99.29849,,290897.9,*,,,,,,275.03,0.0,,,110.1795,-2.5857,5.92554681618,58.4756771,6.00261230606366,89.6517702,49.92220427,60.5221428,89.6621544,80.805,/T,9.6098,170.5,52.0874,89.9564,94.877,83.905,-0.66513,Gem,69.185625,100.9316917,-2.5496657,,,193.895054,7.840228,,0.0,0.195,0.078,0.196,0.076,6.154,0.0466382,0.21,2291.8544,0.0002114,3.36,12.2,0.01529,84.1303,,9.609,105.3731,-2.5782
ATLAS (C/2025 N1),2026-Apr-11 00:00,2461141.5,12.5,,4.5,,101.26771,20.476,101.6588,20.44901,-0.65787,0.26757,,,,,292675.253,43955.223,70.57,,999,,19.899,,99.31017,,287344.9,*,,,,,,275.07,0.0,,,110.093,-2.5917,5.959311763487,58.4843359,6.05435226191657,89.5538008,50.35251236,60.5076962,89.5580024,79.818,/T,9.5294,160.1,42.3873,91.0238,94.919,83.882,-0.66687,Gem,69.185622,100.9257026,-2.548218,,,193.8907,7.835771,,0.0,0.197,0.078,0.198,0.076,6.119,0.0470453,0.212,2309.4745,0.0002115,3.36,12.2,0.015407,84.2174,,9.5285,105.3269,-2.5803
ATLAS (C/2025 N1),2026-Apr-12 00:00,2461142.5,12.5,,4.5,,101.26451,20.47764,101.65554,20.45067,-0.24322,0.227362,,,,,289110.816,42640.253,70.711,,999,,19.928,,99.32201,,283803.8,*,,,,,,275.11,0.0,,,110.0075,-2.5977,5.993081659447,58.4927799,6.10603316240769,89.4472168,50.78232931,60.4934271,89.448159,78.8344,/T,9.4472,148.1,32.7482,92.0897,94.963,83.865,-0.6684,Gem,69.185618,100.9225226,-2.5468143,,,193.88783,7.833715,,0.0,0.199,0.078,0.2,0.076,6.083,0.047452,0.213,2327.1017,0.0002116,3.36,12.21,0.015525,84.3035,,9.4462,105.2825,-2.5824
ATLAS (C/2025 N1),2026-Apr-13 00:00,2461143.5,12.5,,4.5,,101.26422,20.47903,101.65518,20.45207,0.159889,0.187917,,,,,285548.381,41332.865,70.86,,999,,19.957,,99.334,,280274.4,*,,,,,,275.16,0.0,,,109.9229,-2.6036,6.026856382417,58.5010139,6.15765003144748,89.3320098,51.21161371,60.4793313,89.3325296,77.854,/T,9.3632,135.6,23.5351,93.1541,95.008,83.855,-0.66973,Gem,69.185614,100.9220711,-2.5454559,,,193.886405,7.833995,,0.0,0.2,0.078,0.201,0.076,6.046,0.0478584,0.215,2344.7352,0.0002117,3.36,12.22,0.015642,84.3885,,9.3621,105.2401,-2.5846
ATLAS (C/2025 N1),2026-Apr-14 00:00,2461144.5,12.5,,4.5,,101.26675,20.48015,101.65763,20.45321,0.551716,0.149188,,,,,281988.067,40033.423,71.016,,999,,19.987,,99.34613,,276756.3,*,,,,,,275.21,0.0,,,109.8393,-2.6094,6.0606358135,58.5090426,6.20919788418079,89.2081582,51.64032413,60.4654044,89.211008,76.8767,/T,9.2775,122.6,15.1854,94.217,95.054,83.852,-0.67085,Gem,69.18561,100.9242716,-2.5441439,,,193.886386,7.836543,,0.0,0.202,0.078,0.203,0.076,6.008,0.0482647,0.216,2362.3742,0.0002118,3.36,12.23,0.01576,84.4726,,9.2763,105.1994,-2.5867
ATLAS (C/2025 N1),2026-Apr-15 00:00,2461145.5,12.5,,4.5,,101.27204,20.48103,101.66282,20.45409,0.932489,0.111137,,,,,278430.016,38742.292,71.178,,999,,20.015,,99.35837,,273249.2,*,,,,,,275.25,0.0,,,109.7566,-2.6152,6.094419836499,58.5168707,6.26067172084027,89.0756337,52.06841898,60.4516424,89.0834814,75.9026,/T,9.1901,109.1,8.2027,95.2786,95.102,83.855,-0.67177,Gem,69.185605,100.929052,-2.5428796,,,193.887736,7.841294,,0.0,0.203,0.078,0.204,0.076,5.969,0.0486709,0.218,2380.0176,0.0002119,3.37,12.23,0.015878,84.5558,,9.1888,105.1604,-2.5888
ATLAS (C/2025 N1),2026-Apr-16 00:00,2461146.5,12.5,,4.5,,101.27999,20.48167,101.67067,20.45471,1.302389,0.073732,,,,,274874.39,37459.835,71.347,,999,,20.044,,99.37072,,269753.1,*,,,,,,275.3,0.0,,,109.6748,-2.6208,6.128208337867,58.5245027,6.3120665264029,88.9344149,52.49585654,60.4380417,88.9498435,74.9314,/T,9.1011,95.2,3.1219,96.3387,95.151,83.864,-0.6725,Gem,69.1856,100.9363452,-2.5416643,,,193.890419,7.848185,,0.0,0.205,0.078,0.206,0.076,5.929,0.0490771,0.22,2397.6647,0.000212,3.37,12.24,0.015995,84.638,,9.0998,105.1232,-2.5909
ATLAS (C/2025 N1),2026-Apr-17 00:00,2461147.5,12.5,,4.5,,101.29054,20.48207,101.68113,20.45507,1.661555,0.036953,,,,,271321.374,36186.421,71.523,,999,,20.072,,99.38317,,266267.6,*,,,,,,275.35,0.0,,,109.5939,-2.6265,6.162001206652,58.5319431,6.36337728068295,88.7845093,52.92259507,60.4245986,88.8100151,73.9632,/T,9.0106,80.9,0.4385,97.3973,95.201,83.88,-0.67302,Gem,69.185595,100.9460878,-2.540499,,,193.8944,7.857154,,0.0,0.207,0.078,0.208,0.076,5.889,0.0494834,0.221,2415.3147,0.0002121,3.37,12.25,0.016113,84.7192,,9.0092,105.0877,-2.5929
ATLAS (C/2025 N1),2026-Apr-18 00:00,2461148.5,12.5,,4.5,,101.30361,20.48222,101.69411,20.45518,2.010091,0.000788,,,,,267771.169,34922.423,71.705,,999,,20.1,,99.39569,,262792.6,*,,,,,,275.4,0.0,,,109.5139,-2.632,6.195798334448,58.5391962,6.41459898228545,88.6259786,53.34859298,60.4113096,88.6639678,72.9979,/T,8.9187,66.3,0.5124,98.4546,95.252,83.901,-0.67336,Gem,69.185589,100.9582176,-2.5393849,,,193.899642,7.868138,,0.0,0.208,0.078,0.209,0.076,5.848,0.0498899,0.223,2432.9669,0.0002122,3.37,12.25,0.016231,84.7996,,8.9171,105.0537,-2.595
ATLAS (C/2025 N1),2026-Apr-19 00:00,2461149.5,12.5,,4.5,,101.31912,20.48215,101.70956,20.45505,2.348088,-0.03476,,,,,264223.987,33668.224,71.895,,999,,20.128,,99.40827,,259327.9,*,,,,,,275.46,0.0,,,109.4348,-2.6375,6.229599615338,58.5462663,6.46572668598866,88.4589579,53.77380912,60.3981715,88.5117437,72.0355,/T,8.8252,51.6,3.4745,99.5104,95.305,83.927,-0.6735,Gem,69.185582,100.9726701,-2.5383231,,,193.906111,7.881076,,0.0,0.21,0.079,0.211,0.076,5.806,0.0502966,0.224,2450.6203,0.0002123,3.37,12.26,0.016349,84.8791,,8.8236,105.0214,-2.597
ATLAS (C/2025 N1),2026-Apr-20 00:00,2461150.5,12.5,,4.5,,101.33699,20.48185,101.7274,20.45469,2.675649,-0.06969,,,,,260680.043,32424.213,72.091,,999,,20.156,,99.4209,,255873.3,*,,,,,,275.51,0.0,,,109.3565,-2.6429,6.263404945835,58.5531576,6.51675554760242,88.2836613,54.19820322,60.3851812,88.3534613,71.0759,/T,8.7305,37.0,9.1761,100.5649,95.359,83.959,-0.67346,Gem,69.185575,100.9893759,-2.5373143,,,193.913771,7.895907,,0.0,0.211,0.079,0.212,0.076,5.763,0.0507036,0.226,2468.2744,0.0002124,3.37,12.26,0.016467,84.9577,,8.7287,104.9906,-2.5991
ATLAS (C/2025 N1),2026-Apr-21 00:00,2461151.5,12.5,,4.5,,101.35717,20.48132,101.74755,20.4541,2.992913,-0.104,,,,,257139.545,31190.779,72.294,,999,,20.183,,99.43357,,252428.6,*,,,,,,275.56,0.0,,,109.2791,-2.6483,6.297214224824,58.5598742,6.56768086615167,88.100367,54.62173618,60.3723357,88.1893033,70.1191,/T,8.6344,22.7,17.2049,101.6179,95.414,83.997,-0.67324,Gem,69.185567,101.00826,-2.5363592,,,193.922589,7.912572,,0.0,0.213,0.079,0.214,0.076,5.719,0.051111,0.227,2485.9284,0.0002124,3.37,12.27,0.016584,85.0355,,8.6325,104.9613,-2.6011
ATLAS (C/2025 N1),2026-Apr-22 00:00,2461152.5,12.5,,4.5,,101.37956,20.48057,101.76993,20.45329,3.300069,-0.13767,,,,,253602.69,29968.307,72.504,,999,,20.21,,99.44626,,248993.7,*,,,,,,275.62,0.0,,,109.2024,-2.6536,6.33102735351,58.5664202,6.61849811340339,87.9093896,55.04437034,60.3596321,88.0194903,69.1649,/T,8.537,9.822,26.9621,102.6695,95.471,84.039,-0.67283,Gem,69.185559,101.0292443,-2.5354582,,,193.932529,7.93101,,0.0,0.215,0.079,0.216,0.076,5.675,0.0515189,0.229,2503.5816,0.0002125,3.38,12.27,0.016702,85.1124,,8.5351,104.9335,-2.6032
ATLAS (C/2025 N1),2026-Apr-23 00:00,2461153.5,12.5,,4.5,,101.4041,20.4796,101.79445,20.45226,3.597354,-0.17072,,,,,250069.659,28757.165,72.72,,999,,20.237,,99.45897,,245568.3,*,,,,,,275.68,0.0,,,109.1266,-2.6588,6.364844235365,58.5727995,6.6692029454955,87.7110482,55.46606957,60.3470676,87.8442514,68.2134,/T,8.4384,9.827,37.7671,103.7196,95.529,84.086,-0.67225,Gem,69.185551,101.0522514,-2.5346117,,,193.943558,7.951166,,0.0,0.216,0.079,0.217,0.076,5.631,0.0519273,0.23,2521.2334,0.0002126,3.38,12.27,0.01682,85.1885,,8.4364,104.9071,-2.6052
ATLAS (C/2025 N1),2026-Apr-24 00:00,2461154.5,12.5,,4.5,,101.43073,20.47842,101.82104,20.45103,3.885044,-0.20314,,,,,246540.617,27557.703,72.943,,999,,20.264,,99.47167,,242152.2,*,,,,,,275.74,0.0,,,109.0516,-2.664,6.398664776081,58.5790159,6.71979119768553,87.5056407,55.88679923,60.3346396,87.6637994,67.2645,/T,8.3387,22.1,48.9495,104.7683,95.588,84.137,-0.67149,Gem,69.185542,101.0772084,-2.5338198,,,193.955644,7.972981,,0.0,0.218,0.079,0.219,0.076,5.585,0.0523364,0.232,2538.8832,0.0002126,3.38,12.28,0.016938,85.2638,,8.3366,104.8821,-2.6072
ATLAS (C/2025 N1),2026-Apr-25 00:00,2461155.5,12.5,,4.5,,101.45937,20.47703,101.84963,20.44958,4.163437,-0.23497,,,,,243015.714,26370.255,73.173,,999,,20.291,,99.48436,,238745.1,*,,,,,,275.8,0.0,,,108.9774,-2.6691,6.432488883522,58.5850733,6.77025886746415,87.2934295,56.30652604,60.3223455,87.4783169,66.3181,/T,8.2379,35.3,59.9092,105.8155,95.648,84.193,-0.67057,Gem,69.185532,101.1040482,-2.5330824,,,193.968754,7.996402,,0.0,0.219,0.079,0.22,0.076,5.539,0.0527461,0.233,2556.5304,0.0002127,3.38,12.28,0.017055,85.3383,,8.2357,104.8584,-2.6093
ATLAS (C/2025 N1),2026-Apr-26 00:00,2461156.5,12.5,,4.5,,101.48996,20.47544,101.88015,20.44793,4.432841,-0.2662,,,,,239495.086,25195.142,73.41,,999,,20.317,,99.49703,,235346.9,*,,,,,,275.86,0.0,,,108.904,-2.6741,6.466316467682,58.5909754,6.82060209213881,87.0746364,56.72521788,60.3101828,87.287951,65.3741,/T,8.136,48.4,70.1425,106.8614,95.71,84.252,-0.66948,Gem,69.185522,101.1327101,-2.5323997,,,193.982858,8.021377,,0.0,0.221,0.079,0.222,0.076,5.493,0.0531566,0.235,2574.1744,0.0002128,3.38,12.28,0.017173,85.412,,8.1337,104.836,-2.6113
ATLAS (C/2025 N1),2026-Apr-27 00:00,2461157.5,12.5,,4.5,,101.52243,20.47364,101.91254,20.44606,4.693564,-0.29688,,,,,235978.862,24032.674,73.653,,999,,20.343,,99.50966,,231957.3,*,,,,,,275.92,0.0,,,108.8313,-2.6791,6.500147440641,58.5967257,6.87081712549194,86.8494435,57.14284357,60.2981493,87.0928136,64.4326,/T,8.0331,61.3,79.2457,107.9058,95.773,84.316,-0.66822,Gem,69.185511,101.1631386,-2.5317713,,,193.997925,8.047854,,0.0,0.223,0.079,0.223,0.076,5.446,0.0535679,0.236,2591.8146,0.0002128,3.38,12.29,0.017291,85.4849,,8.0307,104.8149,-2.6133
ATLAS (C/2025 N1),2026-Apr-28 00:00,2461158.5,12.5,,4.5,,101.55673,20.47165,101.94674,20.44399,4.945905,-0.32702,,,,,232467.161,22883.157,73.903,,999,,20.369,,99.52225,,228575.9,*,,,,,,275.99,0.0,,,108.7594,-2.6841,6.533981716521,58.6023277,6.92090031598026,86.6179973,57.55937277,60.2862425,86.8929852,63.4933,/T,7.9292,74.0,86.9079,108.9489,95.838,84.382,-0.66681,Gem,69.1855,101.1952826,-2.5311972,,,194.013926,8.075784,,0.0,0.224,0.079,0.225,0.076,5.399,0.05398,0.238,2609.4506,0.0002129,3.38,12.29,0.017408,85.557,,7.9268,104.7951,-2.6153
ATLAS (C/2025 N1),2026-Apr-29 00:00,2461159.5,12.5,,4.5,,101.59279,20.46946,101.98271,20.44171,5.190151,-0.35666,,,,,228960.099,21746.895,74.159,,999,,20.395,,99.53479,,225202.6,*,,,,,,276.05,0.0,,,108.6882,-2.689,6.567819211443,58.607785,6.97084808730649,86.3804126,57.97477572,60.2744602,86.6885178,62.5563,/T,7.8245,86.5,92.9028,109.9907,95.904,84.453,-0.66524,Gem,69.185489,101.2290932,-2.5306774,,,194.030834,8.10512,,0.0,0.226,0.079,0.227,0.076,5.351,0.0543931,0.239,2627.0816,0.0002129,3.38,12.29,0.017526,85.6284,,7.8219,104.7764,-2.6174
ATLAS (C/2025 N1),2026-Apr-30 00:00,2461160.5,12.5,,4.5,,101.63057,20.46708,102.0204,20.43923,5.426575,-0.38581,,,,,225457.787,20624.192,74.423,,999,,20.42,,99.54726,,221837.2,*,,,,,,276.12,0.0,,,108.6178,-2.6938,6.60165984348,58.6131009,7.02065692138801,86.1367769,58.38902316,60.2628004,86.4794394,61.6214,/T,7.7188,98.8,97.0823,111.0312,95.971,84.526,-0.66352,Gem,69.185477,101.2645233,-2.5302116,,,194.048622,8.135815,,0.0,0.227,0.079,0.228,0.076,5.303,0.0548071,0.241,2644.7074,0.000213,3.38,12.29,0.017644,85.6991,,7.7162,104.7589,-2.6194
ATLAS (C/2025 N1),2026-May-01 00:00,2461161.5,12.5,,4.5,,101.67,20.46452,102.05974,20.43655,5.655432,-0.41451,,,,,221960.332,19515.351,74.693,,999,,20.446,,99.55967,,218479.3,*,,,,,,276.19,0.0,,,108.548,-2.6986,6.635503532622,58.6182786,7.07032334357559,85.8871538,58.8020862,60.2512608,86.2657561,60.6887,/T,7.6123,111.0,99.3717,112.0704,96.04,84.602,-0.66165,Gem,69.185464,101.3015257,-2.5297998,,,194.067263,8.167826,,0.0,0.229,0.079,0.23,0.077,5.254,0.0552222,0.242,2662.3273,0.000213,3.38,12.29,0.017761,85.7691,,7.6096,104.7426,-2.6214
ATLAS (C/2025 N1),2026-May-02 00:00,2461162.5,12.5,,4.5,,101.71103,20.46176,102.10071,20.43369,5.876962,-0.44278,,,,,218467.841,18420.682,74.97,,999,,20.471,,99.57199,,215128.7,*,,,,,,276.26,0.0,,,108.479,-2.7033,6.669350200723,58.6233214,7.11984391010564,85.6315873,59.21393619,60.2398394,86.0474564,59.758,/T,7.505,122.9,99.7642,113.1084,96.11,84.682,-0.65963,Gem,69.185451,101.3400534,-2.5294419,,,194.086733,8.20111,,0.0,0.23,0.079,0.231,0.077,5.205,0.0556384,0.244,2679.941,0.0002131,3.38,12.3,0.017879,85.8383,,7.5023,104.7273,-2.6234
ATLAS (C/2025 N1),2026-May-03 00:00,2461163.5,12.5,,4.5,,101.75361,20.45882,102.14323,20.43063,6.091382,-0.47065,,,,,214980.423,17340.494,75.253,,999,,20.496,,99.58422,,211785.3,*,,,,,,276.33,0.0,,,108.4107,-2.708,6.703199771465,58.6282325,7.16921519789941,85.3701058,59.62454467,60.2285344,85.8245143,58.8292,/T,7.397,134.8,98.3134,114.1452,96.182,84.763,-0.65746,Gem,69.185438,101.3800585,-2.529138,,,194.107008,8.235625,,0.0,0.232,0.079,0.233,0.077,5.156,0.0560557,0.245,2697.5479,0.0002131,3.38,12.3,0.017996,85.9068,,7.3941,104.7132,-2.6255
ATLAS (C/2025 N1),2026-May-04 00:00,2461164.5,12.5,,4.5,,101.79769,20.45571,102.18727,20.42739,6.298895,-0.49814,,,,,211498.182,16275.1,75.543,,999,,20.52,,99.59636,,208448.7,*,,,,,,276.4,0.0,,,108.3431,-2.7126,6.737052170315,58.6330148,7.2184337968018,85.1027263,60.03388327,60.2173437,85.5968929,57.9024,/T,7.2882,146.4,95.1227,115.1809,96.256,84.847,-0.65516,Gem,69.185424,101.4214928,-2.5288881,,,194.128063,8.27133,,0.0,0.233,0.079,0.234,0.077,5.106,0.0564743,0.246,2715.1476,0.0002132,3.38,12.3,0.018114,85.9746,,7.2853,104.7001,-2.6275
ATLAS (C/2025 N1),2026-May-05 00:00,2461165.5,12.5,,4.5,,101.84322,20.45241,102.23277,20.42397,6.499683,-0.52526,,,,,208021.227,15224.812,75.84,,999,,20.545,,99.60839,,205118.7,*,,,,,,276.48,0.0,,,108.2761,-2.7172,6.770907324478,58.6376713,7.26749630415224,84.8294583,60.4419237,60.2062655,85.3645483,56.9774,/T,7.1787,157.8,90.3335,116.2154,96.331,84.933,-0.65271,Gem,69.18541,101.4643078,-2.5286923,,,194.149877,8.308187,,0.0,0.235,0.079,0.236,0.077,5.056,0.0568941,0.248,2732.7397,0.0002132,3.38,12.3,0.018231,86.0418,,7.1757,104.688,-2.6295
ATLAS (C/2025 N1),2026-May-06 00:00,2461166.5,12.5,,4.5,,101.89016,20.44894,102.27967,20.42038,6.693916,-0.55204,,,,,204549.666,14189.946,76.144,,999,,20.569,,99.62031,,201795.1,*,,,,,,276.56,0.0,,,108.2098,-2.7217,6.804765162862,58.642205,7.31639932128033,84.5503066,60.8486377,60.195298,85.1274318,56.0542,/T,7.0686,168.5,84.114,117.2488,96.408,85.022,-0.65013,Gem,69.185395,101.5084553,-2.5285506,,,194.172427,8.346156,,0.0,0.236,0.079,0.237,0.077,5.006,0.0573153,0.249,2750.3238,0.0002132,3.38,12.3,0.018348,86.1083,,7.0655,104.6769,-2.6316
ATLAS (C/2025 N1),2026-May-07 00:00,2461167.5,12.5,,4.5,,101.93846,20.44529,102.32794,20.41661,6.881747,-0.5785,,,,,201083.607,13170.815,76.454,,999,,20.593,,99.63211,,198477.8,*,,,,,,276.64,0.0,,,108.1442,-2.7262,6.838625616033,58.6466188,7.36513945123384,84.2652724,61.253997,60.1844394,84.8854912,55.1327,/T,6.9578,173.0,76.6506,118.281,96.487,85.112,-0.64742,Gem,69.18538,101.5538878,-2.5284634,,,194.195691,8.385201,,0.0,0.238,0.079,0.239,0.077,4.955,0.0577378,0.251,2767.8995,0.0002133,3.38,12.3,0.018465,86.1741,,6.9547,104.6668,-2.6336
ATLAS (C/2025 N1),2026-May-08 00:00,2461168.5,12.5,,4.5,,101.98807,20.44147,102.37751,20.41267,7.06332,-0.60464,,,,,197623.158,12167.732,76.771,,999,,20.617,,99.64379,,195166.5,*,,,,,,276.72,0.0,,,108.0792,-2.7306,6.872488616175,58.6509152,7.41371329688046,83.9743537,61.65797335,60.173688,84.6386707,54.2129,/T,6.8465,164.3,68.1462,119.3122,96.567,85.204,-0.64457,Gem,69.185365,101.6005589,-2.5284308,,,194.219648,8.425285,,0.0,0.24,0.079,0.24,0.077,4.904,0.0581618,0.252,2785.4664,0.0002133,3.38,12.3,0.018583,86.2392,,6.8433,104.6577,-2.6357
ATLAS (C/2025 N1),2026-May-09 00:00,2461169.5,12.5,,4.5,,102.03894,20.43748,102.42834,20.40857,7.238764,-0.63048,,,,,194168.431,11181.009,77.095,,999,,20.641,,99.65534,,191861.0,*,,,,,,276.8,0.0,,,108.0148,-2.735,6.906354097052,58.6550972,7.46211745853611,83.6775434,62.06053849,60.1630421,84.3869094,53.2947,/T,6.7346,152.8,58.8255,120.3423,96.649,85.297,-0.64159,Gem,69.18535,101.6484236,-2.5284529,,,194.244279,8.466372,,0.0,0.241,0.079,0.242,0.077,4.853,0.0585873,0.254,2803.0242,0.0002133,3.38,12.3,0.0187,86.3037,,6.7313,104.6494,-2.6377
ATLAS (C/2025 N1),2026-May-10 00:00,2461170.5,12.5,,4.5,,102.09105,20.43332,102.48039,20.40429,7.408198,-0.65603,,,,,190719.533,10210.956,77.426,,999,,20.664,,99.66675,,188561.1,*,,,,,,276.88,0.0,,,107.9511,-2.7393,6.940221993971,58.6591672,7.51034853050928,83.3748274,62.46166408,60.1525001,84.130138,52.3781,/T,6.6222,140.8,48.9479,121.3714,96.734,85.392,-0.63848,Gem,69.185334,101.6974391,-2.5285303,,,194.269562,8.508427,,0.0,0.243,0.08,0.243,0.077,4.802,0.0590143,0.255,2820.5725,0.0002134,3.38,12.3,0.018817,86.3676,,6.6188,104.6421,-2.6398
ATLAS (C/2025 N1),2026-May-11 00:00,2461171.5,12.5,,4.5,,102.14433,20.429,102.53361,20.39985,7.571725,-0.6813,,,,,187276.577,9257.881,77.764,,999,,20.688,,99.67802,,185266.8,*,,,,,,276.97,0.0,,,107.888,-2.7436,6.974092243745,58.663128,7.55840309645487,83.0661828,62.86132172,60.1420604,83.8682773,51.463,/T,6.5092,128.3,38.8275,122.3994,96.82,85.488,-0.63525,Gem,69.185318,101.7475647,-2.528663,,,194.295479,8.551415,,0.0,0.244,0.08,0.245,0.077,4.75,0.059443,0.257,2838.1111,0.0002134,3.38,12.3,0.018934,86.4309,,6.5058,104.6356,-2.6419
ATLAS (C/2025 N1),2026-May-12 00:00,2461172.5,12.5,,4.5,,102.19876,20.42451,102.58796,20.39523,7.729431,-0.7063,,,,,183839.676,8322.089,78.108,,999,,20.711,,99.68914,,181977.7,*,,,,,,277.06,0.0,,,107.8255,-2.7479,7.007964784656,58.6669819,7.60627772428293,82.7515783,63.25948286,60.1317214,83.6012364,50.5494,/T,6.3959,115.4,28.8554,123.4264,96.908,85.585,-0.63189,Gem,69.185301,101.798763,-2.5288515,,,194.32201,8.595303,,0.0,0.246,0.08,0.246,0.077,4.698,0.0598733,0.258,2855.6395,0.0002134,3.38,12.3,0.019051,86.4935,,6.3923,104.63,-2.6439
ATLAS (C/2025 N1),2026-May-13 00:00,2461173.5,12.5,,4.5,,102.25429,20.41986,102.6434,20.39045,7.881374,-0.73103,,,,,180408.949,7403.883,78.459,,999,,20.734,,99.70011,,178693.9,*,,,,,,277.15,0.0,,,107.7636,-2.7521,7.041839556421,58.6707314,7.65396896259752,82.4309796,63.65611879,60.1214816,83.3289162,49.6372,/T,6.282,102.0,19.5166,124.4524,96.998,85.684,-0.62841,Gem,69.185284,101.8509998,-2.5290962,,,194.349136,8.640057,,0.0,0.247,0.08,0.248,0.077,4.646,0.0603054,0.26,2873.1576,0.0002134,3.38,12.3,0.019168,86.5556,,6.2784,104.6251,-2.646
ATLAS (C/2025 N1),2026-May-14 00:00,2461174.5,12.5,,4.5,,102.31087,20.41505,102.6999,20.38549,8.027585,-0.75549,,,,,176984.518,6503.564,78.817,,999,,20.757,,99.71092,,175415.1,*,,,,,,277.24,0.0,,,107.7023,-2.7562,7.075716500161,58.674379,7.70147334210856,82.1043619,64.05120067,60.1113395,83.0512199,48.7264,/T,6.1678,88.1,11.3863,125.4774,97.091,85.783,-0.6248,Gem,69.185267,101.9042438,-2.5293975,,,194.376839,8.685644,,0.0,0.249,0.08,0.249,0.077,4.594,0.0607392,0.261,2890.6651,0.0002135,3.38,12.3,0.019284,86.617,,6.1641,104.6211,-2.6481
ATLAS (C/2025 N1),2026-May-15 00:00,2461175.5,12.5,,4.5,,102.36848,20.41008,102.75743,20.38036,8.168063,-0.77968,,,,,173566.516,5621.434,79.182,,999,,20.779,,99.72156,,172141.3,*,,,,,,277.33,0.0,,,107.6415,-2.7603,7.109595558359,58.677927,7.74878738655949,81.77173,64.44469958,60.1012937,82.7680714,47.817,/T,6.0532,73.7,5.0913,126.5014,97.186,85.883,-0.62108,Gem,69.18525,101.9584661,-2.5297557,,,194.405098,8.73203,,0.0,0.25,0.08,0.251,0.078,4.542,0.0611749,0.263,2908.1617,0.0002135,3.38,12.3,0.019401,86.6779,,6.0495,104.6179,-2.6502
ATLAS (C/2025 N1),2026-May-16 00:00,2461176.5,12.5,,4.5,,102.42706,20.40495,102.81596,20.37507,8.302781,-0.80357,,,,,170155.079,4757.797,79.554,,999,,20.802,,99.73204,,168872.3,*,,,,,,277.43,0.0,,,107.5814,-2.7644,7.143476674832,58.6813776,7.79590763727026,81.4331443,64.83658676,60.0913428,82.479441,46.909,/T,5.9382,59.1,1.2257,127.5244,97.284,85.984,-0.61724,Gem,69.185232,102.0136365,-2.5301712,,,194.433897,8.779182,,0.0,0.252,0.08,0.253,0.078,4.489,0.0616126,0.264,2925.6472,0.0002135,3.38,12.3,0.019518,86.7382,,5.9345,104.6154,-2.6523
ATLAS (C/2025 N1),2026-May-17 00:00,2461177.5,12.5,,4.5,,102.48658,20.39966,102.87544,20.36962,8.431705,-0.82714,,,,,166750.349,3912.957,79.933,,999,,20.824,,99.74235,,165608.1,*,,,,,,277.53,0.0,,,107.5218,-2.7685,7.177359794683,58.684733,7.84283069212473,81.0887431,65.2268339,60.0814853,82.1853708,46.0023,/T,5.823,44.2,0.2319,128.5464,97.384,86.085,-0.61329,Gem,69.185214,102.0697207,-2.5306444,,,194.463215,8.827068,,0.0,0.253,0.08,0.254,0.078,4.437,0.0620521,0.266,2943.1214,0.0002135,3.38,12.29,0.019634,86.7979,,5.8191,104.6137,-2.6544
ATLAS (C/2025 N1),2026-May-18 00:00,2461178.5,12.5,,4.5,,102.54699,20.39422,102.93585,20.36401,8.554817,-0.85037,,,,,163352.465,3087.225,80.319,,999,,20.846,,99.75248,,162348.7,*,,,,,,277.63,0.0,,,107.4628,-2.7724,7.211244864269,58.6879955,7.88955325379214,80.7387504,65.6154136,60.07172,81.8859881,45.0969,/T,5.7074,29.3,2.2865,129.5674,97.486,86.187,-0.60922,Gem,69.185195,102.1266773,-2.5311753,,,194.493033,8.875653,,0.0,0.255,0.08,0.256,0.078,4.384,0.0624938,0.267,2960.5841,0.0002135,3.38,12.29,0.019751,86.857,,5.7035,104.6126,-2.6566
ATLAS (C/2025 N1),2026-May-19 00:00,2461179.5,12.5,,4.5,,102.60826,20.38863,102.99711,20.35826,8.672135,-0.87323,,,,,159961.552,2280.906,80.712,,999,,20.868,,99.76242,,159093.9,*,,,,,,277.74,0.0,,,107.4043,-2.7764,7.245131831157,58.6911672,7.93607217595027,80.383461,66.00229968,60.0620456,81.581497,44.1927,/T,5.5916,15.1,7.2421,130.5874,97.592,86.29,-0.60504,Gem,69.185177,102.1844585,-2.5317641,,,194.523331,8.924904,,0.0,0.256,0.08,0.257,0.078,4.331,0.0629374,0.269,2978.0351,0.0002135,3.38,12.29,0.019867,86.9156,,5.5876,104.6123,-2.6587
ATLAS (C/2025 N1),2026-May-20 00:00,2461180.5,12.5,,4.5,,102.67033,20.38289,103.0592,20.35236,8.783731,-0.89569,,,,,156577.72,1494.297,81.112,,999,,20.89,,99.77218,,155843.6,*,,,,,,277.85,0.0,,,107.3464,-2.7803,7.279020644091,58.6942502,7.98238449473589,80.0232053,66.38746749,60.0524607,81.27215,43.2899,/T,5.4756,6.623,14.6568,131.6063,97.7,86.393,-0.60075,Gem,69.185157,102.2430139,-2.5324106,,,194.554092,8.974788,,0.0,0.258,0.08,0.259,0.078,4.278,0.0633832,0.27,2995.4745,0.0002136,3.38,12.29,0.019984,86.9737,,5.4715,104.6126,-2.6609
ATLAS (C/2025 N1),2026-May-21 00:00,2461181.5,12.5,,4.5,,102.73318,20.377,103.12204,20.34632,8.889727,-0.91775,,,,,153201.049,727.68,81.52,,999,,20.912,,99.78176,,152597.9,*,,,,,,277.96,0.0,,,107.289,-2.7842,7.312911252962,58.6972464,8.02848743772495,79.6583095,66.77089397,60.042964,80.9582098,42.3883,/T,5.3594,17.0,23.8963,132.6241,97.812,86.495,-0.59636,Gem,69.185138,102.3022948,-2.5331146,,,194.585294,9.025272,,0.0,0.259,0.08,0.26,0.078,4.225,0.0638312,0.272,3012.9019,0.0002136,3.38,12.29,0.0201,87.0312,,5.3553,104.6135,-2.663
ATLAS (C/2025 N1),2026-May-22 00:00,2461182.5,12.5,,4.5,,102.79676,20.37097,103.18559,20.34015,8.990285,-0.93938,,,,,149831.589,-18.684,81.934,,999,,20.933,,99.79114,,149356.6,*,,,,,,278.07,0.0,,,107.2321,-2.788,7.34680360878,58.7001579,8.07437841144786,79.2890633,67.15255756,60.0335544,80.6399164,41.4879,/T,5.243,30.4,34.2609,133.6409,97.927,86.599,-0.59186,Gem,69.185118,102.3622585,-2.5338758,,,194.616919,9.076325,,0.0,0.261,0.08,0.262,0.078,4.172,0.0642814,0.273,3030.3173,0.0002136,3.38,12.29,0.020216,87.0881,,5.2388,104.615,-2.6652
ATLAS (C/2025 N1),2026-May-23 00:00,2461183.5,12.5,,4.5,,102.86104,20.3648,103.24982,20.33383,9.085583,-0.96061,,,,,146469.364,-744.547,82.356,,999,,20.954,,99.80032,,146119.5,*,,,,,,278.19,0.0,,,107.1758,-2.7918,7.380697663653,58.7029865,8.12005497515978,78.9157047,67.53243796,60.0242307,80.317468,40.5887,/T,5.1265,43.8,45.0874,134.6566,98.045,86.702,-0.58726,Gem,69.185097,102.4228685,-2.5346938,,,194.648949,9.127916,,0.0,0.262,0.08,0.263,0.078,4.119,0.0647338,0.274,3047.7207,0.0002136,3.38,12.28,0.020332,87.1446,,5.1222,104.6172,-2.6674
ATLAS (C/2025 N1),2026-May-24 00:00,2461184.5,12.5,,4.5,,102.92597,20.35849,103.31469,20.32737,9.175809,-0.98143,,,,,143114.37,-1449.68,82.786,,999,,20.975,,99.80931,,142886.6,*,,,,,,278.31,0.0,,,107.12,-2.7956,7.414593370766,58.7057343,8.16551481016324,78.5384192,67.91051588,60.0149917,79.9910168,39.6907,/T,5.0098,56.9,55.8066,135.6713,98.167,86.805,-0.58257,Gem,69.185077,102.484094,-2.5355683,,,194.681367,9.180015,,0.0,0.264,0.08,0.265,0.078,4.066,0.0651885,0.276,3065.112,0.0002136,3.38,12.28,0.020448,87.2005,,5.0056,104.6199,-2.6696
ATLAS (C/2025 N1),2026-May-25 00:00,2461185.5,12.5,,4.5,,102.99152,20.35204,103.38017,20.32077,9.261142,-1.00186,,,,,139766.577,-2133.85,83.223,,999,,20.996,,99.8181,,139657.7,*,,,,,,278.44,0.0,,,107.0647,-2.7993,7.448490684357,58.7084029,8.21075569146546,78.1573475,68.28677282,60.0058361,79.6606732,38.7938,/T,4.8931,69.7,65.9584,136.6848,98.293,86.908,-0.57777,Gem,69.185056,102.5459077,-2.5364987,,,194.714154,9.232594,,0.0,0.265,0.081,0.266,0.079,4.013,0.0656456,0.277,3082.491,0.0002136,3.38,12.28,0.020564,87.2559,,4.8888,104.6232,-2.6718
ATLAS (C/2025 N1),2026-May-26 00:00,2461186.5,12.5,,4.5,,103.05767,20.34547,103.44624,20.31403,9.34175,-1.02191,,,,,136425.938,-2796.85,83.668,,999,,21.017,,99.82668,,136432.6,*,,,,,,278.57,0.0,,,107.0099,-2.803,7.482389559695,58.7109942,8.25577546483427,77.7725957,68.66119085,59.9967629,79.3265144,37.898,/T,4.7764,82.2,75.1827,137.6974,98.424,87.011,-0.57288,Gem,69.185034,102.608284,-2.5374848,,,194.747295,9.285625,,0.0,0.267,0.081,0.268,0.079,3.96,0.066105,0.279,3099.8578,0.0002136,3.38,12.28,0.02068,87.3108,,4.772,104.627,-2.674
ATLAS (C/2025 N1),2026-May-27 00:00,2461187.5,12.5,,4.5,,103.12436,20.33875,103.51287,20.30715,9.417789,-1.04159,,,,,133092.387,-3438.48,84.121,,999,,21.038,,99.83506,,133211.4,*,,,,,,278.7,0.0,,,106.9555,-2.8066,7.51628995306,58.7135099,8.30057202947498,77.3842442,69.03375252,59.987771,78.9885921,37.0032,/T,4.6596,94.5,83.2009,138.7089,98.558,87.114,-0.5679,Gem,69.185012,102.6711979,-2.5385261,,,194.780773,9.339082,,0.0,0.269,0.081,0.269,0.079,3.907,0.0665668,0.28,3117.2123,0.0002136,3.38,12.28,0.020796,87.3652,,4.6552,104.6313,-2.6763
ATLAS (C/2025 N1),2026-May-28 00:00,2461188.5,12.5,,4.5,,103.19158,20.33192,103.58002,20.30013,9.489405,-1.06091,,,,,129765.842,-4058.51,84.582,,999,,21.058,,99.84323,,129993.7,*,,,,,,278.84,0.0,,,106.9017,-2.8102,7.550191821717,58.7159517,8.34514332515702,76.9923538,69.40444068,59.9788592,78.6469382,36.1093,/T,4.5428,106.6,89.7987,139.7195,98.698,87.216,-0.56283,Gem,69.18499,102.7346241,-2.5396223,,,194.814573,9.392938,,0.0,0.27,0.081,0.271,0.079,3.854,0.0670311,0.282,3134.5544,0.0002136,3.38,12.27,0.020911,87.4192,,4.5383,104.6361,-2.6785
ATLAS (C/2025 N1),2026-May-29 00:00,2461189.5,12.5,,4.5,,103.25929,20.32495,103.64768,20.29298,9.556727,-1.07989,,,,,126446.207,-4656.75,85.052,,999,,21.078,,99.85119,,126779.4,*,,,,,,278.99,0.0,,,106.8483,-2.8138,7.584095123892,58.7183214,8.38948732234252,76.5969705,69.77323846,59.9700265,78.3015692,35.2165,/T,4.4261,118.5,94.8148,140.7291,98.843,87.318,-0.55767,Gem,69.184968,102.7985363,-2.5407732,,,194.84868,9.44717,,0.0,0.272,0.081,0.272,0.079,3.801,0.0674978,0.283,3151.8841,0.0002136,3.38,12.27,0.021027,87.4726,,4.4215,104.6414,-2.6808
ATLAS (C/2025 N1),2026-May-30 00:00,2461190.5,12.5,,4.5,,103.32746,20.31786,103.71582,20.28571,9.619879,-1.09853,,,,,123133.374,-5233.01,85.53,,999,,21.098,,99.85894,,123568.5,*,,,,,,279.14,0.0,,,106.7955,-2.8174,7.617999818754,58.7206204,8.43360201418377,76.1981273,70.14012917,59.9612718,77.9524883,34.3246,/T,4.3094,130.3,98.1352,141.7377,98.993,87.42,-0.55243,Gem,69.184945,102.8629072,-2.5419786,,,194.88308,9.501752,,0.0,0.273,0.081,0.274,0.079,3.748,0.0679671,0.285,3169.2015,0.0002136,3.38,12.27,0.021143,87.5256,,4.3048,104.6471,-2.683
ATLAS (C/2025 N1),2026-May-31 00:00,2461191.5,12.5,,4.5,,103.39606,20.31065,103.7844,20.27832,9.678968,-1.11686,,,,,119827.223,-5787.08,86.018,,999,,21.118,,99.86649,,120360.7,*,,,,,,279.29,0.0,,,106.7431,-2.8209,7.651905866386,58.7228504,8.47748540973736,75.7958465,70.50509624,59.9525941,77.5996866,33.4335,/T,4.1927,141.9,99.6912,142.7454,99.149,87.522,-0.5471,Gem,69.184922,102.9277082,-2.5432382,,,194.917758,9.556661,,0.0,0.275,0.081,0.275,0.079,3.696,0.0684389,0.286,3186.5065,0.0002136,3.37,12.27,0.021258,87.5781,,4.1881,104.6533,-2.6853
ATLAS (C/2025 N1),2026-Jun-01 00:00,2461192.5,12.5,,4.5,,103.46507,20.30331,103.85339,20.2708,9.734096,-1.13486,,,,,116527.623,-6318.79,86.515,,999,,21.138,,99.87381,,117156.0,*,,,,,,279.45,0.0,,,106.6911,-2.8243,7.685813227771,58.7250129,8.52113552816464,75.3901412,70.8681232,59.9439923,77.243145,32.5433,/T,4.0761,153.5,99.4595,143.7521,99.312,87.623,-0.54169,Gem,69.184898,102.9929101,-2.5445519,,,194.952702,9.611874,,0.0,0.276,0.081,0.277,0.079,3.643,0.0689133,0.288,3203.799,0.0002136,3.37,12.26,0.021373,87.6301,,4.0715,104.6599,-2.6876
ATLAS (C/2025 N1),2026-Jun-02 00:00,2461193.5,12.5,,4.5,,103.53445,20.29586,103.92276,20.26317,9.785349,-1.15257,,,,,113234.434,-6827.93,87.021,,999,,21.158,,99.88093,,113954.1,*,,,,,,279.62,0.0,,,106.6396,-2.8278,7.719721864763,58.7271095,8.5645503939226,74.9810169,71.22919363,59.9354654,76.8828352,31.6539,/T,3.9597,164.6,97.4611,144.758,99.481,87.723,-0.5362,Gem,69.184875,103.0584829,-2.5459196,,,194.987896,9.667368,,0.0,0.278,0.081,0.278,0.079,3.59,0.0693904,0.289,3221.0793,0.0002136,3.37,12.26,0.021489,87.6817,,3.955,104.6669,-2.6899
ATLAS (C/2025 N1),2026-Jun-03 00:00,2461194.5,12.5,,4.5,,103.60417,20.2883,103.99248,20.25543,9.832806,-1.16997,,,,,109947.509,-7314.34,87.538,,999,,21.177,,99.88783,,110755.1,*,,,,,,279.8,0.0,,,106.5886,-2.8312,7.753631740072,58.7291415,8.60772803299041,74.5684737,71.58829111,59.9270125,76.5187212,30.7653,/T,3.8434,173.2,93.7588,145.7629,99.658,87.823,-0.53063,Gem,69.184851,103.1243968,-2.5473413,,,195.023329,9.723122,,0.0,0.279,0.081,0.28,0.08,3.538,0.0698701,0.291,3238.3471,0.0002136,3.37,12.26,0.021604,87.7328,,3.8386,104.6744,-2.6923
ATLAS (C/2025 N1),2026-Jun-04 00:00,2461195.5,12.5,,4.5,,103.67422,20.28062,104.06252,20.24758,9.876534,-1.18708,,,,,106666.691,-7777.84,88.066,,999,,21.197,,99.89452,,107558.7,*,,,,,,279.98,0.0,,,106.538,-2.8346,7.787542817241,58.7311103,8.65066647005815,74.1525072,71.9453992,59.9186326,76.1507608,29.8774,/T,3.7272,168.5,88.4533,146.7669,99.844,87.923,-0.52498,Gem,69.184827,103.1906222,-2.548817,,,195.058989,9.779114,,0.0,0.281,0.081,0.281,0.08,3.485,0.0703526,0.292,3255.6027,0.0002136,3.37,12.26,0.021719,87.7835,,3.7224,104.6822,-2.6946
ATLAS (C/2025 N1),2026-Jun-05 00:00,2461196.5,12.5,,4.5,,103.74456,20.27282,104.13285,20.23962,9.916592,-1.20391,,,,,103391.818,-8218.27,88.605,,999,,21.216,,99.90099,,104365.0,*,,,,,,280.18,0.0,,,106.4878,-2.8379,7.821455060627,58.7330175,8.6933637264278,73.7331101,72.30050145,59.9103247,75.778906,28.9903,/T,3.6112,157.6,81.6803,147.7701,100.038,88.022,-0.51925,Gem,69.184803,103.2571306,-2.5503466,,,195.094861,9.835322,,0.0,0.282,0.081,0.283,0.08,3.433,0.0708378,0.294,3272.8461,0.0002136,3.37,12.25,0.021834,87.8337,,3.6063,104.6903,-2.697
ATLAS (C/2025 N1),2026-Jun-06 00:00,2461197.5,12.5,,4.5,,103.81518,20.26492,104.20343,20.23156,9.953028,-1.22044,,,,,100122.72,-8635.45,89.157,,999,,21.235,,99.90725,,101173.7,*,,,,,,280.38,0.0,,,106.4381,-2.8412,7.855368435383,58.7348644,8.73581781824468,73.3102719,72.65358137,59.9020878,75.4031033,28.1038,/T,3.4954,145.8,73.6095,148.7723,100.242,88.121,-0.51345,Gem,69.184778,103.3238952,-2.5519303,,,195.130934,9.891725,,0.0,0.284,0.082,0.284,0.08,3.381,0.0713258,0.295,3290.0772,0.0002136,3.37,12.25,0.021949,87.8835,,3.4905,104.6989,-2.6993
ATLAS (C/2025 N1),2026-Jun-07 00:00,2461198.5,12.5,,4.5,,103.88603,20.25691,104.27425,20.22338,9.985879,-1.23669,,,,,96859.227,-9029.25,89.721,,999,,21.254,,99.91329,,97984.87,*,,,,,,280.59,0.0,,,106.3888,-2.8445,7.889282907436,58.7366521,8.7780267546982,72.8839789,73.00462239,59.8939212,75.0232926,27.218,/T,3.3798,133.7,64.45,149.7736,100.457,88.219,-0.50758,Gem,69.184754,103.3908909,-2.5535682,,,195.167196,9.948303,,0.0,0.285,0.082,0.286,0.08,3.329,0.0718166,0.297,3307.2962,0.0002136,3.37,12.25,0.022064,87.9329,,3.3748,104.7077,-2.7017
ATLAS (C/2025 N1),2026-Jun-08 00:00,2461199.5,12.5,,4.5,,103.9571,20.24879,104.34527,20.2151,10.01517,-1.25266,,,,,93601.159,-9399.51,90.299,,999,,21.272,,99.91912,,94798.41,*,,,,,,280.82,0.0,,,106.3399,-2.8478,7.923198443474,58.7383822,8.8199885360988,72.4542142,73.35360788,59.8858238,74.6394065,26.3329,/T,3.2644,121.2,54.4617,150.774,100.683,88.316,-0.50164,Gem,69.184729,103.4580948,-2.5552604,,,195.203635,10.005035,,0.0,0.287,0.082,0.287,0.08,3.277,0.0723103,0.298,3324.5033,0.0002136,3.37,12.24,0.022179,87.9818,,3.2594,104.7169,-2.7041
ATLAS (C/2025 N1),2026-Jun-09 00:00,2461200.5,12.5,,4.5,,104.02837,20.24056,104.41647,20.2067,10.04092,-1.26835,,,,,90348.34,-9746.1,90.892,,999,,21.291,,99.92473,,91614.29,*,,,,,,281.06,0.0,,,106.2915,-2.851,7.957115010921,58.7400558,8.86170115232314,72.020959,73.70052113,59.8777948,74.2513699,25.4484,/T,3.1493,108.3,43.9745,151.7734,100.922,88.413,-0.49562,Gem,69.184704,103.5254866,-2.5570071,,,195.240239,10.061901,,0.0,0.288,0.082,0.289,0.08,3.225,0.072807,0.3,3341.6984,0.0002136,3.37,12.24,0.022293,88.0303,,3.1443,104.7264,-2.7065
ATLAS (C/2025 N1),2026-Jun-10 00:00,2461201.5,12.5,,4.5,,104.0998,20.23223,104.48785,20.1982,10.06312,-1.28374,,,,,87100.592,-10068.89,91.501,,999,,21.309,,99.93013,,88432.52,*,,,,,,281.31,0.0,,,106.2434,-2.8542,7.991032577929,58.7416741,8.90316258305389,71.584198,74.04534534,59.8698333,73.8591034,24.5646,/T,3.0345,95.0,33.4098,152.7719,101.176,88.509,-0.48953,Gem,69.184679,103.5930486,-2.5588084,,,195.276996,10.118879,,0.0,0.29,0.082,0.29,0.08,3.173,0.0733066,0.301,3358.8817,0.0002136,3.37,12.24,0.022408,88.0785,,3.0294,104.7361,-2.709
ATLAS (C/2025 N1),2026-Jun-11 00:00,2461202.5,12.5,,4.5,,104.17137,20.2238,104.55937,20.18958,10.08174,-1.29884,,,,,83857.739,-10367.76,92.128,,999,,21.328,,99.93531,,85253.1,*,,,,,,281.58,0.0,,,106.1958,-2.8574,8.024951113353,58.7432385,8.94437080242165,71.1439297,74.38806365,59.8619384,73.4625309,23.6814,/T,2.9199,81.3,23.2962,153.7695,101.446,88.605,-0.48338,Gem,69.184654,103.6607646,-2.5606646,,,195.313894,10.175951,,0.0,0.291,0.082,0.292,0.081,3.122,0.0738092,0.303,3376.0534,0.0002136,3.37,12.24,0.022523,88.1262,,2.9148,104.7462,-2.7114
ATLAS (C/2025 N1),2026-Jun-12 00:00,2461203.5,12.5,,4.5,,104.24306,20.21528,104.63102,20.18086,10.09674,-1.31362,,,,,80619.615,-10642.59,92.775,,999,,21.346,,99.94028,,82076.11,*,,,,,,281.86,0.0,,,106.1485,-2.8605,8.058870586733,58.7447499,8.9853237916688,70.7001836,74.72865927,59.8541094,73.0615952,22.7989,/T,2.8057,67.1,14.2636,154.766,101.733,88.7,-0.47716,Gem,69.184629,103.7286188,-2.5625758,,,195.350921,10.233094,,0.0,0.293,0.082,0.293,0.081,3.07,0.0743148,0.304,3393.2135,0.0002136,3.37,12.23,0.022637,88.1735,,2.8006,104.7565,-2.7139
ATLAS (C/2025 N1),2026-Jun-13 00:00,2461204.5,12.5,,4.5,,104.31484,20.20665,104.70278,20.17204,10.10804,-1.32807,,,,,77386.057,-10893.29,93.442,,999,,21.364,,99.94504,,78901.63,*,,,,,,282.17,0.0,,,106.1017,-2.8636,8.092790968276,58.7462097,9.02601956341091,70.2530427,75.06711569,59.8463454,72.6562811,21.9171,/T,2.6919,52.5,6.9983,155.7615,102.041,88.794,-0.47087,Gem,69.184604,103.796593,-2.5645422,,,195.388064,10.290288,,0.0,0.294,0.082,0.295,0.081,3.019,0.0748236,0.306,3410.3624,0.0002136,3.36,12.23,0.022751,88.2204,,2.6867,104.767,-2.7163
ATLAS (C/2025 N1),2026-Jun-14 00:00,2461205.5,12.5,,4.5,,104.38668,20.19793,104.77463,20.16312,10.11559,-1.34215,,,,,74156.917,-11119.75,94.133,,999,,21.382,,99.94958,,75729.82,*,,,,,,282.5,0.0,,,106.0552,-2.8667,8.126712228832,58.7476189,9.066456198765,69.8026641,75.40341693,59.8386455,72.2466401,21.0361,/T,2.5784,37.7,2.1482,156.7559,102.37,88.888,-0.46452,Gem,69.184578,103.8646636,-2.5665639,,,195.425311,10.347511,,0.0,0.296,0.082,0.296,0.081,2.968,0.0753355,0.307,3427.5,0.0002136,3.36,12.23,0.022866,88.2669,,2.5732,104.7778,-2.7188
ATLAS (C/2025 N1),2026-Jun-15 00:00,2461206.5,12.5,,4.5,,104.45855,20.18912,104.84654,20.15412,10.11933,-1.35585,,,,,70932.048,-11321.9,94.851,,999,,21.4,,99.95392,,72560.86,*,,,,,,282.85,0.0,,,106.0092,-2.8698,8.160634339869,58.7489786,9.1066318935503,69.3492878,75.73754799,59.831009,71.8328076,20.1558,/T,2.4653,22.9,0.1945,157.7491,102.725,88.981,-0.45811,Gem,69.184553,103.9327996,-2.5686409,,,195.462649,10.404742,,0.0,0.297,0.082,0.298,0.081,2.918,0.0758506,0.309,3444.6268,0.0002136,3.36,12.22,0.02298,88.313,,2.4601,104.7888,-2.7213
ATLAS (C/2025 N1),2026-Jun-16 00:00,2461207.5,12.5,,4.5,,104.53044,20.18021,104.91846,20.14503,10.11923,-1.36913,,,,,67711.309,-11499.64,95.598,,999,,21.417,,99.95804,,69395.02,*,,,,,,283.23,0.0,,,105.9635,-2.8728,8.194557273447,58.7502899,9.14654500363224,68.893224,76.06949521,59.8234351,71.4150015,19.2764,/T,2.3526,9.346,1.3336,158.7409,103.109,89.073,-0.45164,Gem,69.184527,104.0009644,-2.570773,,,195.500064,10.461959,,0.0,0.299,0.083,0.299,0.081,2.867,0.0763688,0.31,3461.7429,0.0002135,3.36,12.22,0.023094,88.3588,,2.3474,104.8,-2.7239
ATLAS (C/2025 N1),2026-Jun-17 00:00,2461208.5,12.5,,4.5,,104.60231,20.17122,104.99036,20.13587,10.11532,-1.38196,,,,,64494.549,-11652.91,96.379,,999,,21.435,,99.96196,,66232.58,*,,,,,,283.64,0.0,,,105.9182,-2.8758,8.228481002204,58.7515538,9.1861940764148,68.434819,76.39924649,59.815923,70.9934965,18.3979,/T,2.2405,10.3,5.4251,159.7313,103.525,89.164,-0.4451,Gem,69.184501,104.0691196,-2.5729601,,,195.537543,10.51914,,0.0,0.3,0.083,0.301,0.081,2.817,0.0768904,0.312,3478.8486,0.0002135,3.36,12.22,0.023208,88.4042,,2.2352,104.8114,-2.7264
ATLAS (C/2025 N1),2026-Jun-18 00:00,2461209.5,12.5,,4.5,,104.67413,20.16215,105.0622,20.12663,10.10769,-1.39434,,,,,61281.604,-11781.68,97.198,,999,,21.452,,99.96566,,63073.93,*,,,,,,284.1,0.0,,,105.8732,-2.8788,8.262405499334,58.7527714,9.22557785900842,67.9744111,76.72679142,59.808472,70.5685846,17.5205,/T,2.1288,23.6,12.0334,160.72,103.979,89.255,-0.43851,Gem,69.184475,104.1372305,-2.5752017,,,195.575072,10.576263,,0.0,0.302,0.083,0.302,0.082,2.767,0.0774151,0.313,3495.9441,0.0002135,3.36,12.21,0.023322,88.4492,,2.1235,104.823,-2.729
ATLAS (C/2025 N1),2026-Jun-19 00:00,2461210.5,12.5,,4.5,,104.74589,20.15299,105.13394,20.11731,10.09644,-1.40626,,,,,58072.292,-11885.91,98.061,,999,,21.469,,99.96917,,59919.49,*,,,,,,284.59,0.0,,,105.8287,-2.8817,8.296330738578,58.7539436,9.26469528251378,67.5122945,77.05212111,59.8010812,70.1405357,16.6443,/T,2.0176,37.5,20.5406,161.707,104.476,89.345,-0.43187,Gem,69.184449,104.2052689,-2.5774975,,,195.612639,10.633308,,0.0,0.303,0.083,0.304,0.082,2.717,0.0779432,0.314,3513.0298,0.0002135,3.36,12.21,0.023436,88.4938,,2.0123,104.8347,-2.7316
ATLAS (C/2025 N1),2026-Jun-20 00:00,2461211.5,12.5,,4.5,,104.81755,20.14376,105.20557,20.10791,10.0817,-1.41773,,,,,54866.407,-11965.59,98.975,,999,,21.486,,99.97246,,56769.81,*,,,,,,285.13,0.0,,,105.7845,-2.8847,8.330256694218,58.7550715,9.30354543040104,67.0487014,77.37522794,59.7937501,69.7095729,15.7694,/T,1.907,51.1,30.2754,162.6919,105.024,89.434,-0.42517,Gem,69.184422,104.2732134,-2.5798469,,,195.65023,10.690254,,0.0,0.305,0.083,0.305,0.082,2.667,0.0784746,0.316,3530.1058,0.0002135,3.36,12.21,0.02355,88.538,,1.9017,104.8466,-2.7341
ATLAS (C/2025 N1),2026-Jun-21 00:00,2461212.5,12.5,,4.5,,104.88908,20.13445,105.27707,20.09844,10.0636,-1.42875,,,,,51663.724,-12020.7,99.949,,999,,21.503,,99.97555,,53625.53,*,,,,,,285.74,0.0,,,105.7406,-2.8876,8.364183341072,58.7561559,9.34212750212353,66.5838026,77.69610525,59.7864778,69.2758653,14.896,/T,1.797,64.3,40.6119,163.6747,105.632,89.523,-0.41843,Gem,69.184396,104.3410473,-2.5822496,,,195.687833,10.747082,,0.0,0.306,0.083,0.307,0.082,2.618,0.0790094,0.317,3547.1725,0.0002135,3.36,12.21,0.023664,88.5819,,1.7917,104.8585,-2.7368
ATLAS (C/2025 N1),2026-Jun-22 00:00,2461213.5,12.5,,4.5,,104.96047,20.12507,105.34842,20.08888,10.04229,-1.43933,,,,,48464.002,-12051.27,100.993,,999,,21.52,,99.97845,,50487.51,*,,,,,,286.41,0.0,,,105.6971,-2.8904,8.398110654483,58.7571979,9.38044078069139,66.1177192,78.01474707,59.7792637,68.8395338,14.0243,/T,1.6877,77.1,51.0196,164.6549,106.311,89.61,-0.41163,Gem,69.184369,104.4087557,-2.5847051,,,195.725436,10.803773,,0.0,0.308,0.083,0.308,0.082,2.569,0.0795475,0.319,3564.2302,0.0002135,3.36,12.2,0.023778,88.6255,,1.6824,104.8707,-2.7394
ATLAS (C/2025 N1),2026-Jun-23 00:00,2461214.5,12.5,,4.5,,105.0317,20.11561,105.41961,20.07925,10.01785,-1.44949,,,,,45266.983,-12057.3,102.122,,999,,21.537,,99.98114,,47356.79,*,,,,,,287.16,0.0,,,105.654,-2.8933,8.432038610318,58.7581983,9.41848460822206,65.6505373,78.33114793,59.772107,68.4006623,13.1547,/T,1.5791,89.6,61.0726,165.6322,107.074,89.697,-0.40479,Gem,69.184342,104.4763243,-2.5872129,,,195.763028,10.860308,,0.0,0.309,0.083,0.31,0.082,2.52,0.080089,0.321,3581.2791,0.0002135,3.36,12.2,0.023892,88.6687,,1.5738,104.8829,-2.742
ATLAS (C/2025 N1),2026-Jun-24 00:00,2461215.5,12.5,,4.5,,105.10274,20.1061,105.49061,20.06955,9.990407,-1.45923,,,,,42072.402,-12038.81,103.353,,999,,21.553,,99.98363,,44234.79,*,,,,,,288.02,0.0,,,105.6112,-2.8961,8.465967184953,58.759158,9.45625836955914,65.1823205,78.64530273,59.7650071,67.9593096,12.2874,/T,1.4713,101.8,70.435,166.6061,107.939,89.784,-0.3979,Gem,69.184315,104.5437375,-2.5897727,,,195.800598,10.916672,,0.0,0.311,0.083,0.311,0.082,2.472,0.080634,0.322,3598.3196,0.0002135,3.36,12.2,0.024005,88.7115,,1.466,104.8952,-2.7447
ATLAS (C/2025 N1),2026-Jun-25 00:00,2461216.5,12.5,,4.5,,105.17357,20.09651,105.56142,20.05978,9.960034,-1.46858,,,,,38879.983,-11995.85,104.709,,999,,21.57,,99.98594,,41123.34,*,,,,,,289.0,0.0,,,105.5687,-2.8989,8.499896355267,58.7600779,9.49376148203396,64.7131187,78.9572066,59.7579633,67.5155174,11.4231,/T,1.3643,113.8,78.8387,167.5759,108.929,89.869,-0.39096,Gem,69.184287,104.6109787,-2.5923843,,,195.838134,10.972846,,0.0,0.313,0.084,0.313,0.083,2.424,0.0811823,0.324,3615.3519,0.0002134,3.36,12.19,0.024119,88.7541,,1.359,104.9075,-2.7474
ATLAS (C/2025 N1),2026-Jun-26 00:00,2461217.5,12.5,,4.5,,105.24417,20.08687,105.63201,20.04995,9.926813,-1.47753,,,,,35689.445,-11928.44,106.219,,999,,21.586,,99.98804,,38024.91,*,,,,,,290.13,0.0,,,105.5266,-2.9017,8.53382609863,58.7609589,9.53099338900549,64.2429727,79.26685493,59.7509749,67.0693161,10.5625,/T,1.2583,125.6,86.0635,168.5409,110.075,89.953,-0.38399,Gem,69.18426,104.6780298,-2.5950472,,,195.875626,11.028815,,0.0,0.314,0.084,0.314,0.083,2.376,0.0817341,0.325,3632.3764,0.0002134,3.35,12.19,0.024233,88.7962,,1.253,104.92,-2.7501
ATLAS (C/2025 N1),2026-Jun-27 00:00,2461218.5,12.5,,4.5,,105.31451,20.07717,105.70237,20.04006,9.890813,-1.48609,,,,,32500.504,-11836.63,107.925,,999,,21.602,,99.98996,,34942.89,*,,,,,,291.46,0.0,,,105.4848,-2.9044,8.567756392893,58.7618017,9.56795355522248,63.771916,79.57424326,59.7440413,66.6207268,9.7064,/T,1.1534,137.2,91.923,169.4996,111.417,90.037,-0.37697,Gem,69.184232,104.7448711,-2.5977612,,,195.913065,11.084562,,0.0,0.316,0.084,0.316,0.083,2.328,0.0822895,0.327,3649.3934,0.0002134,3.35,12.19,0.024346,88.8381,,1.1481,104.9325,-2.7528
ATLAS (C/2025 N1),2026-Jun-28 00:00,2461219.5,12.5,,4.5,,105.38459,20.06741,105.77246,20.03012,9.852096,-1.49428,,,,,29312.871,-11720.48,109.881,,999,,21.618,,99.99169,,31882.0,*,,,,,,293.03,0.0,,,105.4433,-2.9072,8.60168721638,58.7626072,9.60464146273693,63.299975,79.87936728,59.7371618,66.169762,8.8561,/T,1.0496,148.8,96.2591,170.4506,113.009,90.12,-0.36992,Gem,69.184205,104.8114822,-2.6005263,,,195.950439,11.140071,,0.0,0.317,0.084,0.317,0.083,2.281,0.0828483,0.328,3666.4032,0.0002134,3.35,12.19,0.02446,88.8796,,1.0444,104.9451,-2.7555
ATLAS (C/2025 N1),2026-Jun-29 00:00,2461220.5,12.5,,4.5,,105.45439,20.05759,105.84228,20.02013,9.810719,-1.5021,,,,,26126.255,-11580.03,112.165,,999,,21.634,,99.99324,,28848.99,*,,,,,,294.92,0.0,,,105.4022,-2.9099,8.635618547874,58.7633762,9.64105660676631,62.8271689,80.1822228,59.7303358,65.7164254,8.0136,/T,0.9474,160.2,98.9421,171.3914,114.931,90.202,-0.36282,Gem,69.184177,104.8778415,-2.6033422,,,195.98774,11.195328,,0.0,0.319,0.084,0.319,0.083,2.234,0.0834106,0.33,3683.4062,0.0002134,3.35,12.18,0.024573,88.9207,,0.9422,104.9576,-2.7582
ATLAS (C/2025 N1),2026-Jun-30 00:00,2461221.5,12.5,,4.5,,105.52387,20.04773,105.91179,20.01009,9.766729,-1.50955,,,,,22940.365,-11415.37,114.888,,999,,21.65,,99.9946,,25853.74,*,,,,,,297.25,0.0,,,105.3614,-2.9126,8.669550366611,58.7641094,9.67719849142616,62.3535092,80.48280569,59.7235627,65.2607111,7.1816,/T,0.8469,170.6,99.8755,172.3183,117.292,90.284,-0.3557,Gem,69.184149,104.9439272,-2.6062089,,,196.024959,11.250317,,0.0,0.32,0.084,0.32,0.083,2.188,0.0839766,0.331,3700.4025,0.0002134,3.35,12.18,0.024686,88.9616,,0.8418,104.9702,-2.761
ATLAS (C/2025 N1),2026-Jul-01 00:00,2461222.5,12.5,,4.5,,105.59303,20.03781,105.98097,20.00001,9.720167,-1.51664,,,,,19754.911,-11226.56,118.212,,999,,21.665,,99.99579,,22911.26,*,,,,,,300.16,0.0,,,105.3209,-2.9152,8.703482652269,58.7648077,9.71306662559192,61.8790011,80.78111186,59.7168418,64.802604,6.3642,/T,0.7487,172.1,99.0022,173.2259,120.257,90.365,-0.34853,Gem,69.184121,105.0097173,-2.6091266,,,196.062085,11.305023,,0.0,0.322,0.084,0.322,0.084,2.141,0.0845461,0.333,3717.3927,0.0002134,3.35,12.18,0.0248,89.0021,,0.7436,104.9829,-2.7638
