targetname,datetime_jd,datetime_str,M1,x,k1,y,z,vx,vy,vz,lighttime,range,range_rate,r_au,speed_au_per_day
ATLAS (C/2025 N1),2460857.5,A.D. 2025-Jul-01 00:00:00.0000,12.5,0.2748502449299431,4.5,-4.496235276885193,0.2891626440257948,-0.01385120397613722,0.0325318510677763,-0.001469951882651763,0.02607010973128848,4.513899573201082,-0.03334210607281509,4.5138995732010825,0.03538838713507369
ATLAS (C/2025 N1),2460858.5,A.D. 2025-Jul-02 00:00:00.0000,12.5,0.260998602411998,4.5,-4.463696160491772,0.2876922245249651,-0.01385207678442773,0.0325464180841909,-0.001470889798002284,0.02587759030727284,4.480565868247237,-0.0333252232128956,4.480565868247238,0.03540215923005965
ATLAS (C/2025 N1),2460859.5,A.D. 2025-Jul-03 00:00:00.0000,12.5,0.2471461001556567,4.5,-4.43114236719887,0.2862208590058123,-0.01385292320670232,0.03256120565874041,-0.001471843985697841,0.02568516980271668,4.44724929066687,-0.03330784865795311,4.44724929066687,0.03541612514152014
ATLAS (C/2025 N1),2460860.5,A.D. 2025-Jul-04 00:00:00.0000,12.5,0.2332927652973337,4.5,-4.398573674050597,0.2847485309947143,-0.0138537417303303,0.03257621860881631,-0.00147281485038671,0.02549285110423291,4.413950340261509,-0.03328996609128358,4.4139503402615095,0.0354302887705365
ATLAS (C/2025 N1),2460861.5,A.D. 2025-Jul-05 00:00:00.0000,12.5,0.2194386265221682,4.5,-4.36598985320733,0.2832752236070361,-0.01385453076989326,0.03259146188520277,-0.001473802809527414,0.02530063719449495,4.380669533465052,-0.03327155856022244,4.380669533465052,0.03544465411581717
ATLAS (C/2025 N1),2460862.5,A.D. 2025-Jul-06 00:00:00.0000,12.5,0.2055837141386432,4.5,-4.333390671810182,0.2818009195340782,-0.01385528866348952,0.0326069405763544,-0.001474808293872108,0.02510853115599156,4.347407403993879,-0.03325260844757476,4.347407403993878,0.03545922527639602
ATLAS (C/2025 N1),2460863.5,A.D. 2025-Jul-07 00:00:00.0000,12.5,0.1917280601570014,4.5,-4.300775891841145,0.2803256010295327,-0.0138560136688332,0.03262265991282096,-0.0014758317479706,0.02491653617495079,4.314164503526277,-0.03323309744160345,4.3141645035262774,0.035474006454399624
ATLAS (C/2025 N1),2460864.5,A.D. 2025-Jul-08 00:00:00.0000,12.5,0.1778716983716701,4.5,-4.26814526997871,0.2788492498954265,-0.01385670395913595,0.03263862527182364,-0.001476873630695972,0.02472465554544166,4.280941402412616,-0.03321300650449602,4.2809414024126164,0.03548900195788413
ATLAS (C/2025 N1),2460865.5,A.D. 2025-Jul-09 00:00:00.0000,12.5,0.1640146644479183,4.5,-4.235498557448846,0.2773718474675217,-0.01385735761875829,0.03265484218198729,-0.001477934415792806,0.02453289267366248,4.247738690417852,-0.0331923158392253,4.247738690417852,0.035504216203741765
ATLAS (C/2025 N1),2460866.5,A.D. 2025-Jul-10 00:00:00.0000,12.5,0.150156996012983,4.5,-4.202835499871168,0.275893374600166,-0.01385797263861693,0.03267131632823329,-0.00147901459244897,0.02434125108242551,4.214556977498018,-0.03317100485471456,4.214556977498019,0.03551965372067717
ATLAS (C/2025 N1),2460867.5,A.D. 2025-Jul-11 00:00:00.0000,12.5,0.1362987327519165,4.5,-4.170155837100111,0.2744138116505467,-0.01385854691133348,0.03268805355683755,-0.001480114665892098,0.02414973441584782,4.181396894612432,-0.03314905212921189,4.1813968946124325,0.035535319152253296
ATLAS (C/2025 N1),2460868.5,A.D. 2025-Jul-12 00:00:00.0000,12.5,0.1224399165084209,4.5,-4.137459303060997,0.2729331384623482,-0.01385907822610879,0.03270505988065812,-0.00148123515801191,0.02395834644425929,4.148259094573467,-0.03312643537177391,4.1482590945734685,0.03555121726000625
ATLAS (C/2025 N1),2460869.5,A.D. 2025-Jul-13 00:00:00.0000,12.5,0.1085805913909523,4.5,-4.104745625580748,0.2714513343487636,-0.01385956426330644,0.03272234148453707,-0.001482376608009474,0.02376709106933851,4.115144252935834,-0.03310313138175168,4.115144252935834,0.03556735292662852
ATLAS (C/2025 N1),2460870.5,A.D. 2025-Jul-14 00:00:00.0000,12.5,0.09472080388439384,4.5,-4.072014526213138,0.2699683780748482,-0.01386000258872754,0.03273990473088084,-0.001483539573074731,0.02357597232948889,4.08205306892741,-0.03307911600616654,4.082053068927409,0.03558373115921891
ATLAS (C/2025 N1),2460871.5,A.D. 2025-Jul-15 00:00:00.0000,12.5,0.08086060296761663,4.5,-4.039265720058356,0.2684842478391789,-0.01386039064755809,0.03275775616542362,-0.001484724629093521,0.02338499440546734,4.048986266423808,-0.03305436409485613,4.048986266423808,0.03560035709259813
ATLAS (C/2025 N1),2460872.5,A.D. 2025-Jul-16 00:00:00.0000,12.5,0.06700004023726498,4.5,-4.006498915576724,0.2669989212547944,-0.01386072575796873,0.03277590252317775,-0.001485932371385467,0.02319416162627861,4.015944594968971,-0.03302884945326394,4.01594459496897,0.03561723599268756
ATLAS (C/2025 N1),2460873.5,A.D. 2025-Jul-17 00:00:00.0000,12.5,0.05313917003812496,4.5,-3.973713814396361,0.2655123753293759,-0.01386100510434538,0.03279435073457537,-0.001487163415474096,0.02300347847534953,3.98292883084419,-0.03300254479273881,3.98292883084419,0.03563437325994885
ATLAS (C/2025 N1),2460874.5,A.D. 2025-Jul-18 00:00:00.0000,12.5,0.03927804960045585,4.5,-3.94091011111461,0.2640245864446459,-0.01386122573012813,0.03281310793180487,-0.001488418397890738,0.02281294959699784,3.94993977818815,-0.03297542167820142,3.94993977818815,0.035651774432880916
ATLAS (C/2025 N1),2460875.5,A.D. 2025-Jul-19 00:00:00.0000,12.5,0.02541673918468896,4.5,-3.908087493093037,0.2625355303349448,-0.01386138453023391,0.03283218145534585,-0.001489697977013591,0.0226225798032111,3.916978270170675,-0.03294745047302822,3.916978270170675,0.035669445191570934
ATLAS (C/2025 N1),2460876.5,A.D. 2025-Jul-20 00:00:00.0000,12.5,0.01155530223392251,4.5,-3.875245640245778,0.2610451820649459,-0.01386147824303717,0.03285157886070571,-0.001491002833943673,0.02243237408075251,3.884045170223043,-0.03291860028099295,3.8840451702230427,0.035687391361294354
ATLAS (C/2025 N1),2460877.5,A.D. 2025-Jul-21 00:00:00.0000,12.5,-0.002306194465331708,4.5,-3.842384224821072,0.259553516006482,-0.01386150344188087,0.03287130792536052,-0.001492333673419189,0.02224233759861086,3.851141373327921,-0.03288883888509699,3.8511413733279216,0.035705618916158914
ATLAS (C/2025 N1),2460878.5,A.D. 2025-Jul-22 00:00:00.0000,12.5,-0.01616768061366577,4.5,-3.809502911175722,0.2580605058144332,-0.01386145652608853,0.03289137665590262,-0.001493691224770106,0.02205247571581314,3.818267807372072,-0.03285813268310998,3.8182678073720715,0.03572413398278611
ATLAS (C/2025 N1),2460879.5,A.D. 2025-Jul-23 00:00:00.0000,12.5,-0.03002908222004252,4.5,-3.776601355542327,0.2565661244016398,-0.01386133371144588,0.03291179329539638,-0.001495076242914618,0.02186279398961952,3.785425434565262,-0.03282644661963151,3.7854254345652616,0.035742942844022955
ATLAS (C/2025 N1),2460880.5,A.D. 2025-Jul-24 00:00:00.0000,12.5,-0.04389032141326527,4.5,-3.743679205789043,0.2550703439127983,-0.01386113102011897,0.03293256633094344,-0.001496489509399431,0.02167329818412109,3.752615252928926,-0.03279374411447346,3.7526152529289267,0.035762051942675725
ATLAS (C/2025 N1),2460881.5,A.D. 2025-Jul-25 00:00:00.0000,12.5,-0.05775131624306897,4.5,-3.710736101171671,0.2535731356972942,-0.013860844269973,0.03295370450145721,-0.001497931833485648,0.02148399427926244,3.719838297858375,-0.03275998698715126,3.719838297858376,0.03578146788525555
ATLAS (C/2025 N1),2460882.5,A.D. 2025-Jul-26 00:00:00.0000,12.5,-0.07161198047021508,4.5,-3.677771672077881,0.2520744702809239,-0.01386046906325424,0.0329752168056463,-0.001499404053282269,0.02129488848031212,3.687095643762554,-0.03272513537725991,3.6870956437625546,0.03580119744572527
ATLAS (C/2025 N1),2460883.5,A.D. 2025-Jul-27 00:00:00.0000,12.5,-0.08547222334493317,4.5,-3.644785539763326,0.2505743173364601,-0.01386000077459469,0.03299711251020471,-0.001500907036929332,0.02110598722780537,3.65438840578557,-0.03268914766049751,3.65438840578557,0.03582124756923434
ATLAS (C/2025 N1),2460884.5,A.D. 2025-Jul-28 00:00:00.0000,12.5,-0.09933194937301063,4.5,-3.61177731607949,0.2490726456530084,-0.01385943453829648,0.03301940115820588,-0.001502441683832665,0.0209172972079851,3.621717741614494,-0.03265198036008608,3.6217177416144946,0.03584162537582763
ATLAS (C/2025 N1),2460885.5,A.D. 2025-Jul-29 00:00:00.0000,12.5,-0.113191058068788,4.5,-3.578746603193015,0.2475694231040994,-0.01385876523485058,0.03304209257769618,-0.001504008925952454,0.02072882536376829,3.589084853378139,-0.03261358805332449,3.589084853378138,0.03586233816411156
ATLAS (C/2025 N1),2460886.5,A.D. 2025-Jul-30 00:00:00.0000,12.5,-0.1270494436942701,4.5,-3.545692993296362,0.2460646166144702,-0.01385798747664098,0.03306519689048149,-0.001505609729147729,0.02054057890626692,3.556490989641836,-0.03257392327299444,3.5564909896418357,0.03588339341485904
ATLAS (C/2025 N1),2460887.5,A.D. 2025-Jul-31 00:00:00.0000,12.5,-0.140906994983512,4.5,-3.512616068309573,0.2445581921254667,-0.01385709559278278,0.03308872452109912,-0.001507245094579,0.02035256532689382,3.523937447503512,-0.03253293640332401,3.5239374475035112,0.03590479879453217
ATLAS (C/2025 N1),2460888.5,A.D. 2025-Aug-01 00:00:00.0000,12.5,-0.1547635948513882,4.5,-3.479515399572983,0.243050114559017,-0.01385608361303901,0.0331126862059648,-0.001508916060171177,0.02016479241008591,3.491425574796635,-0.03249057557019788,3.4914255747966343,0.035926562158698994
ATLAS (C/2025 N1),2460889.5,A.D. 2025-Aug-02 00:00:00.0000,12.5,-0.1686191200857929,4.5,-3.4463905475307,0.2415403477801088,-0.01385494525075776,0.03313709300268255,-0.001510623702139189,0.01997726824667888,3.458956772405981,-0.03244678652528648,3.4589567724059807,0.03594869155531801
ATLAS (C/2025 N1),2460890.5,A.D. 2025-Aug-03 00:00:00.0000,12.5,-0.1824734410222628,4.5,-3.413241061404698,0.2400288545577096,-0.01385367388476736,0.03316195629950191,-0.001512369136578361,0.01979000124796952,3.42653249670244,-0.0324015125237486,3.4265324967024404,0.03597119522786023
ATLAS (C/2025 N1),2460891.5,A.D. 2025-Aug-04 00:00:00.0000,12.5,-0.1963264211999451,4.5,-3.380066478859389,0.2385155965240644,-0.01385226254016341,0.0331872878249046,-0.001514153521121912,0.01960300016050374,3.394154262103495,-0.03235469419514465,3.3941542621034944,0.035994081618235536
ATLAS (C/2025 N1),2460892.5,A.D. 2025-Aug-05 00:00:00.0000,12.5,-0.2101779169977713,4.5,-3.346866325656555,0.2370005341322987,-0.01385070386791771,0.03321309965729877,-0.001515978056667708,0.01941627408163075,3.361823643766329,-0.03230626940717915,3.3618236437663302,0.0360173593694861
ATLAS (C/2025 N1),2460893.5,A.D. 2025-Aug-06 00:00:00.0000,12.5,-0.2240277772496189,4.5,-3.31364011530053,0.2354836266122625,-0.01384899012323401,0.03323940423479543,-0.00151784398917654,0.01922983247586576,3.329542280420955,-0.03225617312187215,3.329542280420956,0.03604103732820476
ATLAS (C/2025 N1),2460894.5,A.D. 2025-Aug-07 00:00:00.0000,12.5,-0.2378758428371689,4.5,-3.280387348673597,0.2339648319245359,-0.01384711314257294,0.03326621436503775,-0.001519752611543745,0.01904368519210632,3.297311877351119,-0.03220433724374132,3.2973118773511185,0.036065124546633055
ATLAS (C/2025 N1),2460895.5,A.D. 2025-Aug-08 00:00:00.0000,12.5,-0.2517219462590903,4.5,-3.247107513661523,0.2324441067125289,-0.01384506431926035,0.03329354323504746,-0.001521705265546488,0.01885784248174952,3.265134209531205,-0.0321506904595547,3.265134209531205,0.03608963028438533
ATLAS (C/2025 N1),2460896.5,A.D. 2025-Aug-09 00:00:00.0000,12.5,-0.2655659111750865,4.5,-3.213800084769271,0.2309214062525925,-0.01384283457759287,0.03332140442104999,-0.00152370334386815,0.01867231501776023,3.233011124927797,-0.03209515806919853,3.2330111249277973,0.036114564009743846
ATLAS (C/2025 N1),2460897.5,A.D. 2025-Aug-10 00:00:00.0000,12.5,-0.2794075519232562,4.5,-3.180464522726905,0.2293966844020689,-0.01384041434534767,0.03334981189823015,-0.001525748292201378,0.01848711391474293,3.200944547975002,-0.0320376618071809,3.2009445479750016,0.036139935400459615
ATLAS (C/2025 N1),2460898.5,A.D. 2025-Aug-11 00:00:00.0000,12.5,-0.293246673009129,4.5,-3.147100274085803,0.2278698935451957,-0.01383779352459523,0.03337878005036884,-0.00152784161143146,0.01830225075007261,3.168936483233162,-0.03197811965427944,3.1689364832331615,0.03616575434399028
ATLAS (C/2025 N1),2460899.5,A.D. 2025-Aug-12 00:00:00.0000,12.5,-0.3070830685646194,4.5,-3.113706770805319,0.2263409845367908,-0.0138349614607164,0.03340832367929746,-0.001529984859900401,0.01811773758614334,3.136989019241067,-0.03191644563881604,3.136989019241068,0.03619203093709636
ATLAS (C/2025 N1),2460900.5,A.D. 2025-Aug-13 00:00:00.0000,12.5,-0.3209165217750566,4.5,-3.080283429830097,0.2248099066436251,-0.01383190690951436,0.03343845801410204,-0.001532179655752496,0.01793358699379567,3.105104332572286,-0.03185254962702889,3.105104332572286,0.03621877548471011
ATLAS (C/2025 N1),2460901.5,A.D. 2025-Aug-14 00:00:00.0000,12.5,-0.3347468042723279,4.5,-3.046829652658357,0.223276607483419,-0.01382861800231023,0.03346919871999895,-0.00153442767936117,0.01774981207698762,3.073284692106815,-0.03178633710199503,3.073284692106816,0.036245998497983024
ATLAS (C/2025 N1),2460902.5,A.D. 2025-Aug-15 00:00:00.0000,12.5,-0.3485736754920606,4.5,-3.013344824901495,0.2217410329613621,-0.01382508220890587,0.03350056190679416,-0.001536730675836307,0.01756642649877688,3.041532463529764,-0.03171770893054333,3.0415324635297645,0.03627371069140859
ATLAS (C/2025 N1),2460903.5,A.D. 2025-Aug-16 00:00:00.0000,12.5,-0.3623968819926506,4.5,-2.97982831583547,0.2202031272040911,-0.0138212862982951,0.0335325641368185,-0.0015390904576109,0.01738344450868529,3.009850114069355,-0.0316465611175786,3.009850114069355,0.0363019229789001
ATLAS (C/2025 N1),2460904.5,A.D. 2025-Aug-17 00:00:00.0000,12.5,-0.3762161567338269,4.5,-2.94627947794458,0.218662832491042,-0.01381721629700189,0.03356522243222602,-0.001541508907104319,0.01720088097151999,2.978240217487159,-0.03157278454723491,2.9782402174871594,0.03633064646869947
ATLAS (C/2025 N1),2460905.5,A.D. 2025-Aug-18 00:00:00.0000,12.5,-0.3900312183123144,4.5,-2.912697646458301,0.217120089183101,-0.01381285744491903,0.03359855428151864,-0.00154398797945915,0.01701875139772898,2.946705459333999,-0.0314962647102636,2.946705459333999,0.036359892456971375
ATLAS (C/2025 N1),2460906.5,A.D. 2025-Aug-19 00:00:00.0000,12.5,-0.4038417701520332,4.5,-2.87908213888206,0.2155748356484834,-0.01380819414852064,0.03363257764514042,-0.001546529705347639,0.01683707197537236,2.915248642485594,-0.03141688141705557,2.9152486424855932,0.03638967241992103
ATLAS (C/2025 N1),2460907.5,A.D. 2025-Aug-20 00:00:00.0000,12.5,-0.4176474996461436,4.5,-2.845432254522951,0.2140270081857736,-0.01380320993131802,0.03366731095996153,-0.001549136193842594,0.01665585960379398,2.883872692972627,-0.03133450849569833,2.883872692972627,0.03641999800425386
ATLAS (C/2025 N1),2460908.5,A.D. 2025-Aug-21 00:00:00.0000,12.5,-0.4314480772481109,4.5,-2.8117472740116,0.2124765409440653,-0.01379788738142332,0.03370277314244541,-0.00155180963534704,0.01647513192908153,2.852580666120471,-0.03124901347447427,2.852580666120471,0.03645088101577157
ATLAS (C/2025 N1),2460909.5,A.D. 2025-Aug-22 00:00:00.0000,12.5,-0.4452431555088317,4.5,-2.778026458821631,0.2109233658401421,-0.01379220809608242,0.03373898359026042,-0.001554552304575986,0.0162949073814068,2.821375753014449,-0.03116025724821758,2.8213757530144483,0.036482333405871474
ATLAS (C/2025 N1),2460910.5,A.D. 2025-Aug-23 00:00:00.0000,12.5,-0.4590323680567164,4.5,-2.744269050788403,0.209367412472658,-0.0137861526230282,0.03377596218206553,-0.001557366563583121,0.01611520521434079,2.79026128730704,-0.03106809372797342,2.790261287307039,0.03651436725568601
ATLAS (C/2025 N1),2460911.5,A.D. 2025-Aug-24 00:00:00.0000,12.5,-0.4728153285174694,4.5,-2.710474271629002,0.2078086080332699,-0.01377970039849941,0.03381372927516677,-0.001560254864823919,0.01593604554624175,2.759240752383993,-0.03097236947344208,2.7592407523839917,0.03654699475757045
ATLAS (C/2025 N1),2460912.5,A.D. 2025-Aug-25 00:00:00.0000,12.5,-0.4865916293701515,4.5,-2.676641322465774,0.2062468772146898,-0.01377282968175647,0.03385230570070684,-0.001563219754245973,0.01575744940381682,2.72831778890679,-0.03087292330774864,2.7283177889067907,0.03658022819361363
ATLAS (C/2025 N1),2460913.5,A.D. 2025-Aug-26 00:00:00.0000,12.5,-0.5003608407359368,4.5,-2.642769383356061,0.2046821421156433,-0.01376551748592117,0.03389171275602096,-0.001566263874394627,0.01557943876796059,2.697496202749357,-0.03076958591416083,2.6974962027493565,0.036614079910822134
ATLAS (C/2025 N1),2460914.5,A.D. 2025-Aug-27 00:00:00.0000,12.5,-0.5141225090957928,4.5,-2.608857612831161,0.2031143221427172,-0.01375773950496019,0.03393197219375921,-0.001569389967519736,0.01540203662197566,2.666779973347174,-0.03066217941448175,2.666779973347174,0.03664856229259945
ATLAS (C/2025 N1),2460915.5,A.D. 2025-Aug-28 00:00:00.0000,12.5,-0.5278761559331471,4.5,-2.574905147447955,0.2015433339091071,-0.01374947003663853,0.03397310620735314,-0.001572600878664199,0.0152252670022814,2.636173262477246,-0.03055051692898371,2.636173262477246,0.03668368772612825
ATLAS (C/2025 N1),2460916.5,A.D. 2025-Aug-29 00:00:00.0000,12.5,-0.5416212762974196,4.5,-2.540911101357088,0.1999690911302974,-0.01374068190128448,0.03401513741236278,-0.001575899558710273,0.0150491550517177,2.605680423487349,-0.03043440211790108,2.605680423487349,0.03671946856523596
ATLAS (C/2025 N1),2460917.5,A.D. 2025-Aug-30 00:00:00.0000,12.5,-0.5553573372841742,4.5,-2.506874565892073,0.1983915045167286,-0.01373134635622793,0.03405808882321076,-0.001579289067352821,0.01487372707554958,2.575306010992935,-0.03031362870469832,2.575306010992936,0.036755917088309296
ATLAS (C/2025 N1),2460918.5,A.D. 2025-Aug-31 00:00:00.0000,12.5,-0.569083776427501,4.5,-2.472794609184179,0.196810481663541,-0.01372143300582121,0.03410198382475434,-0.001582772575961265,0.01469901060027688,2.545054791059705,-0.03018797998153798,2.545054791059705,0.036793045450794926
ATLAS (C/2025 N1),2460919.5,A.D. 2025-Sep-01 00:00:00.0000,12.5,-0.5828000000001844,4.5,-2.438670275808597,0.1952259269375332,-0.01371090970699061,0.03414684613808107,-0.0015863533702852,0.01452503443534987,2.514931751889345,-0.03005722829762165,2.5149317518893457,0.036830865631782894
ATLAS (C/2025 N1),2460920.5,A.D. 2025-Sep-02 00:00:00.0000,12.5,-0.5965053812171874,4.5,-2.404500586467963,0.1936377413615138,-0.01369974247030259,0.03419269977985271,-0.001590034852951873,0.0143518287378873,2.484942115025103,-0.02992113453138295,2.484942115025102,0.03686938937413195
ATLAS (C/2025 N1),2460921.5,A.D. 2025-Sep-03 00:00:00.0000,12.5,-0.610199258337977,4.5,-2.370284537720103,0.1920458224962824,-0.01368789535661161,0.03423956901441006,-0.001593820545695621,0.01417942508048629,2.455091347092709,-0.02977944754781991,2.455091347092709,0.03690862811752803
ATLAS (C/2025 N1),2460922.5,A.D. 2025-Sep-04 00:00:00.0000,12.5,-0.6238809326633248,4.5,-2.336021101757626,0.1904500643205458,-0.01367533036936851,0.03428747829778004,-0.00159771409125456,0.01400785652220535,2.425385172090707,-0.0296319036426877,2.425385172090708,0.03694859292381109
ATLAS (C/2025 N1),2460923.5,A.D. 2025-Sep-05 00:00:00.0000,12.5,-0.6375496664223154,4.5,-2.30170922624797,0.1888503571091315,-0.01366200734277272,0.03433645221262606,-0.001601719254858248,0.0138371576827903,2.395829584242268,-0.02947822597573654,2.3958295842422683,0.03698929439385554
ATLAS (C/2025 N1),2460924.5,A.D. 2025-Sep-06 00:00:00.0000,12.5,-0.6512046805455106,4.5,-2.267347834243473,0.1872465873099514,-0.01364788382596119,0.034386515393056,-0.001605839925228839,0.01366736482019867,2.366430861418134,-0.02931812399573178,2.366430861418134,0.03703074257518028
ATLAS (C/2025 N1),2460925.5,A.D. 2025-Sep-07 00:00:00.0000,12.5,-0.6648451523204548,4.5,-2.232935824172164,0.185638637420249,-0.01363291496357177,0.03443769243815741,-0.001610080114998594,0.01349851591146066,2.337195579137244,-0.02915129286069121,2.337195579137244,0.03707294685947985
ATLAS (C/2025 N1),2460926.5,A.D. 2025-Sep-08 00:00:00.0000,12.5,-0.6784702129260817,4.5,-2.198472069921197,0.1840263858627584,-0.01361705337305258,0.03449000781296981,-0.001614443960445696,0.01333065073689237,2.30813062514782,-0.02897741285750349,2.3081306251478195,0.03711591586913491
ATLAS (C/2025 N1),2460927.5,A.D. 2025-Sep-09 00:00:00.0000,12.5,-0.6920789448430181,4.5,-2.163955421026151,0.1824097068625198,-0.01360024901924318,0.03454348573555897,-0.001618935720430018,0.01316381096765096,2.279243214587062,-0.02879614882602433,2.2792432145870616,0.03715965733177682
ATLAS (C/2025 N1),2460928.5,A.D. 2025-Sep-10 00:00:00.0000,12.5,-0.7056703791373701,4.5,-2.129384702980797,0.1807884703252106,-0.01358244908687936,0.0345981500487232,-0.001623559774400451,0.01299804025658852,2.250540905712008,-0.02860714959373742,2.250540905712008,0.03720417794190172
ATLAS (C/2025 N1),2460929.5,A.D. 2025-Sep-11 00:00:00.0000,12.5,-0.719243492616306,4.5,-2.094758717683496,0.1791625417179932,-0.01356359785183706,0.03465402407478533,-0.001628320619327724,0.01283338433232338,2.222031616187484,-0.02841004742825233,2.222031616187483,0.03724948320851563
ATLAS (C/2025 N1),2460930.5,A.D. 2025-Sep-12 00:00:00.0000,12.5,-0.7327972048546685,4.5,-2.060076244037951,0.1775317819540366,-0.01354363655212871,0.03471113045181576,-0.001633222865400284,0.01266989109640179,2.193723639909116,-0.02820445751621952,2.1937236399091162,0.037295577287758855
ATLAS (C/2025 N1),2460931.5,A.D. 2025-Sep-13 00:00:00.0000,12.5,-0.746330375092963,4.5,-2.025336038727724,0.1758960472820316,-0.01352250325988844,0.03476949094954564,-0.001638271230301957,0.01250761072336887,2.165625664330092,-0.02798997747873502,2.165625664330092,0.03734246279944943
ATLAS (C/2025 N1),2460932.5,A.D. 2025-Sep-14 00:00:00.0000,12.5,-0.759841799008437,4.5,-1.990536837185774,0.1742551891822239,-0.01350013275584191,0.03482912626314186,-0.001643470531870897,0.01234659576350528,2.137746788249453,-0.02776618693497339,2.1377467882494536,0.0373901406264855
ATLAS (C/2025 N1),2460933.5,A.D. 2025-Sep-15 00:00:00.0000,12.5,-0.7733302053626046,4.5,-1.955677354782063,0.1726090542706855,-0.01347645640804996,0.03489005578294502,-0.001648825678919179,0.01218690124791254,2.110096540007058,-0.02753264712764858,2.1100965400070573,0.03743860969606843
ATLAS (C/2025 N1),2460934.5,A.D. 2025-Sep-16 00:00:00.0000,12.5,-0.7867942525305214,4.5,-1.920756288254263,0.1709574842137886,-0.01345140205704833,0.03495229733821666,-0.001654341659971792,0.01202858479554582,2.082684896015733,-0.02728890062596347,2.0826848960157327,0.03748786674175245
ATLAS (C/2025 N1),2460935.5,A.D. 2025-Sep-17 00:00:00.0000,12.5,-0.8002325249194172,4.5,-1.885772317408535,0.1693003156550872,-0.01342489390987906,0.03501586691291447,-0.001660023529663133,0.01187170672169603,2.05552229954437,-0.02703447112397773,2.05552229954437,0.03753790604540271
ATLAS (C/2025 N1),2460936.5,A.D. 2025-Sep-18 00:00:00.0000,12.5,-0.8136435292870058,4.5,-1.850724107119338,0.16763738015709,-0.01339685244592554,0.03508077833151808,-0.00166587639250953,0.01171633014731242,2.028619679646537,-0.02676886335479982,2.0286196796465368,0.03758871915825451
ATLAS (C/2025 N1),2460937.5,A.D. 2025-Sep-19 00:00:00.0000,12.5,-0.8270256909729115,4.5,-1.815610309659202,0.1659685041606982,-0.01336719433792257,0.03514704291297743,-0.001671905383757851,0.01156252110843134,2.001988470107494,-0.02649156314368755,2.001988470107494,0.03764029460042396
ATLAS (C/2025 N1),2460938.5,A.D. 2025-Sep-20 00:00:00.0000,12.5,-0.8403773500602882,4.5,-1.780429567391254,0.1642935089653871,-0.01333583239201673,0.03521466909095911,-0.001678115646995739,0.01141034866483556,1.975640628257963,-0.02620203762600837,1.9756406282579633,0.037692617538430596
ATLAS (C/2025 N1),2460939.5,A.D. 2025-Sep-21 00:00:00.0000,12.5,-0.8536967574888416,4.5,-1.745180515859043,0.1626122107335299,-0.01330267551129704,0.03528366199873836,-0.001684512308199231,0.01125988500690966,1.949588653475559,-0.02589973565903859,1.949588653475559,0.037745669440566954
ATLAS (C/2025 N1),2460940.5,A.D. 2025-Sep-22 00:00:00.0000,12.5,-0.8669820711451749,4.5,-1.709861787309754,0.1609244205225924,-0.01326762868779658,0.03535402301734081,-0.001691100445893203,0.01111120555948065,1.923845605164255,-0.02558408845973277,1.923845605164254,0.0377994277102975
ATLAS (C/2025 N1),2460941.5,A.D. 2025-Sep-23 00:00:00.0000,12.5,-0.8802313519616848,4.5,-1.674472014688096,0.1592299443492407,-0.01323059302857338,0.03542574928589381,-0.001697885057113923,0.01096438908123848,1.898425119968489,-0.02525451050381249,1.8984251199684883,0.037853865298300926
ATLAS (C/2025 N1),2460942.5,A.D. 2025-Sep-24 00:00:00.0000,12.5,-0.8934425600611428,4.5,-1.639009836139001,0.1575285832897026,-0.01319146582209456,0.03549883317361967,-0.001704871018900095,0.01081951775811705,1.873341427941598,-0.02491040072473255,1.8733414279415979,0.03790895029429138
ATLAS (C/2025 N1),2460943.5,A.D. 2025-Sep-25 00:00:00.0000,12.5,-0.906613550990633,4.5,-1.603473900057519,0.1558201336209591,-0.01315014065174235,0.03557326171349964,-0.001712063045112434,0.01067667728878514,1.848609367348107,-0.02455114405417819,1.8486093673481072,0.03796464550036239
ATLAS (C/2025 N1),2460944.5,A.D. 2025-Sep-26 00:00:00.0000,12.5,-0.9197420720955947,4.5,-1.567862870723944,0.1541043870074923,-0.01310650756378043,0.03564901599834744,-0.001719465638509421,0.01053595696014741,1.824244397736329,-0.02417611334859218,1.8242443977363283,0.03802090798826192
ATLAS (C/2025 N1),2460945.5,A.D. 2025-Sep-27 00:00:00.0000,12.5,-0.9328257590922596,4.5,-1.532175434561071,0.1523811307382885,-0.01306045329747564,0.03572607054077069,-0.001727083038194752,0.01039744971049165,1.800262610871963,-0.0237846717486166,1.8002626108719628,0.03807768864362024
ATLAS (C/2025 N1),2460946.5,A.D. 2025-Sep-28 00:00:00.0000,12.5,-0.9458621329045325,4.5,-1.496410307048721,0.1506501480185887,-0.01301186158514414,0.03580439259900098,-0.001734919162721368,0.01026125217764242,1.776680739075645,-0.02337617551989287,1.7766807390756454,0.03813493170041771
ATLAS (C/2025 N1),2460947.5,A.D. 2025-Sep-29 00:00:00.0000,12.5,-0.9588485968390305,4.5,-1.4605662403288,0.1489112183206654,-0.0129606135296634,0.03588394147014228,-0.001742977548852427,0.01012746472920074,1.753516160458787,-0.02294997742359542,1.7535161604587874,0.03819257426822254
ATLAS (C/2025 N1),2460948.5,A.D. 2025-Sep-30 00:00:00.0000,12.5,-0.9717824341796096,4.5,-1.424642031533677,0.147164117798831,-0.01290658806745107,0.03596466774969416,-0.001751261283438571,0.009996191471678068,1.730786900505073,-0.02250543066143064,1.7307869005050731,0.038250545851943506
ATLAS (C/2025 N1),2460949.5,A.D. 2025-Oct-01 00:00:00.0000,12.5,-0.9846608062927681,4.5,-1.388636531874164,0.1454086197802113,-0.01284966253071855,0.03604651255169165,-0.001759772916709209,0.009867540235099989,1.708511629404675,-0.02204189342973316,1.7085116294046747,0.03830876786077828
ATLAS (C/2025 N1),2460950.5,A.D. 2025-Oct-02 00:00:00.0000,12.5,-0.9974807513586248,4.5,-1.352548656527293,0.143644495363355,-0.01278971334556023,0.03612940669252442,-0.001768514326935889,0.009741622529495389,1.686709654520583,-0.02155873410464497,1.686709654520583,0.03836715311747807
ATLAS (C/2025 N1),2460951.5,A.D. 2025-Oct-03 00:00:00.0000,12.5,-1.010239183895555,4.5,-1.316377395333662,0.1418715141879245,-0.01272661693157953,0.03621326990987885,-0.001777486516571892,0.009618553469520922,1.66540090733774,-0.02105533710641505,1.66540090733774,0.038425605452686085
ATLAS (C/2025 N1),2460952.5,A.D. 2025-Oct-04 00:00:00.0000,12.5,-1.022932895287555,4.5,-1.280121824190934,0.1400894454048431,-0.01266025078658727,0.03629801027445988,-0.001786689449314894,0.009498451662910946,1.644605924148743,-0.02053110959477726,1.644605924148743,0.038484019528271365
ATLAS (C/2025 N1),2460953.5,A.D. 2025-Oct-05 00:00:00.0000,12.5,-1.035558555400043,4.5,-1.243781116941562,0.1382980587040252,-0.0125904945379603,0.03638352374443989,-0.001796122110542622,0.00938143905753628,1.62434581957289,-0.01998548909692542,1.6243458195728906,0.03854228077590388
ATLAS (C/2025 N1),2460954.5,A.D. 2025-Oct-06 00:00:00.0000,12.5,-1.048112715194299,4.5,-1.207354557779114,0.1364971252218778,-0.01251723092514826,0.03646969353184159,-0.001805782625514928,0.009267640742242162,1.604642252072343,-0.0194179518280308,1.6046422520723438,0.03860026511865622
ATLAS (C/2025 N1),2460955.5,A.D. 2025-Oct-07 00:00:00.0000,12.5,-1.060591810424458,4.5,-1.170841554381078,0.1346864184365492,-0.01244034703065733,0.03655638933943373,-0.001815668149495232,0.009157184698163852,1.585517380893755,-0.01882802152599945,1.5855173808937553,0.03865783861791215
ATLAS (C/2025 N1),2460956.5,A.D. 2025-Oct-08 00:00:00.0000,12.5,-1.072992166736364,4.5,-1.134241651724283,0.1328657152526607,-0.01235973583165073,0.03664346679452365,-0.001825774637944469,0.009050201497192968,1.566993813859336,-0.01821527894516328,1.5669938138593362,0.038714857375148744
ATLAS (C/2025 N1),2460957.5,A.D. 2025-Oct-09 00:00:00.0000,12.5,-1.08531000640967,4.5,-1.09755454633597,0.1310347972969908,-0.01227529791151965,0.03673076713304861,-0.001836096667382275,0.008946823943546796,1.549094545306509,-0.01757937205278405,1.5490945453065084,0.03877116768902859
ATLAS (C/2025 N1),2460958.5,A.D. 2025-Oct-10 00:00:00.0000,12.5,-1.097541456856431,4.5,-1.060780100764562,0.1291934523603449,-0.01218694325843746,0.03681811706912703,-0.001846627316439466,0.008847186654723695,1.531842883532576,-0.01692002679447149,1.5318428835325757,0.0388266063794679
ATLAS (C/2025 N1),2460959.5,A.D. 2025-Oct-11 00:00:00.0000,12.5,-1.109682560960783,4.5,-1.023918358093779,0.1273414759427202,-0.01209459314967185,0.03690532884202448,-0.001857358073988808,0.008751425579052143,1.515262367260934,-0.01623705825658451,1.5152623672609349,0.0388810012655161
ATLAS (C/2025 N1),2460960.5,A.D. 2025-Oct-12 00:00:00.0000,12.5,-1.121729289345066,4.5,-0.9869695563092602,0.1254786728836426,-0.01199818211813332,0.03699220047009251,-0.00186827875975283,0.008659677448060007,1.499376670821753,-0.01553038204246061,1.4993766708217535,0.03893417181966955
ATLAS (C/2025 N1),2460961.5,A.D. 2025-Oct-13 00:00:00.0000,12.5,-1.1336775546358,4.5,-0.9499341422931021,0.1236048590663228,-0.01189765998096208,0.03707851624656155,-0.001879377456455678,0.008572079163023261,1.484209497936172,-0.01480002565086352,1.4842094979361722,0.03898593002216247
ATLAS (C/2025 N1),2460962.5,A.D. 2025-Oct-14 00:00:00.0000,12.5,-1.145523227776033,4.5,-0.9128127851886125,0.1217198631824769,-0.01179299389741009,0.03716404750799672,-0.001890640457059149,0.0084887671163814,1.469784464223028,-0.01404613960784113,1.4697844642230284,0.03903608143216808
ATLAS (C/2025 N1),2460963.5,A.D. 2025-Oct-15 00:00:00.0000,12.5,-1.157262156393132,4.5,-0.8756063888495486,0.1198235285405288,-0.0116841704142289,0.03724855370054991,-0.00190205223149686,0.008409876450252658,1.456124968814741,-0.013269008065939,1.4561249688147415,0.03908442648604217
ATLAS (C/2025 N1),2460964.5,A.D. 2025-Oct-16 00:00:00.0000,12.5,-1.168890185185514,4.5,-0.8383161030661531,0.1179157148955234,-0.01157119744941964,0.03733178376260702,-0.001913595417216735,0.008335540256032057,1.443254055772014,-0.01246905855180318,1.4432540557720144,0.039130762025959796
ATLAS (C/2025 N1),2460965.5,A.D. 2025-Oct-17 00:00:00.0000,12.5,-1.180403178239482,4.5,-0.8009433332454834,0.1159963002749289,-0.01145410615902167,0.03741347783462913,-0.001925250837477192,0.008265888720975624,1.431194266319471,-0.01164687051764641,1.4311942663194703,0.039174883054983456
ATLAS (C/2025 N1),2460966.5,A.D. 2025-Oct-18 00:00:00.0000,12.5,-1.191797043129461,4.5,-0.7634897482172588,0.1140651827708063,-0.01133295262677733,0.03749336929764707,-0.001936997550842025,0.008201048229713816,1.419967483277528,-0.01080318233669228,1.4199674832775282,0.03921658470650512
ATLAS (C/2025 N1),2460967.5,A.D. 2025-Oct-19 00:00:00.0000,12.5,-1.203067756593051,4.5,-0.7259572858403245,0.1121222822656892,-0.01120781931342785,0.03757118713099654,-0.001948812934667791,0.00814114043072948,1.409594769428063,-0.00993889638036862,1.409594769428063,0.03925566440717995
ATLAS (C/2025 N1),2460968.5,A.D. 2025-Oct-20 00:00:00.0000,12.5,-1.214211391508473,4.5,-0.6883481561002176,0.1101675420571202,-0.01107881620157233,0.03764665856769764,-0.001960672804552557,0.008086281279897465,1.400096201908433,-0.00905508182823877,1.4000962019084329,0.03929192420316846
ATLAS (C/2025 N1),2460969.5,A.D. 2025-Oct-21 00:00:00.0000,12.5,-1.22522414483858,4.5,-0.6506648414164226,0.1082009303443107,-0.01094608157390324,0.03771951201281141,-0.001972551570706778,0.008036580075118734,1.391490705063552,-0.008152974892481454,1.3914907050635525,0.03932517321012415
ATLAS (C/2025 N1),2460970.5,A.D. 2025-Oct-22 00:00:00.0000,12.5,-1.236102366145651,4.5,-0.6129100939192439,0.1062224415400069,-0.01080978236758197,0.03778948017673542,-0.00198442243102922,0.007992138497785291,1.383795884480689,-0.007233976188346634,1.3837958844806895,0.03935523013840902
ATLAS (C/2025 N1),2460971.5,A.D. 2025-Oct-23 00:00:00.0000,12.5,-1.246842586227782,4.5,-0.5750869295108108,0.1042320973715072,-0.01067011405573845,0.03785630336245269,-0.001996257599356335,0.007953049678174565,1.377027865167521,-0.006299645050508664,1.3770278651675207,0.03938192583705756
ATLAS (C/2025 N1),2460972.5,A.D. 2025-Oct-24 00:00:00.0000,12.5,-1.257441545384138,4.5,-0.5371986185917049,0.1022299477370054,-0.01052730001857038,0.03791973283404566,-0.002008028565955153,0.007919397302786742,1.37120113699238,-0.005351690681346792,1.3712011369923802,0.039405105793641565
ATLAS (C/2025 N1),2460973.5,A.D. 2025-Oct-25 00:00:00.0000,12.5,-1.267896220785846,4.5,-0.4992486734124015,0.1002160712870715,-0.0103815903810426,0.03797953418418481,-0.002019706385915972,0.00789125478201136,1.3663284105702,-0.004391960118175563,1.3663284105701998,0.039424632522989084
ATLAS (C/2025 N1),2460974.5,A.D. 2025-Oct-26 00:00:00.0000,12.5,-1.278203852414644,4.5,-0.461240832094614,0.0981905757061085,-0.01023326031125015,0.03803549061162711,-0.002031261989752983,0.007868684496265915,1.362420486735452,-0.003422423118128817,1.362420486735452,0.03944038777618695
ATLAS (C/2025 N1),2460975.5,A.D. 2025-Oct-27 00:00:00.0000,12.5,-1.288361967034802,4.5,-0.4231790394584519,0.09615359767493024,-0.01008260779236355,0.0380874060167243,-0.002042666509324437,0.007851737137842629,1.359486142586453,-0.002445154176274931,1.3594861425864535,0.03945227450281862
ATLAS (C/2025 N1),2460976.5,A.D. 2025-Oct-28 00:00:00.0000,12.5,-1.298368399686529,4.5,-0.3850674248830885,0.09410530250299727,-0.009929950900750896,0.03813510782407164,-0.002053891611225578,0.007840451164118356,1.357532036811593,-0.001462312008139152,1.3575320368115928,0.03946021850415373
ATLAS (C/2025 N1),2460977.5,A.D. 2025-Oct-29 00:00:00.0000,12.5,-1.308221312231469,4.5,-0.3469102775171086,0.09204588342704366,-0.009775624642233733,0.03817844944698127,-0.002064909829163286,0.00783485237555426,1.356562636622242,-0.0004761169351609182,1.3565626366222419,0.039464169722979434
ATLAS (C/2025 N1),2460978.5,A.D. 2025-Oct-30 00:00:00.0000,12.5,-1.317919208541918,4.5,-0.3087120192354079,0.08997556058148792,-0.00961997741626529,0.03821731231837763,-0.002075694886551694,0.007834953629104002,1.356580168130919,0.0005111732961721675,1.3565801681309186,0.03946410312666347
ATLAS (C/2025 N1),2460979.5,A.D. 2025-Oct-31 00:00:00.0000,12.5,-1.327460946003022,4.5,-0.2704771758083062,0.0878945796547474,-0.009463367192939132,0.03825160742655017,-0.00208622200070695,0.00784075469436758,1.3575845914451,0.001497288659905358,1.3575845914451006,0.03946001915330932
ATLAS (C/2025 N1),2460980.5,A.D. 2025-Nov-01 00:00:00.0000,12.5,-1.33684574308816,4.5,-0.2322103468018306,0.0858032102539547,-0.009306157499144803,0.03828127631116755,-0.002096468160568776,0.007852242256211128,1.359573601120824,0.002479972314742763,1.3595736011208241,0.03945194370571779
ATLAS (C/2025 N1),2460981.5,A.D. 2025-Nov-02 00:00:00.0000,12.5,-1.346073182867962,4.5,-0.1939161747633313,0.08370174400821483,-0.009148713317228916,0.03830629149398704,-0.002106412370800893,0.007869390063782976,1.36254265196402,0.003457005725552585,1.3625426519640202,0.03943992769337957
ATLAS (C/2025 N1),2460982.5,A.D. 2025-Nov-03 00:00:00.0000,12.5,-1.355143212418335,4.5,-0.1555993142622227,0.08159049244709488,-0.008991397001972231,0.03832665633862658,-0.002116035856356217,0.007892159222068526,1.366485009511673,0.004426232796898888,1.3664850095116732,0.03942404613800624
ATLAS (C/2025 N1),2460983.5,A.D. 2025-Nov-04 00:00:00.0000,12.5,-1.364056138198081,4.5,-0.1172644013513118,0.07946978469623704,-0.00883456431969076,0.03834240435359716,-0.002125322223052751,0.007920498618517355,1.371391823900015,0.00538558241889284,1.371391823900015,0.03940439687249764
ATLAS (C/2025 N1),2460984.5,A.D. 2025-Nov-05 00:00:00.0000,12.5,-1.372812617567698,4.5,-0.07891602399040583,0.07733996503564482,-0.008678560707034697,0.03835359797174956,-0.00213425757131802,0.007954345474009115,1.377252225261315,0.006333088897852229,1.3772522252613149,0.03938109887630114
ATLAS (C/2025 N1),2460985.5,A.D. 2025-Nov-06 00:00:00.0000,12.5,-1.381413646713725,4.5,-0.0405586939318921,0.07520139036818944,-0.008523717836753384,0.03836032685662028,-0.002142830561956081,0.007993626004639352,1.384053438308536,0.007266909837695631,1.3840534383085366,0.039354290301371005
ATLAS (C/2025 N1),2460986.5,A.D. 2025-Nov-07 00:00:00.0000,12.5,-1.389860545323475,4.5,-0.002196820509868168,0.07305442764617251,-0.00837035056351649,0.0383627058009014,-0.002151032434502401,0.00803825617860572,1.39178091338613,0.008185341145951392,1.3917809133861299,0.039324126251665856
ATLAS (C/2025 N1),2460987.5,A.D. 2025-Nov-08 00:00:00.0000,12.5,-1.398154938419655,4.5,0.03616531329667218,0.0708994513023915,-0.008218754305618862,0.03836087229324085,-0.002158856980354004,0.008088142550923093,1.400418470996472,0.00908682895368789,1.4004184709964718,0.039290776384491126
ATLAS (C/2025 N1),2460988.5,A.D. 2025-Nov-09 00:00:00.0000,12.5,-1.406298735810781,4.5,0.07452357223589524,0.0687368407292359,-0.008069202899406021,0.03835498383597281,-0.002166300474282793,0.008143183157815643,1.40994845665905,0.009969978354796634,1.4099484566590497,0.039254422403525384
ATLAS (C/2025 N1),2460989.5,A.D. 2025-Nov-10 00:00:00.0000,12.5,-1.414294109640579,4.5,0.1128739873835579,0.06656697784514512,-0.00792194694425879,0.03834521509811023,-0.002173361569063458,0.008203268452411719,1.420351902921011,0.01083355898090608,1.4203519029210112,0.039215255511316945
ATLAS (C/2025 N1),2460990.5,A.D. 2025-Nov-11 00:00:00.0000,12.5,-1.422143470528404,4.5,0.1512127718484181,0.06439024478260605,-0.007777212638308124,0.03833175498559977,-0.002180041158733693,0.008268282263757417,1.431608695405215,0.01167650752853896,1.431608695405214,0.039173473884138554
ATLAS (C/2025 N1),2460991.5,A.D. 2025-Nov-12 00:00:00.0000,12.5,-1.429849442784918,4.5,0.1895363335386903,0.06220702172609547,-0.007635201089497739,0.03831480370530744,-0.002186342216460919,0.008338102762093229,1.443697739942701,0.01249792744074241,1.4436977399427005,0.03912928022518159
ATLAS (C/2025 N1),2460992.5,A.D. 2025-Nov-13 00:00:00.0000,12.5,-1.437414839165144,4.5,0.2278412850183049,0.06001768492229851,-0.00749608807361754,0.03829456989131165,-0.002192269613144768,0.008412603414711763,1.456597128074328,0.01329708601352648,1.4565971280743284,0.039082879443878005
ATLAS (C/2025 N1),2460993.5,A.D. 2025-Nov-14 00:00:00.0000,12.5,-1.444842635587269,4.5,0.2661244505456353,0.05782260487883468,-0.007360024200595187,0.03827126785252583,-0.002197829922782244,0.00849165391842707,1.470284298502829,0.0140734092466108,1.470284298502829,0.039034476500173554
ATLAS (C/2025 N1),2460994.5,A.D. 2025-Nov-15 00:00:00.0000,12.5,-1.452135946202836,4.5,0.3043828704411525,0.05562214476184185,-0.007227135442773283,0.0382451149900877,-0.002203031220301659,0.008575121096627796,1.484736192412749,0.01482647478831875,1.4847361924127493,0.03898427444330399
ATLAS (C/2025 N1),2460995.5,A.D. 2025-Nov-16 00:00:00.0000,12.5,-1.459297999155028,4.5,0.3426138029734076,0.05341665899729504,-0.007097523974053673,0.03821632942194782,-0.002207882877079885,0.00866286975095173,1.499929400933325,0.01555600333719686,1.4999294009333246,0.03893247266547559
ATLAS (C/2025 N1),2460996.5,A.D. 2025-Nov-17 00:00:00.0000,12.5,-1.466332113309322,4.5,0.3808147239847083,0.05120649207602206,-0.006971269266496135,0.03818512784121525,-0.002212395358741738,0.008754763459712291,1.515840303381746,0.01626184886017538,1.515840303381746,0.038879265382197326
ATLAS (C/2025 N1),2460997.5,A.D. 2025-Nov-18 00:00:00.0000,12.5,-1.473241676187139,4.5,0.4189833244992142,0.04899197755812108,-0.006848429390943938,0.03815172362455873,-0.002216580029147555,0.008850665317245985,1.532445195277195,0.0169439879714692,1.532445195277195,0.03882484034317557
ATLAS (C/2025 N1),2460998.5,A.D. 2025-Nov-19 00:00:00.0000,12.5,-1.480030123280547,4.5,0.4571175065677435,0.04677343726894106,-0.006729042470143031,0.03811632519768637,-0.002220448963749324,0.008950438610267978,1.549720405448187,0.01760250879082504,1.5497204054481872,0.038769377770882324
ATLAS (C/2025 N1),2460999.5,A.D. 2025-Nov-20 00:00:00.0000,12.5,-1.486700918876106,4.5,0.4952153776064739,0.04455118067596765,-0.00661312823621992,0.03807913465688862,-0.002224014774775314,0.009053947429071531,1.567642401858473,0.01823759956704502,1.5676424018584731,0.03871304951827696
ATLAS (C/2025 N1),2461000.5,A.D. 2025-Nov-21 00:00:00.0000,12.5,-1.493257538469961,4.5,0.5332752434822583,0.04232550443384336,-0.006500689648866399,0.03804034663896384,-0.002227290450017925,0.009161057212952739,1.586187886044402,0.01884953731566432,1.5861878860444019,0.03865601843273758
ATLAS (C/2025 N1),2461001.5,A.D. 2025-Nov-22 00:00:00.0000,12.5,-1.499703452815228,4.5,0.5712956005868499,0.04009669208329605,-0.006391714535759746,0.03800014742658825,-0.002230289206372373,0.009271635230567312,1.605333876286124,0.01943867668062794,1.605333876286123,0.03859843791001321
ATLAS (C/2025 N1),2461002.5,A.D. 2025-Nov-23 00:00:00.0000,12.5,-1.506042113606949,4.5,0.6092751271273319,0.03786501388888465,-0.006286177222276298,0.03795871427229586,-0.002233024358719539,0.00938555099702494,1.625057779825233,0.02000543919080042,1.625057779825234,0.03854045161985388
ATLAS (C/2025 N1),2461003.5,A.D. 2025-Nov-24 00:00:00.0000,12.5,-1.512276940779785,4.5,0.6472126738417977,0.0356307268001231,-0.006184040123145208,0.03791621492159103,-0.002235509204272444,0.009502676630404293,1.64533745459344,0.0205503030447277,1.6453374545934398,0.03848219338378907
ATLAS (C/2025 N1),2461004.5,A.D. 2025-Nov-25 00:00:00.0000,12.5,-1.518411311368976,4.5,0.6851072543289906,0.03339407452062507,-0.006085255274108719,0.03787280731417802,-0.002237756922115332,0.009622887151040696,1.666151261032609,0.02107379352241084,1.6661512610326081,0.03842378718515913
ATLAS (C/2025 N1),2461005.5,A.D. 2025-Nov-26 00:00:00.0000,12.5,-1.524448549865742,4.5,0.7229580351592274,0.03115528767034296,-0.005989765786732078,0.03782863944168942,-0.002239780487354834,0.009746060727417098,1.687478104669473,0.02157647409170943,1.687478104669473,0.038365347291804644
ATLAS (C/2025 N1),2461006.5,A.D. 2025-Nov-27 00:00:00.0000,12.5,-1.530391919983783,4.5,0.7607643259123359,0.02891458402668301,-0.005897507214122454,0.03778384934045096,-0.00224159259906936,0.009872078872799043,1.709297470161919,0.02205893824979999,1.709297470161919,0.03830697847263244
ATLAS (C/2025 N1),2461007.5,A.D. 2025-Nov-28 00:00:00.0000,12.5,-1.536244617743405,4.5,0.7985255692671965,0.02667216883117255,-0.005808408819398302,0.03773856519856519,-0.002243205621078458,0.01000082659691914,1.731589447562337,0.02252180211701889,1.731589447562337,0.03824877629046526
ATLAS (C/2025 N1),2461008.5,A.D. 2025-Nov-29 00:00:00.0000,12.5,-1.542009765773423,4.5,0.8362413312473309,0.02442823514939678,-0.005722394742265516,0.03769290555777616,-0.002244631534449908,0.01013219251705963,1.754334751550977,0.02296569778135672,1.7543347515509773,0.038190827455021024
ATLAS (C/2025 N1),2461009.5,A.D. 2025-Nov-30 00:00:00.0000,12.5,-1.547690408727874,4.5,0.8739112917081522,0.02218296427303161,-0.005639385062002298,0.03764697959205535,-0.002245881900609249,0.010266068932826,1.777514734382588,0.02339126737662015,1.7775147343825881,0.03813321022145462
ATLAS (C/2025 N1),2461010.5,A.D. 2025-Dec-01 00:00:00.0000,12.5,-1.553289509714133,4.5,0.9115352351342582,0.01993652615394335,-0.005559296757554455,0.03760088744651271,-0.002246967833905151,0.01040235186877059,1.801111393266481,0.02379915786551305,1.8011113932664815,0.03807599482154704
ATLAS (C/2025 N1),2461011.5,A.D. 2025-Dec-02 00:00:00.0000,12.5,-1.558809947630684,4.5,0.9491130417996231,0.01768907986146669,-0.005482044567338128,0.03755472062199246,-0.002247899982505485,0.01054094108883318,1.825107372866828,0.02419001649022763,1.825107372866828,0.03801924391627923
ATLAS (C/2025 N1),2461012.5,A.D. 2025-Dec-03 00:00:00.0000,12.5,-1.564254515316192,4.5,0.9866446793297937,0.01544077405507189,-0.005407541752789666,0.03750856239248498,-0.002248688516544676,0.0106817400863306,1.84948596356942,0.02456448684716255,1.8494859635694199,0.03796301306012922
ATLAS (C/2025 N1),2461013.5,A.D. 2025-Dec-04 00:00:00.0000,12.5,-1.569625918416079,4.5,1.024130194693195,0.01319174746568661,-0.005335700770750625,0.03746248824421827,-0.002249343122506034,0.01082465605296545,1.874231096115695,0.02492320553868686,1.8742310961156952,0.03790735116894804
ATLAS (C/2025 N1),2461014.5,A.D. 2025-Dec-05 00:00:00.0000,12.5,-1.574926774878297,4.5,1.061569706638345,0.0109421293799133,-0.005266433860488065,0.03741656632693939,-0.002249873002897134,0.01096959983004586,1.8993273331567,0.02526679935304556,1.8993273331567,0.037852300984673515
ATLAS (C/2025 N1),2461015.5,A.D. 2025-Dec-06 00:00:00.0000,12.5,-1.580159614996025,4.5,1.098963398585073,0.008692040122286526,-0.005199653551582535,0.03737085790943009,-0.002250286880357009,0.01111648584482437,1.924759858230509,0.02559588292318684,1.9247598582305088,0.037797899531418475
ATLAS (C/2025 N1),2461016.5,A.D. 2025-Dec-07 00:00:00.0000,12.5,-1.58532688192137,4.5,1.136311511970584,0.006441591531536095,-0.005135273099120369,0.03732541783270006,-0.002250593005417295,0.01126523203458158,1.950514462617714,0.02591105681614893,1.9505144626177133,0.03774417855860989
ATLAS (C/2025 N1),2461017.5,A.D. 2025-Dec-08 00:00:00.0000,12.5,-1.590430932580597,4.5,1.173614340045299,0.004190887427553198,-0.005073206852649497,0.03728029495555837,-0.002250799167222481,0.01141575976080564,1.976577530482066,0.02621290600638728,1.9765775304820654,0.03769116496785911
ATLAS (C/2025 N1),2461018.5,A.D. 2025-Dec-09 00:00:00.0000,12.5,-1.595474038927862,4.5,1.210872222108661,0.001940024066417459,-0.005013370565239783,0.03723553258837475,-0.002250912706595056,0.01156799371555603,2.00293602265787,0.02650199868879929,2.0029360226578707,0.037638881221112856
ATLAS (C/2025 N1),2461019.5,A.D. 2025-Dec-10 00:00:00.0000,12.5,-1.600458389480598,4.5,1.248085538171434,-0.0003109094185875737,-0.004955681648764723,0.03719116891181108,-0.002250940530907958,0.01172186182185255,2.029577459402861,0.02677888539000892,2.0295774594028613,0.037587345728375805
ATLAS (C/2025 N1),2461020.5,A.D. 2025-Dec-11 00:00:00.0000,12.5,-1.605386091085753,4.5,1.285254704028177,-0.002561830591537172,-0.004900059381221064,0.03714723737813758,-0.002250889130298262,0.01187729512969955,2.056489902395373,0.02704409833953508,2.0564899023953727,0.0375365732139215
ATLAS (C/2025 N1),2461021.5,A.D. 2025-Dec-12 00:00:00.0000,12.5,-1.610259170871639,4.5,1.322380166721613,-0.004812663305143774,-0.004846425071550793,0.03710376709345645,-0.002250764594822278,0.01203422770914351,2.083661936217819,0.02729815106565336,2.083661936217818,0.03748657506042561
ATLAS (C/2025 N1),2461022.5,A.D. 2025-Dec-13 00:00:00.0000,12.5,-1.615079578345505,4.5,1.359462400379197,-0.007063337309517742,-0.004794702187045989,0.0370607831797504,-0.00225057263221204,0.01219259654156755,2.111082649534927,0.02754153818396103,2.1110826495349277,0.037437359630879366
ATLAS (C/2025 N1),2461023.5,A.D. 2025-Dec-14 00:00:00.0000,12.5,-1.619849187601756,4.5,1.396501902401377,-0.009313787878861812,-0.004744816448017882,0.03701830711616542,-0.002250318585947244,0.01235234141025109,2.138741616144733,0.02777473534979557,2.1387416161447335,0.03738893256848053
ATLAS (C/2025 N1),2461024.5,A.D. 2025-Dec-15 00:00:00.0000,12.5,-1.624569799610287,4.5,1.433499189980675,-0.01156395545629786,-0.004696695894009287,0.03697635705933926,-0.002250007453405028,0.01251340479106506,2.166628876053039,0.02799819934867456,2.1666288760530388,0.03734129707496688
ATLAS (C/2025 N1),2461025.5,A.D. 2025-Dec-16 00:00:00.0000,12.5,-1.629243144558433,4.5,1.47045479693065,-0.01381378531679604,-0.004650270925431915,0.03693494814291102,-0.002249643903892582,0.01267573174403206,2.194734916697639,0.0282123683017823,2.194734916697638,0.03729445416806317
ATLAS (C/2025 N1),2461026.5,A.D. 2025-Dec-17 00:00:00.0000,12.5,-1.633870884223735,4.5,1.507369270804118,-0.01606322724801248,-0.00460547432413377,0.03689409275659865,-0.002249232296407441,0.01283926980635601,2.223050654426977,0.02841766196620045,2.223050654426977,0.03724840291886301
ATLAS (C/2025 N1),2461027.5,A.D. 2025-Dec-18 00:00:00.0000,12.5,-1.638454614358065,4.5,1.544243170280476,-0.01831223524870152,-0.004562241256031392,0.03685380080542719,-0.002248776696996553,0.013003968887416,2.251567416318893,0.02861448211204245,2.251567416318893,0.03720314067007375
ATLAS (C/2025 N1),2461028.5,A.D. 2025-Dec-19 00:00:00.0000,12.5,-1.642995867066605,4.5,1.581077062802618,-0.02056076724423802,-0.004520509258606615,0.03681407994983589,-0.002248280895625566,0.01316978116612225,2.280276922408366,0.02880321296091538,2.2802769224083663,0.037158663236124254
ATLAS (C/2025 N1),2461029.5,A.D. 2025-Dec-20 00:00:00.0000,12.5,-1.647496113167779,4.5,1.61787152244475,-0.02280878481873492,-0.004480218215741086,0.03677493582750419,-0.002247748422464987,0.0133366609909486,2.309171268378666,0.02898422167218322,2.3091712683786665,0.037114965086180576
ATLAS (C/2025 N1),2461030.5,A.D. 2025-Dec-21 00:00:00.0000,12.5,-1.651956764522629,4.5,1.654627127993261,-0.02505625296313203,-0.004441310322079933,0.03673637225779477,-0.002247182563559901,0.01350456478288288,2.338242908757739,0.02915785886535585,2.338242908757739,0.03707203951112286
ATLAS (C/2025 N1),2461031.5,A.D. 2025-Dec-22 00:00:00.0000,12.5,-1.656379176324123,4.5,1.691344461223748,-0.02730313983863193,-0.004403730038844077,0.03669839142977852,-0.002246586375830073,0.01367345094147426,2.367484640650807,0.02932445916859913,2.3674846406508063,0.03702987877555535
ATLAS (C/2025 N1),2461032.5,A.D. 2025-Dec-23 00:00:00.0000,12.5,-1.660764649338709,4.5,1.728024105358251,-0.02954941655479016,-0.00436742404276782,0.03666099407479425,-0.002245962701391384,0.01384327975410305,2.396889588030921,0.02948434178481628,2.3968895880309207,0.03698847425587445
ATLAS (C/2025 N1),2461033.5,A.D. 2025-Dec-24 00:00:00.0000,12.5,-1.665114432093983,4.5,1.764666643687726,-0.03179505696158069,-0.004332341169622437,0.03662417962452584,-0.002245314181178807,0.01401401330855298,2.426451186601322,0.02963781106808016,2.4264511866013216,0.03694781656541753
ATLAS (C/2025 N1),2461034.5,A.D. 2025-Dec-25 00:00:00.0000,12.5,-1.669429723007713,4.5,1.801272658345753,-0.03404003745473894,-0.004298432353588556,0.03658794635554963,-0.002244643267875312,0.01418561540892769,2.45616316923683,0.02978515710433586,2.4561631692368295,0.036907895667661304
ATLAS (C/2025 N1),2461035.5,A.D. 2025-Dec-26 00:00:00.0000,12.5,-1.673711672454618,4.5,1.837842729220414,-0.03628433679368328,-0.004265650563562855,0.03655229152128779,-0.002243952238148008,0.014358051494921,2.486019552005923,0.02992665629130667,2.4860195520059234,0.03686870097840065
ATLAS (C/2025 N1),2461036.5,A.D. 2025-Dec-27 00:00:00.0000,12.5,-1.677961384768306,4.5,1.874377432992214,-0.03852793593133553,-0.004233950737330926,0.03651721147227529,-0.002243243204206234,0.01453128856442382,2.516014620770552,0.03006257191342358,2.5160146207705516,0.03683022145779518
ATLAS (C/2025 N1),2461037.5,A.D. 2025-Dec-28 00:00:00.0000,12.5,-1.68217992017667,4.5,1.910877342286778,-0.04077081785516496,-0.004203289714399676,0.03648270176560523,-0.002242518124697715,0.01470529509942894,2.54614291835693,0.03019315470836081,2.54614291835693,0.03679244569311574
ATLAS (C/2025 N1),2461038.5,A.D. 2025-Dec-29 00:00:00.0000,12.5,-1.686368296669715,4.5,1.947343024931937,-0.04301296743880658,-0.004173626168160185,0.03644875726437998,-0.002241778814963081,0.01488004099517672,2.57639923228751,0.03031864342242598,2.576399232287511,0.0367553619729756
ATLAS (C/2025 N1),2461039.5,A.D. 2025-Dec-30 00:00:00.0000,12.5,-1.690527491799462,4.5,1.983775043309593,-0.04525437130362286,-0.004144920537945785,0.03641537222795026,-0.002241026956671986,0.01505549749247095,2.60677858306183,0.03043926535262436,2.60677858306183,0.0367189583537794
ATLAS (C/2025 N1),2461040.5,A.D. 2025-Dec-31 00:00:00.0000,12.5,-1.694658444412054,4.5,2.020173953793526,-0.04749501768960212,-0.004117134961456134,0.03638254039367952,-0.002240264106865797,0.0152316371130828,2.637276212972048,0.03055523687370664,2.637276212972048,0.036683222719072504
ATLAS (C/2025 N1),2461041.5,A.D. 2026-Jan-01 00:00:00.0000,12.5,-1.698762056312635,4.5,2.056540306265017,-0.04973489633501403,-0.004090233207936588,0.0363502550509258,-0.002239491706432916,0.01540843359815208,2.667887575437466,0.03066676394892762,2.667887575437465,0.0366481428324253
ATLAS (C/2025 N1),2461042.5,A.D. 2026-Jan-02 00:00:00.0000,12.5,-1.702839193863919,4.5,2.092874643698839,-0.05197399836426838,-0.004064180612431249,0.03631850910788768,-0.002238711088043525,0.01558586184948926,2.698608324841275,0.03077404262359782,2.698608324841275,0.03661370638443903
ATLAS (C/2025 N1),2461043.5,A.D. 2026-Jan-03 00:00:00.0000,12.5,-1.706890689519663,4.5,2.129177501812769,-0.05421231618344893,-0.004038944011366618,0.03628729515191764,-0.002237923483570826,0.01576389787367664,2.729434306851981,0.03087725950080967,2.72943430685198,0.03657990103441585
ATLAS (C/2025 N1),2461044.5,A.D. 2026-Jan-04 00:00:00.0000,12.5,-1.710917343294474,4.5,2.165449408774391,-0.05644984338302301,-0.004014491679669972,0.0362566055038628,-0.00223713003102552,0.01594251872886467,2.76036154921147,0.03097659219897102,2.76036154921147,0.036546714447191965
ATLAS (C/2025 N1),2461045.5,A.D. 2026-Jan-05 00:00:00.0000,12.5,-1.714919924171564,4.5,2.201690884959467,-0.05868657464725321,-0.003990793269580934,0.03622643226695264,-0.002236331781030145,0.01612170247415787,2.791386252971457,0.03107220979098789,2.7913862529714573,0.0365141343255935
ATLAS (C/2025 N1),2461046.5,A.D. 2026-Jan-06 00:00:00.0000,12.5,-1.718899171450228,4.5,2.237902442756673,-0.06092250566986536,-0.00396781975127598,0.03619676737071361,-0.002235529702858907,0.01630142812148426,2.822504784159924,0.03116427322511168,2.822504784159924,0.03648214843893569
ATLAS (C/2025 N1),2461047.5,A.D. 2026-Jan-07 00:00:00.0000,12.5,-1.722855796034871,4.5,2.27408458641395,-0.06315763307554703,-0.003945543355392307,0.03616760261035451,-0.00223472469006821,0.01648167558984269,2.853713665859306,0.03125293572760776,2.8537136658593063,0.036450744647952026
ATLAS (C/2025 N1),2461048.5,A.D. 2026-Jan-08 00:00:00.0000,12.5,-1.726790481667555,4.5,2.31023781192214,-0.0653919543468848,-0.003923937517509568,0.03613892968203061,-0.002233917565741797,0.01666242566182408,2.885009570678366,0.03133834318751706,2.885009570678366,0.0364199109265056
ATLAS (C/2025 N1),2461049.5,A.D. 2026-Jan-09 00:00:00.0000,12.5,-1.730703886106004,4.5,2.346362606931997,-0.06762546775636137,-0.003902976824624163,0.03611074021436274,-0.002233109087373702,0.01684365994230388,2.916389313600022,0.03142063452387453,2.9163893136000225,0.03638963538040548
ATLAS (C/2025 N1),2461050.5,A.D. 2026-Jan-10 00:00:00.0000,12.5,-1.734596642249099,4.5,2.382459450700976,-0.06985817230306506,-0.003882636963631083,0.03608302579655634,-0.002232299951410905,0.01702536081920588,2.947849845187806,0.03149994203582013,2.9478498451878057,0.036359906263621934
ATLAS (C/2025 N1),2461051.5,A.D. 2026-Jan-11 00:00:00.0000,12.5,-1.738469359211851,4.5,2.418528814066581,-0.07209006765378023,-0.003862894671811702,0.03605577800343754,-0.002231490797476572,0.01720751142623974,2.979388245134074,0.03157639173609427,2.9793882451340736,0.03633071199216861
ATLAS (C/2025 N1),2461052.5,A.D. 2026-Jan-12 00:00:00.0000,12.5,-1.742322623351862,4.5,2.454571159443334,-0.07432115408814888,-0.003843727689312397,0.03602898841769659,-0.002230682212293558,0.01739009560751807,3.011001716133637,0.03165010366845001,3.011001716133636,0.03630204115589569
ATLAS (C/2025 N1),2461053.5,A.D. 2026-Jan-13 00:00:00.0000,12.5,-1.746156999249251,4.5,2.490586940840688,-0.07655143244761531,-0.003825114713587763,0.03600264864960476,-0.002229874733326684,0.01757309788396148,3.04268757806698,0.03172119220954535,3.0426875780669804,0.03627388252841597
ATLAS (C/2025 N1),2461054.5,A.D. 2026-Jan-14 00:00:00.0000,12.5,-1.749973030641988,4.5,2.526576603899515,-0.07878090408787758,-0.003807035355773235,0.03597675035444808,-0.00222906885216116,0.01775650342140394,3.074443262477878,0.03178976635589692,3.0744432624778777,0.0362462250753656
ATLAS (C/2025 N1),2461055.5,A.D. 2026-Jan-15 00:00:00.0000,12.5,-1.75377124131855,4.5,2.562540585944964,-0.08100957083459286,-0.00378947009894489,0.03595128524790089,-0.002228265017633344,0.01794029800031363,3.106266307330712,0.03185592999648941,3.1062663073307113,0.03621905796118311
ATLAS (C/2025 N1),2461056.5,A.D. 2026-Jan-16 00:00:00.0000,12.5,-1.75755213596976,4.5,2.598479316053758,-0.08323743494209798,-0.003772400258218656,0.03592624511954262,-0.002227463638728852,0.01812446798704828,3.138154352033502,0.0319197821716384,3.1381543520335025,0.03619237055457306
ATLAS (C/2025 N1),2461057.5,A.D. 2026-Jan-17 00:00:00.0000,12.5,-1.761316201001621,4.5,2.634393215134153,-0.08546449905491497,-0.003755807942637086,0.0359016218447042,-0.002226665087261947,0.01830900030656738,3.170105132713165,0.03198141731870361,3.1701051327131644,0.036166152432805854
ATLAS (C/2025 N1),2461058.5,A.D. 2026-Jan-18 00:00:00.0000,12.5,-1.765063905310916,4.5,2.67028269601698,-0.08769076617183313,-0.003739676018788832,0.03587740739481418,-0.002225869700348967,0.01849388241652694,3.202116477730149,0.03204092550524437,3.202116477730149,0.036140393384991025
ATLAS (C/2025 N1),2461059.5,A.D. 2026-Jan-19 00:00:00.0000,12.5,-1.768795701025258,4.5,2.706148163556351,-0.08991623961236705,-0.00372398807610401,0.03585359384640042,-0.002225077782687419,0.01867910228268587,3.234186303420209,0.0320983926501992,3.2341863034202083,0.03611508341444909
ATLAS (C/2025 N1),2461060.5,A.D. 2026-Jan-20 00:00:00.0000,12.5,-1.772512024209262,4.5,2.741990014738752,-0.09214092298539875,-0.003708728393767509,0.03583017338888961,-0.002224289608651341,0.01886464835555678,3.266312610051591,0.03215390073365997,3.266312610051591,0.03609021274029546
ATLAS (C/2025 N1),2461061.5,A.D. 2026-Jan-21 00:00:00.0000,12.5,-1.776213295538402,4.5,2.777808638799388,-0.09436482015983134,-0.00369388190919182,0.03580713833133516,-0.002223505424212251,0.0190505095482366,3.298493477986534,0.03220752799579637,3.2984934779865336,0.03606577179833988
ATLAS (C/2025 N1),2461062.5,A.D. 2026-Jan-22 00:00:00.0000,12.5,-1.77989992094211,4.5,2.813604417344777,-0.09658793523707516,-0.003679434187991307,0.03578448110819301,-0.002222725448694044,0.01923667521535606,3.330727064036489,0.03225934912547104,3.33072706403649,0.036041751241395775
ATLAS (C/2025 N1),2461063.5,A.D. 2026-Jan-23 00:00:00.0000,12.5,-1.783572292217563,4.5,2.849377724480679,-0.09881027252521228,-0.003665371395400254,0.03576219428425533,-0.002221949876368973,0.01942313513309014,3.363011598001026,0.03230943543906814,3.3630115980010253,0.03601814193908591
ATLAS (C/2025 N1),2461064.5,A.D. 2026-Jan-24 00:00:00.0000,12.5,-1.787230787615596,4.5,2.885128926944595,-0.1010318365146795,-0.003651680269078648,0.03574027055884299,-0.002221178877900615,0.01960987948017414,3.395345379380875,0.03235785505004071,3.395345379380876,0.03599493497722297
ATLAS (C/2025 N1),2461065.5,A.D. 2026-Jan-25 00:00:00.0000,12.5,-1.790875772400086,4.5,2.920858384242105,-0.1032526318553176,-0.003638348093250684,0.03571870276935063,-0.002220412601638573,0.01979689881987344,3.427726774256089,0.03240467302966418,3.4277267742560893,0.035972121656838545
ATLAS (C/2025 N1),2461066.5,A.D. 2026-Jan-26 00:00:00.0000,12.5,-1.794507599382125,4.5,2.956566448786491,-0.1054726633346445,-0.00362536267412325,0.03569748389423059,-0.002219651174768309,0.01998418408285745,3.460154212320754,0.03244995155946448,3.4601542123207545,0.035949693492927426
ATLAS (C/2025 N1),2461067.5,A.D. 2026-Jan-27 00:00:00.0000,12.5,-1.79812660943022,4.5,2.992253466041075,-0.1076919358572081,-0.003612712316533795,0.03567660705549667,-0.002218894704318072,0.02017172655093093,3.492626184066156,0.03249375007577185,3.492626184066156,0.03592764221297023
ATLAS (C/2025 N1),2461068.5,A.D. 2026-Jan-28 00:00:00.0000,12.5,-1.801733131957745,4.5,3.027919774663865,-0.1099104544248719,-0.00360038580177957,0.03565606552082345,-0.002218143278023317,0.02035951784157843,3.52514123810474,0.03253612540683326,3.5251412381047396,0.03590595975529342
ATLAS (C/2025 N1),2461069.5,A.D. 2026-Jan-29 00:00:00.0000,12.5,-1.805327485388794,4.5,3.063565706654121,-0.1121282241178946,-0.00358837236658269,0.03563585270531269,-0.00221739696504749,0.0205475498932803,3.557697978627643,0.03257713190289904,3.557697978627644,0.03588463826732267
ATLAS (C/2025 N1),2461070.5,A.D. 2026-Jan-30 00:00:00.0000,12.5,-1.808909977603537,4.5,3.099191587500553,-0.1143452500766569,-0.003576661683149583,0.03561596217299511,-0.002216655816555649,0.0207358149515605,3.590295062988963,0.03261682155968355,3.5902950629889627,0.03586367010378329
ATLAS (C/2025 N1),2461071.5,A.D. 2026-Jan-31 00:00:00.0000,12.5,-1.812480906364187,4.5,3.134797736330915,-0.1165615374838888,-0.003565243840285707,0.03559638763813375,-0.002215919866135935,0.02092430555572938,3.622931199410331,0.03265524413558378,3.6229311994103313,0.03584304782490061
ATLAS (C/2025 N1),2461072.5,A.D. 2026-Feb-01 00:00:00.0000,12.5,-1.816040559722571,4.5,3.170384466062832,-0.1187770915472348,-0.003554109325531848,0.03557712296639286,-0.002215189130060421,0.02111301452628634,3.65560514479975,0.03269244726302505,3.6556051447997495,0.03582276419465154
ATLAS (C/2025 N1),2461073.5,A.D. 2026-Feb-02 00:00:00.0000,12.5,-1.819589216410357,4.5,3.205952083555755,-0.1209919174819983,-0.00354324900829174,0.03555816217593647,-0.002214463607374738,0.02130193495294935,3.688315702678977,0.03272847655429086,3.688315702678977,0.03580281217912005
ATLAS (C/2025 N1),2461074.5,A.D. 2026-Feb-03 00:00:00.0000,12.5,-1.82312714621288,4.5,3.241500889764,-0.1232060204938842,-0.003532654123926913,0.03553949943852006,-0.00221374327980167,0.0214910601832807,3.721061721214129,0.03276337570218062,3.72106172121413,0.03578318494500919
ATLAS (C/2025 N1),2461075.5,A.D. 2026-Feb-04 00:00:00.0000,12.5,-1.826654610327547,4.5,3.277031179890908,-0.1254194057615403,-0.003522316258800255,0.03552112908064151,-0.002213028111440218,0.02168038381187996,3.753842091344501,0.03279718657583053,3.753842091344501,0.035763875858366205
ATLAS (C/2025 N1),2461076.5,A.D. 2026-Feb-05 00:00:00.0000,12.5,-1.830171861707745,4.5,3.312543243544217,-0.1276320784186934,-0.003512227336257722,0.03550304558481774,-0.002212318048236058,0.02186989967011708,3.786655745004913,0.03282994931202236,3.7866557450049125,0.03574487848357794
ATLAS (C/2025 N1),2461077.5,A.D. 2026-Feb-06 00:00:00.0000,12.5,-1.83367914539321,4.5,3.348037364892796,-0.1298440435356216,-0.003502379603545926,0.03548524359105769,-0.002211613017193441,0.02205960181638079,3.819501653437258,0.03286170240229919,3.8195016534372583,0.03572618658269946
ATLAS (C/2025 N1),2461078.5,A.D. 2026-Feb-07 00:00:00.0000,12.5,-1.837176698827778,4.5,3.383513822824977,-0.1320553060996982,-0.003492765619674154,0.03546771789860634,-0.002210912925291253,0.02224948452681852,3.852378825587186,0.03289248277620221,3.852378825587186,0.03570779411518328
ATLAS (C/2025 N1),2461079.5,A.D. 2026-Feb-08 00:00:00.0000,12.5,-1.840664752165478,4.5,3.418972891108816,-0.1342658709946846,-0.003483378244240649,0.03545046346803743,-0.002210217658056386,0.02243954228654677,3.885286306582224,0.0329223258809375,3.885286306582224,0.03568969523808083
ATLAS (C/2025 N1),2461080.5,A.D. 2026-Feb-09 00:00:00.0000,12.5,-1.844143528565953,4.5,3.454414838554635,-0.1364757429783998,-0.003474210627261527,0.03543347542377975,-0.002209527077737091,0.02262976978131205,3.918223176287899,0.03295126575778378,3.9182231762878996,0.03567188430679594
ATLAS (C/2025 N1),2461081.5,A.D. 2026-Feb-10 00:00:00.0000,12.5,-1.847613244480223,4.5,3.489839929180362,-0.1386849266583364,-0.003465256200054056,0.03541674905716434,-0.0022088410210047,0.02282016188958434,3.951188547938779,0.0329793351155479,3.9511885479387794,0.03565435587647373
ATLAS (C/2025 N1),2461082.5,A.D. 2026-Feb-11 00:00:00.0000,12.5,-1.851074109927901,4.5,3.525248422380201,-0.140893426464704,-0.003456508667246881,0.03540027983008838,-0.002208159296095114,0.02301071367506706,3.984181566841606,0.03300656540137886,3.9841815668416056,0.03563710470411768
ATLAS (C/2025 N1),2461083.5,A.D. 2026-Feb-12 00:00:00.0000,12.5,-1.854526328767012,4.5,3.56064057309733,-0.143101246620294,-0.003447962000025428,0.03538406337938952,-0.002207481679282753,0.0232014203796092,4.017201409148067,0.03303298686925329,4.017201409148067,0.03562012575152765
ATLAS (C/2025 N1),2461084.5,A.D. 2026-Feb-13 00:00:00.0000,12.5,-1.857970098957737,4.5,3.596016632001362,-0.1453083911064232,-0.003439610430728256,0.03536809552204113,-0.002206807910549508,0.02339227741650691,4.050247280695017,0.03305862864645034,4.050247280695017,0.03560341418916821
ATLAS (C/2025 N1),2461085.5,A.D. 2026-Feb-14 00:00:00.0000,12.5,-1.861405612821482,4.5,3.631376845671457,-0.147514863624081,-0.003431448448964825,0.03535237226126724,-0.002206137688284119,0.02358328036418415,4.083318415910291,0.03308351879833548,4.08331841591029,0.03558696540106768
ATLAS (C/2025 N1),2461086.5,A.D. 2026-Feb-15 00:00:00.0000,12.5,-1.86483305729692,4.5,3.666721456786057,-0.1497206675492057,-0.003423470799450609,0.03533688979369182,-0.002205470662802992,0.02377442496024326,4.116414076782609,0.03310768439178393,4.116414076782609,0.03557077499086429
ATLAS (C/2025 N1),2461087.5,A.D. 2026-Feb-16 00:00:00.0000,12.5,-1.868252614194822,4.5,3.702050704320334,-0.1519258058807846,-0.003415672481809193,0.03532164451763575,-0.002204806428433996,0.02396570709587873,4.149533551894357,0.03313115155758363,4.149533551894356,0.035554838789116736
ATLAS (C/2025 N1),2461088.5,A.D. 2026-Feb-17 00:00:00.0000,12.5,-1.871664460453795,4.5,3.737364823752562,-0.1541302811801896,-0.003408048752648774,0.0353066330426785,-0.002204144513839223,0.02415712281064942,4.182676155516405,0.03315394555217055,4.182676155516406,0.03553915286200102
ATLAS (C/2025 N1),2461089.5,A.D. 2026-Feb-18 00:00:00.0000,12.5,-1.875068768399399,4.5,3.772664047280715,-0.1563340954997899,-0.003400595130300225,0.03529185220060351,-0.002203484370169691,0.02434866828760611,4.215841226764485,0.03317609081906978,4.215841226764486,0.03552371352152033
ATLAS (C/2025 N1),2461090.5,A.D. 2026-Feb-19 00:00:00.0000,12.5,-1.878465706009528,4.5,3.807948604050777,-0.1585372502984244,-0.003393307402709503,0.03527729905783485,-0.002202825356539146,0.02454033984877417,4.249028128817026,0.03319761105043269,4.249028128817026,0.03550851733734613
ATLAS (C/2025 N1),2461091.5,A.D. 2026-Feb-20 00:00:00.0000,12.5,-1.881855437189519,4.5,3.843218720398244,-0.1607397463407474,-0.003386181639116326,0.03526297092944877,-0.002202166722170266,0.0247321339509927,4.28223624819474,0.03321852924907838,4.28223624819474,0.035493561150389964
ATLAS (C/2025 N1),2461092.5,A.D. 2026-Feb-21 00:00:00.0000,12.5,-1.885238122061158,4.5,3.878474620104453,-0.1629415835767225,-0.003379214206336251,0.03524886539477566,-0.002201507584397303,0.02492404718211462,4.31546499410267,0.03323886779144072,4.315464994102669,0.03547884208814426
ATLAS (C/2025 N1),2461093.5,A.D. 2026-Feb-22 00:00:00.0000,12.5,-1.888613917270713,4.5,3.913716524669262,-0.1651427609966303,-0.003372401790702841,0.03523498031448595,-0.002200846901498033,0.02511607625757365,4.348713797835799,0.03325864849178452,4.348713797835799,0.03546435758171832
ATLAS (C/2025 N1),2461094.5,A.D. 2026-Feb-23 00:00:00.0000,12.5,-1.891982976322272,4.5,3.948944653601432,-0.167343276455799,-0.003365741427024194,0.0352213138488262,-0.0022001834390678,0.02530821801732664,4.381982112249613,0.03327789266793874,4.381982112249613,0.03545010538428132
ATLAS (C/2025 N1),2461095.5,A.D. 2026-Feb-24 00:00:00.0000,12.5,-1.895345449944257,4.5,3.984159224727555,-0.169543126461827,-0.003359230536271847,0.03520786447630021,-0.002199515728333414,0.02550046942317987,4.415269411297178,0.03329662120856577,4.415269411297177,0.03543608359026897
ATLAS (C/2025 N1),2461096.5,A.D. 2026-Feb-25 00:00:00.0000,12.5,-1.898701486498861,4.5,4.019360454519364,-0.1717423059152822,-0.003352866974147873,0.03519463101149037,-0.002198842014434416,0.02569282755650763,4.448575189634114,0.03331485464156549,4.448575189634114,0.03542229065413095
ATLAS (C/2025 N1),2461097.5,A.D. 2026-Feb-26 00:00:00.0000,12.5,-1.902051232446563,4.5,4.054548558437568,-0.1739408077926937,-0.003346649093157528,0.03518161261978472,-0.002198160192282805,0.02588528961636661,4.481898962292125,0.03333261320249942,4.481898962292124,0.03540872540649076
ATLAS (C/2025 N1),2461098.5,A.D. 2026-Feb-27 00:00:00.0000,12.5,-1.905394832880763,4.5,4.089723751287394,-0.1761386227580304,-0.003340575821316382,0.03516880882535027,-0.0021974677271858,0.02607785291800042,4.515240264420051,0.03334991690074909,4.51524026442005,0.03539538706419273
ATLAS (C/2025 N1),2461099.5,A.D. 2026-Feb-28 00:00:00.0000,12.5,-1.908732432150904,4.5,4.124886247576456,-0.1783357386858752,-0.003334646761071258,0.03515621950655076,-0.002196761557053426,0.02627051489171033,4.548598651088346,0.0333667855792582,4.548598651088346,0.035382275228600706
ATLAS (C/2025 N1),2461100.5,A.D. 2026-Mar-01 00:00:00.0000,12.5,-1.912064174596221,4.5,4.160036261858148,-0.1805321400762117,-0.003328862312247188,0.03514384486981346,-0.002196037972881227,0.02646327308203627,4.581973697147283,0.03338323896078204,4.581973697147283,0.03536938986335147
ATLAS (C/2025 N1),2461101.5,A.D. 2026-Mar-02 00:00:00.0000,12.5,-1.91539020541594,4.5,4.195174009032712,-0.1827278073375854,-0.003323223822529751,0.03513168538829099,-0.002195292474610907,0.02665612514713973,4.615364997120088,0.03339929666907999,4.615364997120089,0.035356731238133016
ATLAS (C/2025 N1),2461102.5,A.D. 2026-Mar-03 00:00:00.0000,12.5,-1.918710671704716,4.5,4.230299704561225,-0.1849227159131298,-0.003317733767576143,0.03511974168501457,-0.002194519600989634,0.02684906885819449,4.648772165097472,0.03341497820674325,4.648772165097472,0.03534429981841192
ATLAS (C/2025 N1),2461103.5,A.D. 2026-Mar-04 00:00:00.0000,12.5,-1.922025723682599,4.5,4.265413564523188,-0.1871168352241547,-0.003312395959264526,0.03510801433112606,-0.002193712735677391,0.02704210209845955,4.682194834577085,0.0334303028615462,4.682194834577085,0.03533209607187462
ATLAS (C/2025 N1),2461104.5,A.D. 2026-Mar-05 00:00:00.0000,12.5,-1.925335516144054,4.5,4.300515805413282,-0.1893101274115193,-0.003307215773137113,0.03509650351801497,-0.00219286389919767,0.02723522286150801,4.715632658156878,0.0334452894995718,4.715632658156879,0.035320120150426
ATLAS (C/2025 N1),2461105.5,A.D. 2026-Mar-06 00:00:00.0000,12.5,-1.928640210135275,4.5,4.335606643524983,-0.1915025458707416,-0.003302200372055477,0.03508520854864274,-0.002191963549915394,0.02742842924779625,4.749085306941073,0.03345995618576098,4.749085306941073,0.035308371392675626
ATLAS (C/2025 N1),2461106.5,A.D. 2026-Mar-07 00:00:00.0000,12.5,-1.931939974834899,4.5,4.370686293707609,-0.1936940336106501,-0.003297358878743029,0.03507412708128523,-0.002191000440460242,0.0276217194583573,4.78255246944819,0.0334743195527512,4.782552469448191,0.03529684757906106
ATLAS (C/2025 N1),2461107.5,A.D. 2026-Mar-08 00:00:00.0000,12.5,-1.935234989547862,4.5,4.405754967214098,-0.1958845215288466,-0.003292702410997791,0.03506325405654825,-0.002189961612643536,0.02781509178389558,4.816033849722881,0.0334883938231037,4.816033849722881,0.035285543868081304
ATLAS (C/2025 N1),2461108.5,A.D. 2026-Mar-09 00:00:00.0000,12.5,-1.938525445609376,4.5,4.440812868296446,-0.1980739268049776,-0.003288243837640885,0.03505258026251202,-0.002188832665593755,0.02800854458700646,4.849529164257317,0.03350218939315672,4.8495291642573175,0.03527445136403401
ATLAS (C/2025 N1),2461109.5,A.D. 2026-Mar-10 00:00:00.0000,12.5,-1.941811547821027,4.5,4.475860189193922,-0.2002621517776487,-0.003283997046579037,0.03504209057155454,-0.002187598492229612,0.02820207627482811,4.883038137256022,0.03351571093742303,4.883038137256022,0.03526355534245202
ATLAS (C/2025 N1),2461110.5,A.D. 2026-Mar-11 00:00:00.0000,12.5,-1.945093514803293,4.5,4.510897103268786,-0.2024490838910208,-0.003279975464610439,0.03503176205284107,-0.0021862447228641,0.02839568525955024,4.916560493798166,0.03352895513453689,4.916560493798166,0.0352528333267494
ATLAS (C/2025 N1),2461111.5,A.D. 2026-Mar-12 00:00:00.0000,12.5,-1.94837157739073,4.5,4.545923756382022,-0.204634597529882,-0.003276189593271812,0.03502156245115812,-0.002184760083180897,0.02858936990551864,4.950095950679006,0.03354190839382745,4.950095950679006,0.03524225349481062
ATLAS (C/2025 N1),2461112.5,A.D. 2026-Mar-13 00:00:00.0000,12.5,-1.951645974041729,4.5,4.580940257271228,-0.2068185586874854,-0.003272643526900677,0.03501144988247216,-0.002183139673561043,0.02878312846499965,4.983644205287837,0.03355454537044771,4.983644205287838,0.03523177425792378
ATLAS (C/2025 N1),2461113.5,A.D. 2026-Mar-14 00:00:00.0000,12.5,-1.954916942413387,4.5,4.615946668686092,-0.2090008332135658,-0.003269330892449422,0.03500137483580087,-0.002181388724784871,0.02897695901042613,5.01720492387675,0.03356682944807159,5.01720492387675,0.03522134610785307
ATLAS (C/2025 N1),2461114.5,A.D. 2026-Mar-15 00:00:00.0000,12.5,-1.958184707030955,4.5,4.65094300205928,-0.2111812986278652,-0.003266231348102834,0.0349912853192641,-0.002179525736794853,0.0291708593780804,5.050777731809651,0.0335787163769914,5.050777731809651,0.03521091660196917
ATLAS (C/2025 N1),2461115.5,A.D. 2026-Mar-16 00:00:00.0000,12.5,-1.961449464434508,4.5,4.685929218860119,-0.2133598581077235,-0.003263309337869941,0.03498113490296512,-0.002177583412344298,0.02936482714313187,5.084362209240131,0.03359016143288118,5.08436220924013,0.03520043829914325
ATLAS (C/2025 N1),2461116.5,A.D. 2026-Mar-17 00:00:00.0000,12.5,-1.964711368866926,4.5,4.720905240687617,-0.2155364537094689,-0.00326051658740456,0.03497089168003006,-0.00217560604708738,0.02955885964344461,5.117957895233646,0.03360112875950753,5.117957895233646,0.03518987773473018
ATLAS (C/2025 N1),2461117.5,A.D. 2026-Mar-18 00:00:00.0000,12.5,-1.96797052246031,4.5,4.755870967429342,-0.217711075123554,-0.003257798461916614,0.03496054485909547,-0.002173643358409213,0.02975295405656463,5.151564301097431,0.033611599846994,5.151564301097431,0.035179222178906254
ATLAS (C/2025 N1),2461118.5,A.D. 2026-Mar-19 00:00:00.0000,12.5,-1.971226973023081,4.5,4.790826299569377,-0.2198837611616433,-0.003255102365237176,0.03495010614978038,-0.002171742547566365,0.02994710751492956,5.185180930328463,0.03362157783103747,5.185180930328463,0.03516848130047698
ATLAS (C/2025 N1),2461119.5,A.D. 2026-Mar-20 00:00:00.0000,12.5,-1.974480720019921,4.5,4.825771158948827,-0.2220545935853259,-0.003252385231070542,0.03493960544433453,-0.002169941381755695,0.03014131722953757,5.218807300026036,0.03363108609928966,5.218807300026035,0.03515768314177305
ATLAS (C/2025 N1),2461120.5,A.D. 2026-Mar-21 00:00:00.0000,12.5,-1.977731726544823,4.5,4.860705503170803,-0.2242236854847126,-0.003249617760012979,0.03492908293731301,-0.002168264439309867,0.03033558059140916,5.252442958459354,0.03364016238507481,5.252442958459353,0.03514686644790199
ATLAS (C/2025 N1),2461121.5,A.D. 2026-Mar-22 00:00:00.0000,12.5,-1.980979933591171,4.5,4.895629331698745,-0.2263911677383519,-0.003246784841343297,0.03491858090880301,-0.002166722951232174,0.03052989523262049,5.286087495635115,0.03364885118223813,5.2860874956351145,0.03513607253006509
ATLAS (C/2025 N1),2461122.5,A.D. 2026-Mar-23 00:00:00.0000,12.5,-1.984225273225829,4.5,4.930542684641021,-0.2285571767151398,-0.003243883193004094,0.03490813758430704,-0.002165317197190216,0.03072425904530265,5.319740546587136,0.03365719711948143,5.319740546587136,0.035125339092159834
ATLAS (C/2025 N1),2461123.5,A.D. 2026-Mar-24 00:00:00.0000,12.5,-1.987467678682391,4.5,4.965445636830694,-0.230721845007948,-0.003240917818247067,0.03489778387243694,-0.002164039929961469,0.03091867016868503,5.353401789132963,0.0336652406192708,5.353401789132963,0.035114696870832
ATLAS (C/2025 N1),2461124.5,A.D. 2026-Mar-25 00:00:00.0000,12.5,-1.990707090877723,4.5,5.000338289928831,-0.2328852955855709,-0.003237898557151886,0.03488754253847541,-0.002162879639662781,0.03111312695798746,5.387070938487744,0.03367301588366416,5.387070938487743,0.03510416869512801
ATLAS (C/2025 N1),2461125.5,A.D. 2026-Mar-26 00:00:00.0000,12.5,-1.993943461823409,4.5,5.035220764538895,-0.2350476388616788,-0.003234837383717915,0.03487742889509515,-0.002161823072892336,0.03130762794694657,5.420747740775845,0.03368055057666775,5.420747740775845,0.03509377007718046
ATLAS (C/2025 N1),2461126.5,A.D. 2026-Mar-27 00:00:00.0000,12.5,-1.997176755780228,4.5,5.070093193408914,-0.2372089718521596,-0.003231746588493747,0.0348674521688182,-0.00216085689976578,0.03150217181159516,5.454431966759453,0.03368786646218414,5.4544319667594525,0.035083510504200284
ATLAS (C/2025 N1),2461127.5,A.D. 2026-Mar-28 00:00:00.0000,12.5,-2.0004069489892,4.5,5.104955716093762,-0.239369378626467,-0.003228637716129223,0.03485761698605645,-0.002159968667859155,0.03169675733905745,5.488123406435635,0.03369498042746613,5.488123406435634,0.035073394875528616
ATLAS (C/2025 N1),2461128.5,A.D. 2026-Mar-29 00:00:00.0000,12.5,-2.003634028629107,4.5,5.139808475035898,-0.2415289314433197,-0.003225521044801007,0.03484792469495764,-0.002159147251612331,0.03189138340249218,5.521821864697873,0.03370190554828259,5.521821864697873,0.03506342479579024
ATLAS (C/2025 N1),2461129.5,A.D. 2026-Mar-30 00:00:00.0000,12.5,-2.006857991440392,4.5,5.17465161283895,-0.2436876921638368,-0.003222405410514707,0.03483837442294748,-0.002158382985297749,0.03208604894187782,5.555527158009135,0.03370865203037669,5.555527158009134,0.03505359961793394
ATLAS (C/2025 N1),2461130.5,A.D. 2026-Mar-31 00:00:00.0000,12.5,-2.010078842282088,4.5,5.209485270463677,-0.2458457136994212,-0.003219298228607877,0.03482896386852278,-0.00215766761841573,0.0322807529497283,5.589239111928608,0.03371522797231948,5.589239111928608,0.03504391722954417
ATLAS (C/2025 N1),2461131.5,A.D. 2026-Apr-01 00:00:00.0000,12.5,-2.01329659276619,4.5,5.24430958609882,-0.2480030413658641,-0.003216205614446343,0.03481968986734491,-0.002156994184477085,0.03247549446069595,5.622957559311528,0.0337216399518193,5.622957559311526,0.035034374618713345
ATLAS (C/2025 N1),2461132.5,A.D. 2026-Apr-02 00:00:00.0000,12.5,-2.016511260036282,4.5,5.279124694506154,-0.2501597140868154,-0.003213132543813809,0.03481054878285747,-0.002156356837638144,0.0326702725441101,5.656682339017262,0.03372789346106396,5.656682339017262,0.03502496826720966
ATLAS (C/2025 N1),2461133.5,A.D. 2026-Apr-03 00:00:00.0000,12.5,-2.019722865711708,4.5,5.313930726688006,-0.2523157654310299,-0.003210083019713415,0.0348015367676462,-0.002155750687123635,0.03286508629866942,5.690413294990328,0.03373399322242585,5.690413294990328,0.035015694415623355
ATLAS (C/2025 N1),2461134.5,A.D. 2026-Apr-04 00:00:00.0000,12.5,-2.022931434994247,4.5,5.348727809767518,-0.254471224489536,-0.003207060228713648,0.03479264993297131,-0.00215517164420002,0.03305993484868341,5.724150275609605,0.03373994341357346,5.724150275609605,0.03500654923703348
ATLAS (C/2025 N1),2461135.5,A.D. 2026-Apr-05 00:00:00.0000,12.5,-2.026136995922613,4.5,5.38351606700465,-0.2566261166087812,-0.003204066679595204,0.03478388445476194,-0.002154616287681134,0.03325481734141103,5.757893133227571,0.03374574782594963,5.757893133227571,0.034997528947007986
ATLAS (C/2025 N1),2461136.5,A.D. 2026-Apr-06 00:00:00.0000,12.5,-2.029339578755804,4.5,5.418295617895224,-0.2587804639991905,-0.003201104322350959,0.03477523663656908,-0.002154081749197684,0.03344973294516856,5.791641723842647,0.03375140997518743,5.791641723842646,0.03498862987020465
ATLAS (C/2025 N1),2461137.5,A.D. 2026-Apr-07 00:00:00.0000,12.5,-2.032539215465861,4.5,5.453066578317645,-0.2609342862384689,-0.003198174648283534,0.03476670294391681,-0.00215356561710797,0.03364468084797028,5.825395906863864,0.03375693317732795,5.825395906863864,0.034979848477926075
ATLAS (C/2025 N1),2461138.5,A.D. 2026-Apr-08 00:00:00.0000,12.5,-2.035735939322076,4.5,5.487829060703952,-0.2630876006872618,-0.003195278773146791,0.03475828002002513,-0.002153065856927599,0.03383966025653606,5.859155544939026,0.03376232060094706,5.859155544939026,0.03497118140659346
ATLAS (C/2025 N1),2461139.5,A.D. 2026-Apr-09 00:00:00.0000,12.5,-2.038929784550813,4.5,5.522583174220229,-0.2652404228325147,-0.003192417505668186,0.03474996468968974,-0.002152580745882122,0.03403467039554815,5.892920503826026,0.03376757530244626,5.892920503826026,0.03496262546395397
ATLAS (C/2025 N1),2461140.5,A.D. 2026-Apr-10 00:00:00.0000,12.5,-2.042120786057535,4.5,5.557329024946941,-0.2673927665714689,-0.003189591403765913,0.03474175395587578,-0.002152108819273007,0.03422971050707619,5.926690652293293,0.03377270024965991,5.926690652293294,0.034954177627625295
ATLAS (C/2025 N1),2461141.5,A.D. 2026-Apr-11 00:00:00.0000,12.5,-2.04530897919976,4.5,5.592066716053524,-0.2695446444470642,-0.003186800820562295,0.03473364499204882,-0.002151648826591897,0.03442477985011384,5.960465862039552,0.03377769833741148,5.960465862039552,0.03494583503905135
ATLAS (C/2025 N1),2461142.5,A.D. 2026-Apr-12 00:00:00.0000,12.5,-2.04849439960172,4.5,5.626796347964043,-0.2716960678435734,-0.003184045942014731,0.03472563513222125,-0.002151199695612162,0.0346198777001882,5.99424600762621,0.03378257239756547,5.99424600762621,0.03493759499489656
ATLAS (C/2025 N1),2461143.5,A.D. 2026-Apr-13 00:00:00.0000,12.5,-2.051677083003097,4.5,5.661518018512295,-0.2738470471496901,-0.003181326817698239,0.03471772185998757,-0.002150760502977111,0.03481500334901595,6.028030966417814,0.03378732520535332,6.0280309664178136,0.03492945493719636
ATLAS (C/2025 N1),2461144.5,A.D. 2026-Apr-14 00:00:00.0000,12.5,-2.05485706513566,4.5,5.6962318230858,-0.2759975918949414,-0.003178643386010573,0.03470990279734911,-0.002150330450065695,0.03501015610418833,6.061820618527499,0.03379195948320896,6.061820618527499,0.03492141244310333
ATLAS (C/2025 N1),2461145.5,A.D. 2026-Apr-15 00:00:00.0000,12.5,-2.058034381622769,4.5,5.730937854758727,-0.2781477108641716,-0.003175995494840097,0.03470217569381459,-0.002149908843142345,0.03520533528887316,6.095614846765415,0.03379647790296895,6.0956148467654145,0.03491346521474834
ATLAS (C/2025 N1),2461146.5,A.D. 2026-Apr-16 00:00:00.0000,12.5,-2.061209067897623,4.5,5.765636204414162,-0.2802974121939852,-0.003173382918543561,0.034694538416058,-0.002149495076985377,0.03540054024152638,6.129413536588748,0.03380088308702718,6.129413536588747,0.03490561106952595
ATLAS (C/2025 N1),2461147.5,A.D. 2026-Apr-17 00:00:00.0000,12.5,-2.064381159136945,4.5,5.800326960856407,-0.2824467034542752,-0.003170805371918928,0.03468698893827856,-0.002149088621344421,0.03559577031560813,6.163216576052599,0.03380517760884482,6.163216576052598,0.03489784793097192
ATLAS (C/2025 N1),2461148.5,A.D. 2026-Apr-18 00:00:00.0000,12.5,-2.067550690207365,4.5,5.835010210913989,-0.2845955917174045,-0.003168262521728853,0.03467952533332425,-0.002148689009701758,0.03579102487930072,6.197023855761121,0.03380936399308983,6.197023855761121,0.03489017382031342
ATLAS (C/2025 N1),2461149.5,A.D. 2026-Apr-19 00:00:00.0000,12.5,-2.070717695622302,4.5,5.869686039534203,-0.2867440836171151,-0.003165753996222284,0.03467214576458476,-0.002148295829915668,0.03598630331522677,6.230835268818737,0.03381344471558671,6.230835268818738,0.034882586848713544
ATLAS (C/2025 N1),2461150.5,A.D. 2026-Apr-20 00:00:00.0000,12.5,-2.073882209507509,4.5,5.904354529869904,-0.2888921853988837,-0.00316327939301729,0.03466484847862876,-0.002147908716404023,0.03618160502016669,6.264650710781212,0.03381742220319679,6.264650710781212,0.034875085210198165
ATLAS (C/2025 N1),2461151.5,A.D. 2026-Apr-21 00:00:00.0000,12.5,-2.077044265573817,4.5,5.939015763359301,-0.2910399029631076,-0.003160838285638087,0.03465763179854178,-0.002147527343592987,0.0363769294047756,6.298470079606643,0.03382129883370451,6.298470079606642,0.03486766717523169
ATLAS (C/2025 N1),2461152.5,A.D. 2026-Apr-22 00:00:00.0000,12.5,-2.080203897095837,4.5,5.973669819799417,-0.2931872419022808,-0.003158430228944235,0.03465049411791177,-0.002147151420407503,0.03657227589329967,6.332293275606347,0.03382507693575641,6.332293275606348,0.034860331084897986
ATLAS (C/2025 N1),2461153.5,A.D. 2026-Apr-23 00:00:00.0000,12.5,-2.083361136895619,4.5,6.008316777413832,-0.2953342075331027,-0.003156054763645139,0.03464343389540629,-0.002146780685622534,0.03676764392329238,6.366120201395725,0.03382875878887886,6.3661202013957245,0.034853075345637356
ATLAS (C/2025 N1),2461154.5,A.D. 2026-Apr-24 00:00:00.0000,12.5,-2.086516017330444,4.5,6.042956712915272,-0.297480804924306,-0.003153711420056996,0.03463644964988561,-0.002146414903927808,0.03696303294533098,6.399950761845177,0.03383234662358719,6.399950761845177,0.034845898424489825
ATLAS (C/2025 N1),2461155.5,A.D. 2026-Apr-25 00:00:00.0000,12.5,-2.089668570284038,4.5,6.077589701563571,-0.2996270389208573,-0.003151399721230489,0.03462953995599806,-0.002146053862585792,0.03715844242273408,6.433784864031202,0.03383584262158983,6.433784864031202,0.03483879884479597
ATLAS (C/2025 N1),2461156.5,A.D. 2026-Apr-26 00:00:00.0000,12.5,-2.092818827160649,4.5,6.112215817219431,-0.3017729141650654,-0.003149119185553953,0.03462270344020806,-0.002145697368584637,0.03735387183128053,6.467622417187721,0.03383924891608576,6.467622417187721,0.03483177518230976
ATLAS (C/2025 N1),2461157.5,A.D. 2026-Apr-27 00:00:00.0000,12.5,-2.095966818881501,4.5,6.146835132394419,-0.3039184351150649,-0.003146869328917977,0.03461593877721122,-0.002145345246205351,0.03754932065893035,6.501463332657759,0.03384256759214961,6.50146333265776,0.034824826061681
ATLAS (C/2025 N1),2461158.5,A.D. 2026-Apr-28 00:00:00.0000,12.5,-2.099112575883219,4.5,6.181447718297547,-0.3060636060610319,-0.003144649666511899,0.03460924468669536,-0.002144997334936706,0.03774478840554803,6.53530752384554,0.03384580068719755,6.535307523845539,0.03481795015326907
ATLAS (C/2025 N1),2461159.5,A.D. 2026-Apr-29 00:00:00.0000,12.5,-2.102256128117903,4.5,6.216053644878784,-0.3082084311394788,-0.003142459714310291,0.03460261993041083,-0.002144653487683074,0.0379402745826289,6.569154906169099,0.03384895019152571,6.569154906169099,0.03481114617025356
ATLAS (C/2025 N1),2461160.5,A.D. 2026-Apr-30 00:00:00.0000,12.5,-2.105397505054536,4.5,6.250652980869756,-0.3103529143458782,-0.003140298990297379,0.03459606330951796,-0.002144313569219652,0.03813577871302862,6.603005397013454,0.03385201804891359,6.603005397013455,0.03480441286601136
ATLAS (C/2025 N1),2461161.5,A.D. 2026-May-01 00:00:00.0000,12.5,-2.108536735681517,4.5,6.285245793821952,-0.3124970595458481,-0.003138167015469189,0.03458957366218311,-0.002143977454857182,0.03833130033069645,6.636858915684424,0.03385500615728489,6.636858915684422,0.03479774903173345
ATLAS (C/2025 N1),2461162.5,A.D. 2026-May-02 00:00:00.0000,12.5,-2.111673848510093,4.5,6.319832150142609,-0.3146408704850961,-0.003136063314646708,0.03458314986139938,-0.002143645029284626,0.03852683898041238,6.670715383363106,0.0338579163694195,6.670715383363107,0.034791153494258535
ATLAS (C/2025 N1),2461163.5,A.D. 2026-May-03 00:00:00.0000,12.5,-2.114808871578523,4.5,6.354412115128537,-0.3167843507982839,-0.003133987417128166,0.03457679081301088,-0.002143316185563191,0.03872239421752868,6.70457472306113,0.03386075049371162,6.704574723061131,0.034784625114103615
ATLAS (C/2025 N1),2461164.5,A.D. 2026-May-04 00:00:00.0000,12.5,-2.117941832456821,4.5,6.38898575299807,-0.3189275040169505,-0.003131938857204742,0.0345704954539234,-0.002142990824249346,0.03891796560771573,6.73843685957666,0.03386351029497024,6.73843685957666,0.0347781627836754
ATLAS (C/2025 N1),2461165.5,A.D. 2026-May-05 00:00:00.0000,12.5,-2.121072758251962,4.5,6.423553126921291,-0.3210703335766135,-0.003129917174561238,0.03456426275048676,-0.002142668852627759,0.03911355272671277,6.772301719451214,0.03386619749525983,6.772301719451216,0.03477176542564846
ATLAS (C/2025 N1),2461166.5,A.D. 2026-May-06 00:00:00.0000,12.5,-2.124201675613432,4.5,6.458114299048743,-0.3232128428231563,-0.003127921914581508,0.03455809169703691,-0.00214235018403797,0.03930915516008351,6.806169230927378,0.03386881377478035,6.806169230927378,0.03476543199149952
ATLAS (C/2025 N1),2461167.5,A.D. 2026-May-07 00:00:00.0000,12.5,-2.127328610739049,4.5,6.492669330538749,-0.3253550350185792,-0.00312595262857786,0.03455198131458714,-0.002142034737280653,0.039504772502977,6.840039323907382,0.03387136077278677,6.840039323907382,0.03475916146018785
ATLAS (C/2025 N1),2461168.5,A.D. 2026-May-08 00:00:00.0000,12.5,-2.130453589380982,4.5,6.527218281583487,-0.3274969133461904,-0.003124008873963111,0.03454593064965925,-0.002141722436091559,0.03970040435989388,6.873911929912637,0.03387384008854874,6.873911929912637,0.03475295283697379
ATLAS (C/2025 N1),2461169.5,A.D. 2026-May-09 00:00:00.0000,12.5,-2.133576636851918,4.5,6.561761211433978,-0.3296384809153068,-0.003122090214385946,0.03453993877324412,-0.002141413208672301,0.03989605034445839,6.907786982044248,0.03387625328235047,6.907786982044249,0.03474680515236607
ATLAS (C/2025 N1),2461170.5,A.D. 2026-May-10 00:00:00.0000,12.5,-2.136697778031362,4.5,6.596298178424074,-0.3317797407654996,-0.003120196219848223,0.03453400477988088,-0.002141106987269297,0.04009171007919606,6.94166441494454,0.03387860187652911,6.94166441494454,0.03474071746118845
ATLAS (C/2025 N1),2461171.5,A.D. 2026-May-11 00:00:00.0000,12.5,-2.139817037372045,4.5,6.630829239993602,-0.3339206958704509,-0.003118326466825121,0.03452812778683828,-0.002140803707793108,0.04028738319531773,6.975544164759651,0.03388088735654575,6.975544164759651,0.03473468884175065
ATLAS (C/2025 N1),2461172.5,A.D. 2026-May-12 00:00:00.0000,12.5,-2.142934438906472,4.5,6.665354452710711,-0.3360613491414383,-0.003116480538408427,0.0345223069333842,-0.002140503309471607,0.04048306933250968,7.009426169103192,0.03388311117208398,7.009426169103193,0.03472871839511104
ATLAS (C/2025 N1),2461173.5,A.D. 2026-May-13 00:00:00.0000,12.5,-2.146050006253614,4.5,6.699873872293532,-0.3382017034304919,-0.003114658024482537,0.03451654138010637,-0.00214020573453363,0.0406787681387302,7.043310367021032,0.03388527473814645,7.043310367021032,0.03472280524439521
ATLAS (C/2025 N1),2461174.5,A.D. 2026-May-14 00:00:00.0000,12.5,-2.14916376262582,4.5,6.734387553631181,-0.3403417615332527,-0.003112858521948064,0.03451083030827055,-0.002139910927918778,0.04087447927001245,7.077196698957158,0.03388737943614284,7.077196698957158,0.03471694853415743
ATLAS (C/2025 N1),2461175.5,A.D. 2026-May-15 00:00:00.0000,12.5,-2.152275730835953,4.5,6.768895550804105,-0.3424815261915417,-0.00311108163498704,0.03450517291917657,-0.002139618837013124,0.04107020239027343,7.1110851067206,0.03388942661493163,7.1110851067206005,0.03471114742974555
ATLAS (C/2025 N1),2461176.5,A.D. 2026-May-16 00:00:00.0000,12.5,-2.15538593330482,4.5,6.803397917103791,-0.3446210000956909,-0.003109326975362685,0.03449956843347581,-0.002139329411410922,0.04126593717112882,7.144975533453382,0.03389141759178082,7.144975533453382,0.034705401116632076
ATLAS (C/2025 N1),2461177.5,A.D. 2026-May-17 00:00:00.0000,12.5,-2.158494392068913,4.5,6.837894705051748,-0.3467601858866416,-0.003107594162714847,0.03449401609044173,-0.002139042602703809,0.04146168329171315,7.178867923599363,0.03389335365322976,7.178867923599362,0.034699708799699955
ATLAS (C/2025 N1),2461178.5,A.D. 2026-May-18 00:00:00.0000,12.5,-2.161601128788414,4.5,6.872385966417738,-0.3488990861578472,-0.003105882824838568,0.03448851514716327,-0.002138758364298587,0.04165744043850435,7.212762222873883,0.03389523605582153,7.212762222873883,0.03469406970245195
ATLAS (C/2025 N1),2461179.5,A.D. 2026-May-19 00:00:00.0000,12.5,-2.164706164755472,4.5,6.906871752237159,-0.3510377034570114,-0.003104192597892045,0.03448306487767541,-0.002138476651264975,0.04185320830515248,7.246658378234089,0.03389706602670547,7.246658378234089,0.03468848306615302
ATLAS (C/2025 N1),2461180.5,A.D. 2026-May-20 00:00:00.0000,12.5,-2.167809520902624,4.5,6.94135211282754,-0.3531760402876877,-0.003102523126505157,0.03447766457204554,-0.00213819742021262,0.04204898659231124,7.280556337849788,0.03389884476412139,7.280556337849788,0.034682948148921644
ATLAS (C/2025 N1),2461181.5,A.D. 2026-May-21 00:00:00.0000,12.5,-2.170911217811272,4.5,6.975827097804102,-0.3553140991107665,-0.003100874063766908,0.03447231353544531,-0.002137920629195114,0.04224477500747236,7.314456051074729,0.03390057343778954,7.314456051074729,0.03467746422479773
ATLAS (C/2025 N1),2461182.5,A.D. 2026-May-22 00:00:00.0000,12.5,-2.174011275720087,4.5,7.010296756094418,-0.3574518823458834,-0.003099245071083418,0.03446701108725134,-0.002137646237636801,0.04244057326480168,7.348357468418272,0.03390225318924784,7.348357468418273,0.034672030582828924
ATLAS (C/2025 N1),2461183.5,A.D. 2026-May-23 00:00:00.0000,12.5,-2.177109714533193,4.5,7.044761135952185,-0.3595893923727595,-0.003097635817917478,0.03446175656021441,-0.002137374206276746,0.04263638108497748,7.382260541517356,0.03390388513217957,7.382260541517356,0.034666646526215705
ATLAS (C/2025 N1),2461184.5,A.D. 2026-May-24 00:00:00.0000,12.5,-2.180206553828068,4.5,7.07922028497023,-0.3617266315324925,-0.003096045981435473,0.03445654929972878,-0.002137104497123798,0.04283219819503052,7.41616522310882,0.03390547035277174,7.41616522310882,0.03466131137154838
ATLAS (C/2025 N1),2461185.5,A.D. 2026-May-25 00:00:00.0000,12.5,-2.183301812863036,4.5,7.11367425009284,-0.3638636021288091,-0.003094475246096535,0.03445138866321975,-0.002136837073416951,0.04302802432818644,7.450071467002118,0.03390700991013367,7.450071467002119,0.03465602444815706
ATLAS (C/2025 N1),2461186.5,A.D. 2026-May-26 00:00:00.0000,12.5,-2.186395510584345,4.5,7.148123077627528,-0.3660003064292727,-0.003092923303220998,0.03444627401965257,-0.002136571899586494,0.04322385922371075,7.483979228052477,0.03390850483679103,7.483979228052477,0.034650785097580426
ATLAS (C/2025 N1),2461187.5,A.D. 2026-May-27 00:00:00.0000,12.5,-2.189487665632819,4.5,7.182566813256378,-0.368136746666455,-0.003091389850571118,0.03444120474915272,-0.00213630894121289,0.04341970262675697,7.517888462134584,0.03390995613925737,7.517888462134584,0.034645592673146465
ATLAS (C/2025 N1),2461188.5,A.D. 2026-May-28 00:00:00.0000,12.5,-2.192578296350106,4.5,7.217005502047069,-0.3702729250390677,-0.003089874591968601,0.03443618024271822,-0.00213604816498201,0.04361555428821812,7.551799126116913,0.03391136479867268,7.551799126116914,0.034640446539647735
ATLAS (C/2025 N1),2461189.5,A.D. 2026-May-29 00:00:00.0000,12.5,-2.195667420784562,4.5,7.251439188463606,-0.3724088437130365,-0.003088377236963855,0.03443119990200103,-0.002135789538636533,0.04381141396458217,7.585711177836664,0.03391273177149243,7.585711177836666,0.034635346073089865
ATLAS (C/2025 N1),2461190.5,A.D. 2026-May-30 00:00:00.0000,12.5,-2.198755056696843,4.5,7.285867916376906,-0.3745445048225408,-0.003086897500562219,0.03442626313913364,-0.002135533030924487,0.04400728141779163,7.619624576075455,0.03391405799020688,7.619624576075455,0.03463029066048996
ATLAS (C/2025 N1),2461191.5,A.D. 2026-May-31 00:00:00.0000,12.5,-2.201841221565245,4.5,7.320291729075199,-0.3766799104709865,-0.003085435103005493,0.03442136937658122,-0.002135278611546082,0.04420315641510712,7.653539280535714,0.03391534436407187,7.653539280535713,0.03462527969970536
ATLAS (C/2025 N1),2461192.5,A.D. 2026-Jun-01 00:00:00.0000,12.5,-2.20492593259085,4.5,7.354710669274281,-0.3788150627319338,-0.003083989769602014,0.03441651804700285,-0.002135026251100398,0.04439903872897534,7.687455251817807,0.03391659177983431,7.6874552518178065,0.03462031259927575
ATLAS (C/2025 N1),2461193.5,A.D. 2026-Jun-02 00:00:00.0000,12.5,-2.208009206702528,4.5,7.389124779127658,-0.3809499636499716,-0.003082561230596299,0.03441170859311166,-0.002134775921033113,0.04459492813690117,7.721372451397899,0.03391780110244095,7.721372451397899,0.03461538877826787
ATLAS (C/2025 N1),2461194.5,A.D. 2026-Jun-03 00:00:00.0000,12.5,-2.211091060561816,4.5,7.423534100236499,-0.3830846152415325,-0.003081149221068602,0.03440694046752685,-0.002134527593586432,0.04479082442132363,7.755290841606474,0.03391897317572116,7.755290841606475,0.03461050766611507
ATLAS (C/2025 N1),2461195.5,A.D. 2026-Jun-04 00:00:00.0000,12.5,-2.214171510567718,4.5,7.457938673659493,-0.3852190194956734,-0.003079753480855546,0.0344022131326152,-0.002134281241751826,0.04498672736949595,7.789210385607571,0.03392010882304038,7.789210385607571,0.034605668702448404
ATLAS (C/2025 N1),2461196.5,A.D. 2026-Jun-05 00:00:00.0000,12.5,-2.217250572861423,4.5,7.492338539922498,-0.3873531783747987,-0.00307837375448425,0.03439752606032113,-0.002134036839226033,0.04518263677336914,7.823131047378623,0.03392120884792126,7.823131047378624,0.03460087133691784
ATLAS (C/2025 N1),2461197.5,A.D. 2026-Jun-06 00:00:00.0000,12.5,-2.22032826333097,4.5,7.526733739028021,-0.3894870938153431,-0.003077009791114086,0.03439287873198684,-0.002133794360370536,0.04537855242947901,7.857052791690902,0.03392227403463359,7.857052791690901,0.03459611502900454
ATLAS (C/2025 N1),2461198.5,A.D. 2026-Jun-07 00:00:00.0000,12.5,-2.223404597615847,4.5,7.561124310464542,-0.39162076772842,-0.003075661344481706,0.03438827063816431,-0.002133553780174456,0.04557447413883679,7.890975584090561,0.03392330514875382,7.890975584090561,0.0345913992478256
ATLAS (C/2025 N1),2461199.5,A.D. 2026-Jun-08 00:00:00.0000,12.5,-2.226479591111548,4.5,7.595510293215612,-0.3937542020004327,-0.003074328172846356,0.03438370127842166,-0.002133315074220704,0.04577040170682254,7.924899390880212,0.03392430293769685,7.924899390880212,0.034586723471933416
ATLAS (C/2025 N1),2461200.5,A.D. 2026-Jun-09 00:00:00.0000,12.5,-2.229553258974065,4.5,7.629891725768778,-0.3958873984936514,-0.003073010038933639,0.03437917016114607,-0.002133078218655266,0.04596633494308185,7.958824179101006,0.03392526813122228,7.958824179101006,0.03458208718911172
ATLAS (C/2025 N1),2461201.5,A.D. 2026-Jun-10 00:00:00.0000,12.5,-2.23262561612432,4.5,7.664268646124301,-0.3980203590467606,-0.003071706709876666,0.03437467680334536,-0.002132843190159196,0.04616227366142523,7.992749916515232,0.03392620144191753,7.992749916515231,0.03457748989617031
ATLAS (C/2025 N1),2461202.5,A.D. 2026-Jun-11 00:00:00.0000,12.5,-2.235696677252549,4.5,7.698641091803679,-0.4001530854753844,-0.003070417957154164,0.03437022073045019,-0.002132609965923203,0.04635821767973027,8.026676571589372,0.03392710356566038,8.02667657158937,0.034572931098740205
ATLAS (C/2025 N1),2461203.5,A.D. 2026-Jun-12 00:00:00.0000,12.5,-2.238766456822613,4.5,7.733009099857966,-0.4022855795725806,-0.003069143556525666,0.03436580147611826,-0.002132378523624452,0.0465541668198464,8.060604113477615,0.03392797518206284,8.060604113477615,0.03456841031107085
ATLAS (C/2025 N1),2461204.5,A.D. 2026-Jun-13 00:00:00.0000,12.5,-2.241834969076243,4.5,7.767372706875913,-0.4044178431093213,-0.003067883287963642,0.03436141858204116,-0.002132148841405386,0.04675012090750232,8.094532512005813,0.03392881695489801,8.094532512005813,0.0345639270558297
ATLAS (C/2025 N1),2461205.5,A.D. 2026-Jun-14 00:00:00.0000,12.5,-2.244902228037222,4.5,7.801731948991895,-0.4065498778349424,-0.003066636935583475,0.03435707159775576,-0.002131920897854296,0.0469460797722155,8.128461737655837,0.03392962953251211,8.128461737655837,0.03455948086390633
ATLAS (C/2025 N1),2461206.5,A.D. 2026-Jun-15 00:00:00.0000,12.5,-2.247968247515488,4.5,7.836086861893673,-0.4086816854775865,-0.003065404287571478,0.03435276008045961,-0.002131694671987421,0.04714204324720444,8.162391761550365,0.03393041354822209,8.162391761550365,0.03455507127422052
ATLAS (C/2025 N1),2461207.5,A.D. 2026-Jun-16 00:00:00.0000,12.5,-2.251033041111172,4.5,7.870437480829955,-0.4108132677446175,-0.003064185136110999,0.03434848359483125,-0.002131470143232523,0.04733801116930286,8.19632255543803,0.03393116962070056,8.19632255543803,0.0345506978335351
ATLAS (C/2025 N1),2461208.5,A.D. 2026-Jun-17 00:00:00.0000,12.5,-2.254096622218554,4.5,7.904783840617806,-0.4129446263230265,-0.003062979277308069,0.03434424171285577,-0.002131247291413544,0.04753398337887627,8.230254091678976,0.03393189835434883,8.230254091678978,0.034546360096274084
ATLAS (C/2025 N1),2461209.5,A.D. 2026-Jun-18 00:00:00.0000,12.5,-2.25715900402995,4.5,7.939125975649848,-0.4150757628798216,-0.003061786511116157,0.03434003401365542,-0.002131026096736441,0.04772995971974055,8.264186343230765,0.03393260033965857,8.264186343230765,0.034542057624345944
ATLAS (C/2025 N1),2461210.5,A.D. 2026-Jun-19 00:00:00.0000,12.5,-2.260220199539523,4.5,7.973463919901331,-0.4172066790624004,-0.003060606641260484,0.03433586008332531,-0.002130806539775937,0.04792594003908269,8.29811928363464,0.03393327615356302,8.29811928363464,0.03453778998697183
ATLAS (C/2025 N1),2461211.5,A.D. 2026-Jun-20 00:00:00.0000,12.5,-2.263280221547017,4.5,8.00779770693702,-0.4193373764989178,-0.003059439475162764,0.03433171951477428,-0.002130588601463143,0.04812192418738338,8.33205288700214,0.03393392635977803,8.332052887002138,0.03453355676051921
ATLAS (C/2025 N1),2461212.5,A.D. 2026-Jun-21 00:00:00.0000,12.5,-2.26633908266141,4.5,8.042127369917925,-0.4214678567986315,-0.00305828482386619,0.03432761190757078,-0.00213037226307394,0.04831791201834178,8.36598712800205,0.03393455150913365,8.36598712800205,0.03452935752834044
ATLAS (C/2025 N1),2461213.5,A.D. 2026-Jun-22 00:00:00.0000,12.5,-2.269396795304508,4.5,8.076452941607897,-0.4235981215522406,-0.003057142501960936,0.03432353686779341,-0.002130157506218059,0.04851390338880184,8.399921981847678,0.03393515213989638,8.399921981847678,0.0345251918806162
ATLAS (C/2025 N1),2461214.5,A.D. 2026-Jun-23 00:00:00.0000,12.5,-2.272453371714446,4.5,8.110774454380064,-0.425728172332219,-0.003056012327510513,0.03431949400788633,-0.002129944312828788,0.04870989815868083,8.433857424284447,0.03393572877808271,8.433857424284447,0.03452105941420387
ATLAS (C/2025 N1),2461215.5,A.D. 2026-Jun-24 00:00:00.0000,12.5,-2.275508823949131,4.5,8.145091940223116,-0.4278580106931321,-0.003054894121979145,0.034315482946519,-0.00212973266515324,0.04890589619089938,8.467793431577803,0.03393628193776398,8.467793431577803,0.034516959732490346
ATLAS (C/2025 N1),2461216.5,A.D. 2026-Jun-25 00:00:00.0000,12.5,-2.278563163889605,4.5,8.179405430747469,-0.4299876381719439,-0.003053787710160128,0.03431150330845024,-0.002129522545743162,0.04910189735131337,8.501729980501409,0.03393681212136298,8.501729980501409,0.034512892445249285
ATLAS (C/2025 N1),2461217.5,A.D. 2026-Jun-26 00:00:00.0000,12.5,-2.281616403243338,4.5,8.21371495719129,-0.4321170562883197,-0.003052692920105435,0.03430755472439643,-0.002129313937446188,0.04929790150864748,8.535667048325646,0.03393731981994272,8.535667048325646,0.0345088571685027
ATLAS (C/2025 N1),2461218.5,A.D. 2026-Jun-27 00:00:00.0000,12.5,-2.28466855354745,4.5,8.248020550426386,-0.4342462665449159,-0.003051609583056554,0.03430363683090368,-0.002129106823397565,0.0494939085344304,8.569604612806403,0.03393780551348716,8.569604612806403,0.034504853524386564
ATLAS (C/2025 N1),2461219.5,A.D. 2026-Jun-28 00:00:00.0000,12.5,-2.287719626171874,4.5,8.282322240963973,-0.4363752704276657,-0.003050537533376672,0.03429974927022357,-0.002128901187012263,0.04968991830293168,8.603542652174118,0.03393826967117443,8.60354265217412,0.03450088114102022
ATLAS (C/2025 N1),2461220.5,A.D. 2026-Jun-29 00:00:00.0000,12.5,-2.290769632322433,4.5,8.316620058960321,-0.4385040694060536,-0.003049476608484188,0.03429589169019261,-0.002128697011977452,0.04988593069110003,8.637481145123125,0.03393871275164278,8.637481145123125,0.03449693965237955
ATLAS (C/2025 N1),2461221.5,A.D. 2026-Jun-30 00:00:00.0000,12.5,-2.293818583043875,4.5,8.350914034222283,-0.4406326649333862,-0.003048426648787642,0.03429206374411507,-0.002128494282245378,0.05008194557850319,8.67142007080123,0.03393913520324926,8.67142007080123,0.0344930286981738
ATLAS (C/2025 N1),2461222.5,A.D. 2026-Jul-01 00:00:00.0000,12.5,-2.29686648922282,4.5,8.385204196212698,-0.4427610584470472,-0.003047387497622038,0.03428826509064891,-0.002128292982026505,0.05027796284726935,8.705359408799556,0.03393953746432133,8.705359408799556,0.034489147923725504
